Unnamed: 0,rpm_value,blade_60,blade_45,blade_30,blade_15,orientation_heading,orientation_roll,orientation_pitch,temperature_value,magnetometer_mx,magnetometer_my,magnetometer_mz,gyroscope_gx,gyroscope_gy,gyroscope_gz,accelerometer_ax,accelerometer_ay,accelerometer_az,linear_acceleration_lx,linear_acceleration_ly,linear_acceleration_lz,gravity_grx,gravity_gry,gravity_grz,voltage_value,current_value,power_value,servo_value,speed_value,direction_value,pressure_value,humidity_value,altitude_value,alignment_0,alignment_1,alignment_2,fan_mode_no_fan,fan_mode_low_fan,fan_mode_high_fan
2024-11-27 23:02:28.044000+00:00,50.70781489,0,0,0,1,315,-2,1,22,-127,-13,15.688,-0.006,-0.016,0.02,-0.31,0.01,9.42,0.62,0,-0.37,-0.24,-0.21,9.8,1.645,0,0,45,5.9,1,1016.33,44.3,-11.18,0,1,0,0,0,1
2024-11-27 23:02:29.044000+00:00,50.70781489,0,0,0,1,315,-2,1,22,-127,-13,15.688,-0.006,-0.016,0.02,-0.31,0.01,9.42,-0.33,0.6,-0.33,-0.24,-0.21,9.8,1.645,0,0,45,5.9,1,1016.33,44.3,-11.18,0,1,0,0,0,1
2024-11-27 23:02:30.055000+00:00,50.70781489,0,0,0,1,315,-2,1,22,-127,-13,15.688,-0.006,-0.016,0.02,-0.31,0.01,9.42,-0.26,0.2,-0.33,-0.24,-0.21,9.8,1.645,0,0,45,5.9,1,1016.33,44.3,-11.18,0,1,0,0,0,1
2024-11-27 23:02:31.064000+00:00,50.70781489,0,0,0,1,315,-2,1,22,-127,-13,15.688,-0.006,-0.016,0.02,-0.31,0.01,9.42,0.98,-0.27,-0.36,-0.24,-0.21,9.8,1.645,0,0,45,5.9,1,1016.33,44.3,-11.18,0,1,0,0,0,1
2024-11-27 23:02:32.114000+00:00,50.70781489,0,0,0,1,315,-2,1,22,-127,-13,15.688,-0.006,-0.016,0.02,-0.31,0.01,9.42,0,-0.21,-0.39,-0.24,-0.21,9.8,1.645,0,0,45,5.9,1,1016.33,44.3,-11.18,0,1,0,0,0,1
2024-11-27 23:02:33.113000+00:00,50.70781489,0,0,0,1,315,-2,1,21.04,-127,-13,15.688,-0.006,-0.016,0.02,-0.31,0.01,9.42,-0.34,0.13,-0.38,-0.24,-0.21,9.8,1.645,0,0,45,5.9,1,1016.37,44.3,-11.44,0,1,0,0,0,1
2024-11-27 23:02:34.114000+00:00,50.70781489,0,0,0,1,315,-2,1,21.04,-127,-13,15.688,-0.006,-0.016,0.02,-0.31,0.01,9.42,-0.55,0.17,-0.39,-0.24,-0.21,9.8,1.645,0,0,45,5.9,1,1016.37,44.3,-11.44,0,1,0,0,0,1
2024-11-27 23:02:35.114000+00:00,50.70781489,0,0,0,1,315,-2,1,22,-127,-13,15.688,-0.006,-0.016,0.02,-0.31,0.01,9.42,-0.4,0.34,-0.35,-0.24,-0.21,9.8,1.645,0,0,45,5.9,1,1016.37,44.3,-11.44,0,1,0,0,0,1
2024-11-27 23:02:36.124000+00:00,50.70781489,0,0,0,1,315,-2,1,22,-127,-13,15.688,-0.006,-0.016,0.02,-0.31,0.01,9.42,0.2,0.06,-0.37,-0.24,-0.21,9.8,1.645,0,0,45,5.9,1,1016.37,44.3,-11.44,0,1,0,0,0,1
2024-11-27 23:02:37.123000+00:00,50.70781489,0,0,0,1,315,-2,1,22,-127,-13,15.688,-0.006,-0.016,0.02,-0.31,0.01,9.42,-0.15,-0.3,-0.37,-0.24,-0.21,9.8,1.645,0,0,45,5.9,1,1016.37,44.3,-11.44,0,1,0,0,0,1
2024-11-27 23:02:38.183000+00:00,50.70781489,0,0,0,1,315,-2,1,22,-127,-13,15.688,-0.006,-0.016,0.02,-0.31,0.01,9.42,0.11,0.37,-0.36,-0.24,-0.21,9.8,1.645,0,0,45,5.9,1,1016.37,44.3,-11.44,0,1,0,0,0,1
2024-11-27 23:02:39.144000+00:00,50.70781489,0,0,0,1,315,-2,1,22,-127,-13,15.688,-0.006,-0.016,0.02,-0.31,0.01,9.42,-0.39,0.05,-0.33,-0.24,-0.21,9.8,1.645,0,0,45,5.9,1,1016.37,44.3,-11.44,0,1,0,0,0,1
2024-11-27 23:02:40.154000+00:00,50.70781489,0,0,0,1,315,-2,1,22,-127,-13,15.688,-0.006,-0.016,0.02,-0.31,0.01,9.42,0.16,0.28,-0.36,-0.24,-0.21,9.8,1.645,2.5,0,45,5.9,1,1016.37,44.3,-11.44,0,1,0,0,0,1
2024-11-27 23:02:41.163000+00:00,50.70781489,0,0,0,1,315,-2,1,22,-127,-13,15.688,-0.006,-0.016,0.02,-0.31,0.01,9.42,-0.11,0,-0.38,-0.24,-0.21,9.8,1.645,2.5,0,45,5.9,1,1016.37,44.3,-11.44,0,1,0,0,0,1
2024-11-27 23:02:42.174000+00:00,50.70781489,0,0,0,1,315,-2,1,22,-127,-13,15.688,-0.006,-0.016,0.02,-0.31,0.01,9.42,-0.39,0.26,-0.36,-0.24,-0.21,9.8,1.645,2.5,0,45,5.9,1,1016.37,44.3,-11.44,0,1,0,0,0,1
2024-11-27 23:02:43.233000+00:00,50.70781489,0,0,0,1,315,-2,1,21.04,-127,-13,15.688,-0.006,-0.016,0.02,-0.31,0.01,9.42,-0.9,0,-0.34,-0.24,-0.21,9.8,1.645,2.5,0,45,5.9,1,1016.37,44.3,-11.44,0,1,0,0,0,1
2024-11-27 23:02:44.233000+00:00,50.70781489,0,0,0,1,315,-2,1,21.04,-127,-13,15.688,-0.006,-0.016,0.02,-0.31,0.01,9.42,-0.04,0.07,-0.34,-0.24,-0.21,9.8,1.645,2.5,0,45,5.9,1,1016.37,44.3,-11.44,0,1,0,0,0,1
2024-11-27 23:02:45.233000+00:00,50.70781489,0,0,0,1,315,-2,1,21.04,-127,-13,15.688,-0.006,-0.016,0.02,-0.31,0.01,9.42,-0.25,0.15,-0.37,-0.24,-0.21,9.8,1.645,2.5,0,45,5.9,1,1016.37,44.3,-11.44,0,1,0,0,0,1
2024-11-27 23:02:46.234000+00:00,50.70781489,0,0,0,1,315,-2,1,21.04,-127,-13,15.688,-0.006,-0.016,0.02,-0.31,0.01,9.42,0.21,0.02,-0.34,-0.24,-0.21,9.8,1.645,2.5,0,45,5.9,1,1016.37,44.3,-11.44,0,1,0,0,0,1
2024-11-27 23:02:47.233000+00:00,50.70781489,0,0,0,1,315,-2,1,21.04,-127,-13,15.688,-0.006,-0.016,0.02,-0.31,0.01,9.42,-0.3,-0.15,-0.35,-0.24,-0.21,9.8,1.645,2.5,0,45,5.9,1,1016.37,44.3,-11.44,0,1,0,0,0,1
2024-11-27 23:02:48.244000+00:00,50.70781489,0,0,0,1,315,-2,1,21.04,-127,-13,15.688,-0.006,-0.016,0.02,-0.31,0.01,9.42,0.03,0.13,-0.37,-0.24,-0.21,9.8,1.645,2.5,0,45,5.9,1,1016.37,44.3,-11.44,0,1,0,0,0,1
2024-11-27 23:01:49.716000+00:00,50.70781489,0,0,0,1,315,-2,1,21.04,-127,-13,15.688,-0.006,-0.016,0.02,-0.31,0.01,9.42,0.03,0.13,-0.37,-0.24,-0.21,9.8,1.645,2.5,0,45,5.9,1,1016.37,44.3,-11.44,0,1,0,0,0,1
2024-11-27 23:01:50.735000+00:00,50.70781489,0,0,0,1,315,-2,1,21.04,-127,-13,15.688,-0.006,-0.016,0.02,-0.31,0.01,9.42,0.03,0.13,-0.37,-0.25,-0.18,9.8,1.645,2.5,0,45,5.9,1,1016.37,44.3,-11.44,0,1,0,0,0,1
2024-11-27 23:01:51.745000+00:00,50.70781489,0,0,0,1,315,-2,1,22,-127,-13,15.688,-0.006,-0.016,0.02,-0.31,0.01,9.42,0.03,0.13,-0.37,-0.27,-0.17,9.8,1.645,2.5,0,45,5.9,1,1016.37,44.3,-11.44,0,1,0,0,0,1
2024-11-27 23:01:52.755000+00:00,50.70781489,0,0,0,1,315,-2,1,22,-127,-13,15.688,-0.006,-0.016,0.02,-0.31,0.01,9.42,0.03,0.13,-0.37,-0.23,-0.2,9.8,1.645,2.5,0,45,5.9,1,1016.37,44.3,-11.44,0,1,0,0,0,1
2024-11-27 23:01:53.765000+00:00,50.70781489,0,0,0,1,315,-2,1,22,-127,-13,15.688,-0.006,-0.016,0.02,-0.31,0.01,9.42,0.03,0.13,-0.37,-0.22,-0.18,9.8,1.645,2.5,0,45,5.9,1,1016.37,44.3,-11.44,0,1,0,0,0,1
2024-11-27 23:01:54.776000+00:00,50.70781489,0,0,0,1,315,-2,1,22,-127,-13,15.688,-0.006,-0.016,0.02,-0.31,0.01,9.42,0.03,0.13,-0.37,-0.2,-0.21,9.8,1.645,2.5,0,45,5.9,1,1016.37,44.3,-11.44,0,1,0,0,0,1
2024-11-27 23:01:55.777000+00:00,50.70781489,0,0,0,1,315,-2,1,22,-127,-13,15.688,-0.006,-0.016,0.02,-0.31,0.01,9.42,0.03,0.13,-0.37,-0.2,-0.21,9.8,1.645,2.5,0,45,5.9,1,1016.37,44.3,-11.44,0,1,0,0,0,1
2024-11-27 23:01:56.794000+00:00,50.70781489,0,0,0,1,315,-2,1,22,-127,-13,15.688,-0.006,-0.016,0.02,-0.31,0.01,9.42,0.03,0.13,-0.37,-0.22,-0.21,9.8,1.645,2.5,0,45,5.9,1,1016.37,44.3,-11.44,0,1,0,0,0,1
2024-11-27 23:01:57.794000+00:00,50.70781489,0,0,0,1,315,-2,1,22,-127,-13,15.688,-0.006,-0.016,0.02,-0.31,0.01,9.42,0.03,0.13,-0.37,-0.21,-0.22,9.8,1.645,-1.25,0,45,5.9,1,1016.37,44.3,-11.44,0,1,0,0,0,1
2024-11-27 23:01:58.945000+00:00,50.70781489,0,0,0,1,315,-2,1,22,-127,-13,15.688,-0.006,-0.016,0.02,-0.31,0.01,9.42,0.03,0.13,-0.37,-0.23,-0.21,9.8,1.645,-1.25,0,45,5.9,1,1016.37,44.3,-11.44,0,1,0,0,0,1
2024-11-27 23:01:59.828000+00:00,50.70781489,0,0,0,1,315,-2,1,22,-127,-13,15.688,-0.006,-0.016,0.02,-0.31,0.01,9.42,0.03,0.13,-0.37,-0.22,-0.22,9.8,1.645,-1.25,0,45,5.9,1,1016.37,44.3,-11.44,0,1,0,0,0,1
2024-11-27 23:02:00.825000+00:00,50.70781489,0,0,0,1,315,-2,1,21.04,-127,-13,15.688,-0.006,-0.016,0.02,-0.31,0.01,9.42,0.03,0.13,-0.37,-0.21,-0.21,9.8,1.645,-1.25,0,45,5.9,1,1016.37,44.3,-11.44,0,1,0,0,0,1
2024-11-27 23:02:01.858000+00:00,50.70781489,0,0,0,1,315,-2,1,21.04,-127,-13,15.688,-0.006,-0.016,0.02,-0.31,0.01,9.42,0.03,0.13,-0.37,-0.22,-0.19,9.8,1.645,-1.25,0,45,5.9,1,1016.37,44.3,-11.44,0,1,0,0,0,1
2024-11-27 23:02:02.844000+00:00,50.70781489,0,0,0,1,315,-2,1,21.04,-127,-13,15.688,-0.006,-0.016,0.02,-0.31,0.01,9.42,0.03,0.13,-0.37,-0.29,-0.15,9.8,1.645,-1.25,0,45,5.9,1,1016.37,44.3,-11.44,0,1,0,0,0,1
2024-11-27 23:02:03.857000+00:00,50.70781489,0,0,0,1,315,-2,1,21.04,-127,-13,15.688,-0.006,-0.016,0.02,-0.31,0.01,9.42,0.03,0.13,-0.37,-0.29,-0.17,9.8,1.645,-1.25,0,45,5.9,1,1016.37,44.3,-11.44,0,1,0,0,0,1
2024-11-27 23:02:04.865000+00:00,50.70781489,0,0,0,1,315,-2,1,22,-127,-13,15.688,-0.006,-0.016,0.02,-0.31,0.01,9.42,0.03,0.13,-0.37,-0.25,-0.19,9.8,1.645,-1.25,0,45,5.9,1,1016.39,44.3,-11.59,0,1,0,0,0,1
2024-11-27 23:02:05.877000+00:00,50.70781489,0,0,0,1,315,-2,1,22,-127,-13,15.688,-0.006,-0.016,0.02,-0.31,0.01,9.42,0.03,0.13,-0.37,-0.26,-0.21,9.8,1.645,-1.25,0,45,5.9,1,1016.39,44.3,-11.59,0,1,0,0,0,1
2024-11-27 23:02:06.895000+00:00,50.70781489,0,0,0,1,315,-2,1,22,-127,-13,15.688,-0.006,-0.016,0.02,-0.31,0.01,9.42,0.03,0.13,-0.37,-0.27,-0.2,9.8,1.645,-1.25,0,45,5.9,1,1016.39,44.3,-11.59,0,1,0,0,0,1
2024-11-27 23:02:07.905000+00:00,50.70781489,0,0,0,1,315,-2,1,22,-127,-13,15.688,-0.006,-0.016,0.02,-0.31,0.01,9.42,0.03,0.13,-0.37,-0.25,-0.22,9.8,1.645,-1.25,0,45,5.9,1,1016.39,44.3,-11.59,0,1,0,0,0,1
2024-11-27 23:02:08.905000+00:00,50.70781489,0,0,0,1,315,-2,1,22,-127,-13,15.688,-0.006,-0.016,0.02,-0.31,0.01,9.42,0.03,0.13,-0.37,-0.24,-0.25,9.8,1.645,-1.25,0,45,5.9,1,1016.39,44.3,-11.59,0,1,0,0,0,1
2024-11-27 23:02:09.955000+00:00,50.70781489,0,0,0,1,315,-2,1,22,-127,-13,15.688,-0.006,-0.016,0.02,-0.31,0.01,9.42,0.03,0.13,-0.37,-0.24,-0.27,9.79,1.645,-1.25,0,45,5.9,1,1016.39,44.3,-11.59,0,1,0,0,0,1
2024-11-27 23:02:10.935000+00:00,50.70781489,0,0,0,1,315,-2,1,22,-127,-13,15.688,-0.006,-0.016,0.02,-0.31,0.01,9.42,0.03,0.13,-0.37,-0.21,-0.28,9.8,1.645,-1.25,0,45,5.9,1,1016.39,44.3,-11.59,0,1,0,0,0,1
2024-11-27 23:02:11.935000+00:00,50.70781489,0,0,0,1,315,-2,1,22,-127,-13,15.688,-0.006,-0.016,0.02,-0.31,0.01,9.42,0.03,0.13,-0.37,-0.26,-0.26,9.79,1.645,-1.25,0,45,5.9,1,1016.39,44.3,-11.59,0,1,0,0,0,1
2024-11-27 23:02:12.944000+00:00,50.70781489,0,0,0,1,315,-2,1,22,-127,-13,15.688,-0.006,-0.016,0.02,-0.31,0.01,9.42,0.03,0.13,-0.37,-0.29,-0.22,9.79,1.645,-1.25,0,45,5.9,1,1016.39,44.3,-11.59,0,1,0,0,0,1
2024-11-27 23:02:13.955000+00:00,50.70781489,0,0,0,1,315,-2,1,22,-127,-13,15.688,-0.006,-0.016,0.02,-0.31,0.01,9.42,0.03,0.13,-0.37,-0.23,-0.24,9.8,1.645,-1.25,0,45,5.9,1,1016.39,44.3,-11.59,0,1,0,0,0,1
2024-11-27 23:02:14.964000+00:00,50.70781489,0,0,0,1,315,-2,1,22,-127,-13,15.688,-0.006,-0.016,0.02,-0.31,0.01,9.42,0.03,0.13,-0.37,-0.24,-0.24,9.8,1.645,1.25,0,45,5.9,1,1016.39,44.3,-11.59,0,1,0,0,0,1
2024-11-27 23:02:15.974000+00:00,50.70781489,0,0,0,1,315,-2,1,22,-127,-13,15.688,-0.006,-0.016,0.02,-0.31,0.01,9.42,0.03,0.13,-0.37,-0.24,-0.23,9.8,1.645,1.25,0,45,5.9,1,1016.39,44.3,-11.59,0,1,0,0,0,1
2024-11-27 23:02:16.990000+00:00,50.70781489,0,0,0,1,315,-2,1,22,-127,-13,15.688,-0.006,-0.016,0.02,-0.31,0.01,9.42,0.03,0.13,-0.37,-0.25,-0.23,9.8,1.645,1.25,0,45,5.9,1,1016.39,44.3,-11.59,0,1,0,0,0,1
2024-11-27 23:02:17.994000+00:00,50.70781489,0,0,0,1,315,-2,1,21.08,-127,-13,15.688,-0.006,-0.016,0.02,-0.31,0.01,9.42,0.03,0.13,-0.37,-0.27,-0.19,9.8,1.645,1.25,0,45,5.9,1,1016.39,44.3,-11.59,0,1,0,0,0,1
2024-11-27 23:02:19.005000+00:00,50.70781489,0,0,0,1,315,-2,1,21.08,-127,-13,15.688,-0.006,-0.016,0.02,-0.31,0.01,9.42,0.03,0.13,-0.37,-0.23,-0.21,9.8,1.645,1.25,0,45,5.9,1,1016.39,44.3,-11.59,0,1,0,0,0,1
2024-11-27 23:02:20.004000+00:00,50.70781489,0,0,0,1,315,-2,1,21.08,-127,-13,15.688,-0.006,-0.016,0.02,-0.31,0.01,9.42,0.03,0.13,-0.37,-0.23,-0.24,9.8,1.645,1.25,0,45,5.9,1,1016.39,44.3,-11.59,0,1,0,0,0,1
2024-11-27 23:02:21.026000+00:00,50.70781489,0,0,0,1,315,-2,1,21.08,-127,-13,15.688,-0.006,-0.016,0.02,-0.31,0.01,9.42,0.03,0.13,-0.37,-0.22,-0.24,9.8,1.645,1.25,0,45,5.9,1,1016.39,44.3,-11.59,0,1,0,0,0,1
2024-11-27 23:02:22.033000+00:00,50.70781489,0,0,0,1,315,-2,1,21.08,-127,-13,15.688,-0.006,-0.016,0.02,-0.31,0.01,9.42,0.03,0.13,-0.37,-0.23,-0.24,9.8,1.645,1.25,0,45,5.9,1,1016.39,44.3,-11.59,0,1,0,0,0,1
2024-11-27 23:02:23.044000+00:00,50.70781489,0,0,0,1,315,-2,1,21.08,-127,-13,15.688,-0.006,-0.016,0.02,-0.31,0.01,9.42,0.03,0.13,-0.37,-0.24,-0.23,9.8,1.645,1.25,0,45,5.9,1,1016.39,44.3,-11.59,0,1,0,0,0,1
2024-11-27 23:02:24.055000+00:00,50.70781489,0,0,0,1,315,-2,1,21.08,-127,-13,15.688,-0.006,-0.016,0.02,-0.31,0.01,9.42,0.03,0.13,-0.37,-0.21,-0.2,9.8,1.645,1.25,0,45,5.9,1,1016.39,44.3,-11.59,0,1,0,0,0,1
2024-11-27 23:02:25.064000+00:00,50.70781489,0,0,0,1,315,-2,1,21.08,-127,-13,15.688,-0.006,-0.016,0.02,-0.31,0.01,9.42,0.03,0.13,-0.37,-0.23,-0.22,9.8,1.645,1.25,0,45,5.9,1,1016.39,44.3,-11.59,0,1,0,0,0,1
2024-11-27 23:02:26.078000+00:00,50.70781489,0,0,0,1,315,-2,1,22,-127,-13,15.688,-0.006,-0.016,0.02,-0.31,0.01,9.42,0.03,0.13,-0.37,-0.2,-0.23,9.8,1.645,1.25,0,45,5.9,1,1016.39,44.3,-11.59,0,1,0,0,0,1
2024-11-27 23:02:27.075000+00:00,50.70781489,0,0,0,1,315,-2,1,22,-127,-13,15.688,-0.006,-0.016,0.02,-0.31,0.01,9.42,0.03,0.13,-0.37,-0.21,-0.21,9.8,1.645,1.25,0,45,5.9,1,1016.39,44.3,-11.59,0,1,0,0,0,1
2024-11-27 23:02:28.105000+00:00,50.70781489,0,0,0,1,315,-2,1,22,-127,-13,15.688,-0.006,-0.016,0.02,-0.31,0.01,9.42,0.03,0.13,-0.37,-0.28,-0.18,9.8,1.645,1.25,0,45,5.9,1,1016.39,44.3,-11.59,0,1,0,0,0,1
2024-11-27 23:02:29.094000+00:00,50.70781489,0,0,0,1,315,-2,1,22,-127,-13,15.688,-0.006,-0.016,0.02,-0.31,0.01,9.42,0.03,0.13,-0.37,-0.28,-0.18,9.8,1.645,1.25,0,45,5.9,1,1016.39,44.3,-11.59,0,1,0,0,0,1
2024-11-27 23:02:30.105000+00:00,50.70781489,0,0,0,1,315,-2,1,22,-127,-13,15.688,-0.006,-0.016,0.02,-0.31,0.01,9.42,0.03,0.13,-0.37,-0.29,-0.17,9.8,1.645,1.25,0,45,5.9,1,1016.39,44.3,-11.59,0,1,0,0,0,1
2024-11-27 23:02:31.114000+00:00,50.70781489,0,0,0,1,315,-2,1,22,-127,-13,15.688,-0.006,-0.016,0.02,-0.31,0.01,9.42,0.03,0.13,-0.37,-0.28,-0.18,9.8,1.645,1.25,0,45,5.9,1,1016.39,44.3,-11.59,0,1,0,0,0,1
2024-11-27 23:02:32.164000+00:00,50.70781489,0,0,0,1,315,-2,1,22,-127,-13,15.688,-0.006,-0.016,0.02,-0.31,0.01,9.42,0.03,0.13,-0.37,-0.3,-0.18,9.8,1.645,1.25,0,45,5.9,1,1016.39,44.3,-11.59,0,1,0,0,0,1
2024-11-27 23:02:33.164000+00:00,50.70781489,0,0,0,1,315,-2,1,22,-127,-13,15.688,-0.006,-0.016,0.02,-0.31,0.01,9.42,0.03,0.13,-0.37,-0.26,-0.18,9.8,1.645,1.25,0,45,5.9,1,1016.39,44.3,-11.59,0,1,0,0,0,1
2024-11-27 23:02:34.164000+00:00,50.70781489,0,0,0,1,315,-2,1,21.08,-127,-13,15.688,-0.006,-0.016,0.02,-0.31,0.01,9.42,0.03,0.13,-0.37,-0.32,-0.15,9.8,1.645,1.25,0,45,5.9,1,1016.39,44.3,-11.59,0,1,0,0,0,1
2024-11-27 23:02:35.163000+00:00,50.70781489,0,0,0,1,315,-2,1,21.08,-127,-13,15.688,-0.006,-0.016,0.02,-0.31,0.01,9.42,0.03,0.13,-0.37,-0.33,-0.14,9.8,1.645,1.25,0,45,5.9,1,1016.39,44.3,-11.59,0,1,0,0,0,1
2024-11-27 23:02:36.174000+00:00,50.70781489,0,0,0,1,315,-2,1,21.08,-127,-13,15.688,-0.006,-0.016,0.02,-0.31,0.01,9.42,0.03,0.13,-0.37,-0.31,-0.14,9.8,1.645,1.25,0,45,5.9,1,1016.39,44.3,-11.59,0,1,0,0,0,1
2024-11-27 23:02:37.174000+00:00,50.70781489,0,0,0,1,315,-2,1,21.08,-127,-13,15.688,-0.006,-0.016,0.02,-0.31,0.01,9.42,0.03,0.13,-0.37,-0.31,-0.17,9.8,1.645,1.25,0,45,5.9,1,1016.39,44.3,-11.59,0,1,0,0,0,1
2024-11-27 23:02:38.235000+00:00,50.70781489,0,0,0,1,315,-2,1,21.08,-127,-13,15.688,-0.006,-0.016,0.02,-0.31,0.01,9.42,0.03,0.13,-0.37,-0.29,-0.17,9.8,1.645,1.25,0,45,5.9,1,1016.39,44.3,-11.59,0,1,0,0,0,1
2024-11-27 23:02:39.193000+00:00,50.70781489,0,0,0,1,315,-2,1,21.08,-127,-13,15.688,-0.006,-0.016,0.02,-0.31,0.01,9.42,0.03,0.13,-0.37,-0.33,-0.15,9.79,1.645,1.25,0,45,5.9,1,1016.39,44.3,-11.59,0,1,0,0,0,1
2024-11-27 23:02:40.203000+00:00,50.70781489,0,0,0,1,315,-2,1,21.08,-127,-13,15.688,-0.006,-0.016,0.02,-0.31,0.01,9.42,0.03,0.13,-0.37,-0.35,-0.13,9.79,1.645,1.25,0,45,5.9,1,1016.39,44.3,-11.59,0,1,0,0,0,1
2024-11-27 23:02:41.214000+00:00,50.70781489,0,0,0,1,315,-2,1,21.08,-127,-13,15.688,-0.006,-0.016,0.02,-0.31,0.01,9.42,0.03,0.13,-0.37,-0.36,-0.13,9.79,1.645,1.25,0,45,5.9,1,1016.39,44.3,-11.59,0,1,0,0,0,1
2024-11-27 23:02:42.273000+00:00,50.70781489,0,0,0,1,315,-2,1,22,-127,-13,15.688,-0.006,-0.016,0.02,-0.31,0.01,9.42,0.03,0.13,-0.37,-0.33,-0.14,9.79,1.645,1.25,0,45,5.9,1,1016.39,44.3,-11.59,0,1,0,0,0,1
2024-11-27 23:02:43.284000+00:00,50.70781489,0,0,0,1,315,-2,1,22,-127,-13,15.688,-0.006,-0.016,0.02,-0.31,0.01,9.42,0.03,0.13,-0.37,-0.34,-0.15,9.79,1.645,1.25,0,45,5.9,1,1016.39,44.3,-11.59,0,1,0,0,0,1
2024-11-27 23:02:44.284000+00:00,50.70781489,0,0,0,1,315,-2,1,22,-127,-13,15.688,-0.006,-0.016,0.02,-0.31,0.01,9.42,0.03,0.13,-0.37,-0.35,-0.14,9.79,1.645,1.25,0,45,5.9,1,1016.39,44.3,-11.59,0,1,0,0,0,1
2024-11-27 23:02:45.284000+00:00,50.70781489,0,0,0,1,315,-2,1,22,-127,-13,15.688,-0.006,-0.016,0.02,-0.31,0.01,9.42,0.03,0.13,-0.37,-0.35,-0.13,9.79,1.645,1.25,0,45,5.9,1,1016.39,44.3,-11.59,0,1,0,0,0,1
2024-11-27 23:02:46.284000+00:00,50.70781489,0,0,0,1,315,-2,1,22,-127,-13,15.688,-0.006,-0.016,0.02,-0.31,0.01,9.42,0.03,0.13,-0.37,-0.35,-0.13,9.79,1.645,1.25,0,45,5.9,1,1016.39,44.3,-11.59,0,1,0,0,0,1
2024-11-27 23:02:47.283000+00:00,50.70781489,0,0,0,1,315,-2,1,22,-127,-13,15.688,-0.006,-0.016,0.02,-0.31,0.01,9.42,0.03,0.13,-0.37,-0.34,-0.13,9.79,1.645,1.25,0,45,5.9,1,1016.39,44.3,-11.59,0,1,0,0,0,1
2024-11-27 23:02:48.293000+00:00,50.70781489,0,0,0,1,315,-2,1,22,-127,-13,15.688,-0.006,-0.016,0.02,-0.31,0.01,9.42,0.03,0.13,-0.37,-0.34,-0.11,9.79,1.645,1.25,0,45,5.9,1,1016.39,44.3,-11.59,0,1,0,0,0,1
2024-11-27 23:02:49.322000+00:00,50.70781489,0,0,0,1,315,-2,1,22,-127,-13,15.688,-0.006,-0.016,0.02,-0.31,0.01,9.42,0.03,0.13,-0.37,-0.34,-0.12,9.79,1.645,1.25,0,45,5.9,1,1016.39,44.3,-11.59,0,1,0,0,0,1
2024-11-27 23:01:50.016000+00:00,50.70781489,0,0,0,1,315,-2,1,22,-127,-13,15.688,-0.006,-0.016,0.02,-0.31,0.01,9.42,0.03,0.13,-0.37,-0.34,-0.12,9.79,1.645,-1.25,0,45,5.9,1,1016.39,44.3,-11.59,0,1,0,0,0,1
2024-11-27 23:01:51.024000+00:00,50.70781489,0,0,0,1,315,-2,1,21.08,-127,-13,15.688,-0.006,-0.016,0.02,-0.31,0.01,9.42,0.03,0.13,-0.37,-0.34,-0.12,9.79,1.645,-1.25,0,45,5.9,1,1016.39,44.3,-11.59,0,1,0,0,0,1
2024-11-27 23:01:52.045000+00:00,50.70781489,0,0,0,1,315,-2,1,21.08,-127,-13,15.688,-0.006,-0.016,0.02,-0.31,0.01,9.42,0.03,0.13,-0.37,-0.34,-0.12,9.79,1.645,-1.25,0,45,5.9,1,1016.39,44.3,-11.59,0,1,0,0,0,1
2024-11-27 23:01:53.031000+00:00,50.70781489,0,0,0,1,315,-2,1,21.08,-127,-13,15.688,-0.006,-0.016,0.02,-0.31,0.01,9.42,0.03,0.13,-0.37,-0.34,-0.12,9.79,1.645,-1.25,0,45,5.9,1,1016.39,44.3,-11.59,0,1,0,0,0,1
2024-11-27 23:01:54.028000+00:00,50.70781489,0,0,0,1,315,-2,1,21.08,-127,-13,15.688,-0.006,-0.016,0.02,-0.31,0.01,9.42,0.03,0.13,-0.37,-0.34,-0.12,9.79,1.645,-1.25,0,45,5.9,1,1016.39,44.3,-11.59,0,1,0,0,0,1
2024-11-27 23:01:55.037000+00:00,50.70781489,0,0,0,1,315,-2,1,21.08,-127,-13,15.688,-0.006,-0.016,0.02,-0.31,0.01,9.42,0.03,0.13,-0.37,-0.34,-0.12,9.79,1.645,-1.25,0,45,5.9,1,1016.39,44.3,-11.59,0,1,0,0,0,1
2024-11-27 23:01:56.036000+00:00,50.70781489,0,0,0,1,315,-2,1,21.08,-127,-13,15.688,-0.006,-0.016,0.02,-0.31,0.01,9.42,0.03,0.13,-0.37,-0.34,-0.12,9.79,1.645,-1.25,0,45,5.9,1,1016.39,44.3,-11.59,0,1,0,0,0,1
2024-11-27 23:01:57.045000+00:00,50.70781489,0,0,0,1,315,-2,1,21.08,-127,-13,15.688,-0.006,-0.016,0.02,-0.31,0.01,9.42,0.03,0.13,-0.37,-0.34,-0.12,9.79,1.645,-1.25,0,45,5.9,1,1016.39,44.3,-11.59,0,1,0,0,0,1
2024-11-27 23:01:58.047000+00:00,50.70781489,0,0,0,1,315,-2,1,21.08,-127,-13,15.688,-0.006,-0.016,0.02,-0.31,0.01,9.42,0.03,0.13,-0.37,-0.34,-0.12,9.79,1.645,-1.25,0,45,5.9,1,1016.39,44.3,-11.59,0,1,0,0,0,1
2024-11-27 23:01:59.216000+00:00,50.70781489,0,0,0,1,315,-2,1,21.08,-127,-13,15.688,-0.006,-0.016,0.02,-0.31,0.01,9.42,0.03,0.13,-0.37,-0.34,-0.12,9.79,1.645,-1.25,0,45,5.9,1,1016.39,44.3,-11.59,0,1,0,0,0,1
2024-11-27 23:02:00.056000+00:00,50.70781489,0,0,0,1,315,-2,1,22,-127,-13,15.688,-0.006,-0.016,0.02,-0.31,0.01,9.42,0.03,0.13,-0.37,-0.34,-0.12,9.79,1.645,-1.25,0,45,5.9,1,1016.39,44.3,-11.59,0,1,0,0,0,1
2024-11-27 23:02:01.056000+00:00,50.70781489,0,0,0,1,315,-2,1,22,-127,-13,15.688,-0.006,-0.016,0.02,-0.31,0.01,9.42,0.03,0.13,-0.37,-0.34,-0.12,9.79,1.645,-1.25,0,45,5.9,1,1016.39,44.3,-11.59,0,1,0,0,0,1
2024-11-27 23:02:02.065000+00:00,50.70781489,0,0,0,1,315,-2,1,22,-127,-13,15.688,-0.006,-0.016,0.02,-0.31,0.01,9.42,0.03,0.13,-0.37,-0.34,-0.12,9.79,1.645,-1.25,0,45,5.9,1,1016.39,44.3,-11.59,0,1,0,0,0,1
2024-11-27 23:02:03.065000+00:00,50.70781489,0,0,0,1,315,-2,1,22,-127,-13,15.688,-0.006,-0.016,0.02,-0.31,0.01,9.42,0.03,0.13,-0.37,-0.34,-0.12,9.79,1.645,-1.25,0,45,5.9,1,1016.39,44.3,-11.59,0,1,0,0,0,1
2024-11-27 23:02:04.069000+00:00,50.70781489,0,0,0,1,315,-2,1,22,-127,-13,15.688,-0.006,-0.016,0.02,-0.31,0.01,9.42,0.03,0.13,-0.37,-0.34,-0.12,9.79,1.645,-1.25,0,45,5.9,1,1016.39,44.3,-11.59,0,1,0,0,0,1
2024-11-27 23:02:05.076000+00:00,50.70781489,0,0,0,1,315,-2,1,22,-127,-13,15.688,-0.006,-0.016,0.02,-0.31,0.01,9.42,0.03,0.13,-0.37,-0.34,-0.12,9.79,1.645,-1.25,0,45,5.9,1,1016.39,44.3,-11.59,0,1,0,0,0,1
2024-11-27 23:02:06.077000+00:00,50.70781489,0,0,0,1,315,-2,1,22,-127,-13,15.688,-0.006,-0.016,0.02,-0.31,0.01,9.42,0.03,0.13,-0.37,-0.34,-0.12,9.79,1.645,0,0,45,5.9,1,1016.39,44.3,-11.59,0,1,0,0,0,1
2024-11-27 23:02:07.075000+00:00,50.70781489,0,0,0,1,315,-2,1,22,-127,-13,15.688,-0.006,-0.016,0.02,-0.31,0.01,9.42,0.03,0.13,-0.37,-0.34,-0.12,9.79,1.645,0,0,45,5.9,1,1016.39,44.3,-11.59,0,1,0,0,0,1
2024-11-27 23:02:08.085000+00:00,50.70781489,0,0,0,1,315,-2,1,22,-127,-13,15.688,-0.006,-0.016,0.02,-0.31,0.01,9.42,0.03,0.13,-0.37,-0.34,-0.12,9.79,1.645,0,0,45,5.9,1,1016.39,44.3,-11.59,0,1,0,0,0,1
2024-11-27 23:02:09.085000+00:00,50.70781489,0,0,0,1,315,-2,1,21.08,-127,-13,15.688,-0.006,-0.016,0.02,-0.31,0.01,9.42,0.03,0.13,-0.37,-0.34,-0.12,9.79,1.645,0,0,45,5.9,1,1016.39,44.3,-11.59,0,1,0,0,0,1
2024-11-27 23:02:10.085000+00:00,50.70781489,0,0,0,1,315,-2,1,21.08,-127,-13,15.688,-0.006,-0.016,0.02,-0.31,0.01,9.42,0.03,0.13,-0.37,-0.34,-0.12,9.79,1.645,0,0,45,5.9,1,1016.39,44.3,-11.59,0,1,0,0,0,1
2024-11-27 23:02:11.095000+00:00,50.70781489,0,0,0,1,315,-2,1,21.08,-127,-13,15.688,-0.006,-0.016,0.02,-0.31,0.01,9.42,0.03,0.13,-0.37,-0.34,-0.12,9.79,1.645,0,0,45,5.9,1,1016.39,44.3,-11.59,0,1,0,0,0,1
2024-11-27 23:02:12.094000+00:00,50.70781489,0,0,0,1,315,-2,1,21.08,-127,-13,15.688,-0.006,-0.016,0.02,-0.31,0.01,9.42,0.03,0.13,-0.37,-0.34,-0.12,9.79,1.645,0,0,45,5.9,1,1016.39,44.3,-11.59,0,1,0,0,0,1
2024-11-27 23:02:13.206000+00:00,50.70781489,0,0,0,1,315,-2,1,21.08,-127,-13,15.688,-0.006,-0.016,0.02,-0.31,0.01,9.42,0.03,0.13,-0.37,-0.34,-0.12,9.79,1.645,0,0,45,5.9,1,1016.39,44.3,-11.59,0,1,0,0,0,1
2024-11-27 23:02:14.104000+00:00,50.70781489,0,0,0,1,315,-2,1,21.08,-127,-13,15.688,-0.006,-0.016,0.02,-0.31,0.01,9.42,0.03,0.13,-0.37,-0.34,-0.12,9.79,1.645,0,0,45,5.9,1,1016.39,44.3,-11.59,0,1,0,0,0,1
2024-11-27 23:02:15.112000+00:00,50.70781489,0,0,0,1,315,-2,1,21.08,-127,-13,15.688,-0.006,-0.016,0.02,-0.31,0.01,9.42,0.03,0.13,-0.37,-0.34,-0.12,9.79,1.645,0,0,45,5.9,1,1016.39,44.3,-11.59,0,1,0,0,0,1
2024-11-27 23:02:16.155000+00:00,50.70781489,0,0,0,1,315,-2,1,21.08,-127,-13,15.688,-0.006,-0.016,0.02,-0.31,0.01,9.42,0.03,0.13,-0.37,-0.34,-0.12,9.79,1.645,0,0,45,5.9,1,1016.39,44.3,-11.59,0,1,0,0,0,1
2024-11-27 23:02:17.117000+00:00,50.70781489,0,0,0,1,315,-2,1,22,-127,-13,15.688,-0.006,-0.016,0.02,-0.31,0.01,9.42,0.03,0.13,-0.37,-0.34,-0.12,9.79,1.645,-1.25,0,45,5.9,1,1016.39,44.3,-11.59,0,1,0,0,0,1
2024-11-27 23:02:18.114000+00:00,50.70781489,0,0,0,1,315,-2,1,22,-127,-13,15.688,-0.006,-0.016,0.02,-0.31,0.01,9.42,0.03,0.13,-0.37,-0.34,-0.12,9.79,1.645,-1.25,0,45,5.9,1,1016.39,44.3,-11.59,0,1,0,0,0,1
2024-11-27 23:02:19.125000+00:00,50.70781489,0,0,0,1,315,-2,1,22,-127,-13,15.688,-0.006,-0.016,0.02,-0.31,0.01,9.42,0.03,0.13,-0.37,-0.34,-0.12,9.79,1.645,-1.25,0,45,5.9,1,1016.39,44.3,-11.59,0,1,0,0,0,1
2024-11-27 23:02:20.125000+00:00,49.71082135,0,0,0,1,315,-2,1,22,-127,-13,15.688,-0.006,-0.016,0.02,-0.31,0.01,9.42,0.03,0.13,-0.37,-0.34,-0.12,9.79,1.645,-1.25,0,45,5.9,1,1016.39,44.3,-11.59,0,1,0,0,0,1
2024-11-27 23:02:21.128000+00:00,50.44555537,0,0,0,1,315,-2,1,22,-127,-13,15.688,-0.006,-0.016,0.02,-0.31,0.01,9.42,0.03,0.13,-0.37,-0.34,-0.12,9.79,1.645,-1.25,0,45,5.9,1,1016.39,44.3,-11.59,0,1,0,0,0,1
2024-11-27 23:02:22.144000+00:00,50.67255807,0,0,0,1,315,-2,1,22,-127,-13,15.688,-0.006,-0.016,0.02,-0.31,0.01,9.42,0.03,0.13,-0.37,-0.34,-0.12,9.79,1.5425,-1.25,0,45,5.9,1,1016.39,44.3,-11.59,0,1,0,0,0,1
2024-11-27 23:02:23.294000+00:00,49.47782863,0,0,0,1,315,-2,1,22,-127,-13,15.688,-0.006,-0.016,0.02,-0.31,0.01,9.42,0.03,0.13,-0.37,-0.34,-0.12,9.79,1.5425,-1.25,0,45,5.9,1,1016.39,44.3,-11.59,0,1,0,0,0,1
2024-11-27 23:02:24.155000+00:00,49.47776664,0,0,0,1,315,-2,1,22,-127,-13,15.688,-0.006,-0.016,0.02,-0.31,0.01,9.42,0.03,0.13,-0.37,-0.34,-0.12,9.79,1.5425,-1.25,0,45,5.9,1,1016.39,44.3,-11.59,0,1,0,0,0,1
2024-11-27 23:02:25.164000+00:00,49.47772697,0,0,0,1,315,-2,1,22,-127,-13,15.688,-0.006,-0.016,0.02,-0.31,0.01,9.42,0.03,0.13,-0.37,-0.34,-0.12,9.79,1.5425,-1.25,0,45,5.9,1,1016.39,44.3,-11.59,0,1,0,0,0,1
2024-11-27 23:02:26.174000+00:00,49.47812466,0,0,0,1,315,-2,1,21.08,-127,-13,15.688,-0.006,-0.016,0.02,-0.31,0.01,9.42,0.03,0.13,-0.37,-0.34,-0.12,9.79,1.5425,-1.25,0,45,5.9,1,1016.39,44.3,-11.59,0,1,0,0,0,1
2024-11-27 23:02:27.175000+00:00,49.70546688,0,0,0,1,315,-2,1,21.08,-127,-13,15.688,-0.006,-0.016,0.02,-0.31,0.01,9.42,0.03,0.13,-0.37,-0.34,-0.12,9.79,1.5425,-1.25,0,45,5.9,1,1016.39,44.3,-11.59,0,1,0,0,0,1
2024-11-27 23:02:28.203000+00:00,49.70534339,0,0,0,1,315,-2,1,21.08,-127,-13,15.688,-0.006,-0.016,0.02,-0.31,0.01,9.42,0.03,0.13,-0.37,-0.34,-0.12,9.79,1.5425,-1.25,0,45,5.9,1,1016.39,44.3,-11.59,0,1,0,0,0,1
2024-11-27 23:02:29.194000+00:00,48.51085233,0,0,0,1,315,-2,1,21.08,-127,-13,15.688,-0.006,-0.016,0.02,-0.31,0.01,9.42,0.03,0.13,-0.37,-0.34,-0.12,9.79,1.5425,-1.25,0,45,5.9,1,1016.39,44.3,-11.59,0,1,0,0,0,1
2024-11-27 23:02:30.204000+00:00,48.28370053,0,0,0,1,315,-2,1,21.08,-127,-13,15.688,-0.006,-0.016,0.02,-0.31,0.01,9.42,0.03,0.13,-0.37,-0.34,-0.12,9.79,1.5425,-1.25,0,45,5.9,1,1016.39,44.3,-11.59,0,1,0,0,0,1
2024-11-27 23:02:31.264000+00:00,48.05668992,0,0,0,1,315,-2,1,21.08,-127,-13,15.688,-0.006,-0.016,0.02,-0.31,0.01,9.42,0.03,0.13,-0.37,-0.34,-0.12,9.79,1.5425,-1.25,0,45,5.9,1,1016.39,44.3,-11.59,0,1,0,0,0,1
2024-11-27 23:02:32.374000+00:00,48.28399444,0,0,0,1,315,-2,1,21.08,-127,-13,15.688,-0.006,-0.016,0.02,-0.31,0.01,9.42,0.03,0.13,-0.37,-0.34,-0.12,9.79,1.5425,-1.25,0,45,5.9,1,1016.39,44.3,-11.59,0,1,0,0,0,1
2024-11-27 23:02:33.363000+00:00,48.70328425,0,0,0,1,315,-2,1,21.08,-127,-13,15.688,-0.006,-0.016,0.02,-0.31,0.01,9.42,0.03,0.13,-0.37,-0.34,-0.12,9.79,1.5425,-1.25,0,45,5.9,1,1016.39,44.3,-11.59,0,1,0,0,0,1
2024-11-27 23:02:34.421000+00:00,48.70322375,0,0,0,1,315,-2,1,22,-127,-13,15.688,-0.006,-0.016,0.02,-0.31,0.01,9.42,0.03,0.13,-0.37,-0.34,-0.12,9.79,1.5425,0,0,45,5.9,1,1016.39,44.3,-11.59,0,1,0,0,0,1
2024-11-27 23:02:35.363000+00:00,48.93029801,0,0,0,1,315,-2,1,22,-127,-13,15.688,-0.006,-0.016,0.02,-0.31,0.01,9.42,0.03,0.13,-0.37,-0.34,-0.12,9.79,1.5425,0,0,45,5.9,1,1016.39,44.3,-11.59,0,1,0,0,0,1
2024-11-27 23:02:36.393000+00:00,48.93053649,0,0,0,1,315,-2,1,22,-127,-13,15.688,-0.006,-0.016,0.02,-0.31,0.01,9.42,0.03,0.13,-0.37,-0.34,-0.12,9.79,1.5425,0,0,45,5.9,1,1016.39,44.3,-11.59,0,1,0,0,0,1
2024-11-27 23:02:37.376000+00:00,48.93072838,0,0,0,1,315,-2,1,22,-127,-13,15.688,-0.006,-0.016,0.02,-0.31,0.01,9.42,0.03,0.13,-0.37,-0.34,-0.12,9.79,1.5425,0,0,45,5.9,1,1016.39,44.3,-11.59,0,1,0,0,0,1
2024-11-27 23:02:38.383000+00:00,49.15801872,0,0,0,1,315,-2,1,22,-127,-13,15.688,-0.006,-0.016,0.02,-0.31,0.01,9.42,0.03,0.13,-0.37,-0.34,-0.12,9.79,1.5425,0,0,45,5.9,1,1016.39,44.3,-11.59,0,1,0,0,0,1
2024-11-27 23:02:39.393000+00:00,49.15807475,0,0,0,1,315,-2,1,22,-127,-13,15.688,-0.006,-0.016,0.02,-0.31,0.01,9.42,0.03,0.13,-0.37,-0.34,-0.12,9.79,1.5425,0,0,45,5.9,1,1016.39,44.3,-11.59,0,1,0,0,0,1
2024-11-27 23:02:40.404000+00:00,49.38510617,0,0,0,1,315,-2,1,22,-127,-13,15.688,-0.006,-0.016,0.02,-0.31,0.01,9.42,0.03,0.13,-0.37,-0.34,-0.12,9.79,1.5425,0,0,45,5.9,1,1016.39,44.3,-11.59,0,1,0,0,0,1
2024-11-27 23:02:41.413000+00:00,49.384886,0,0,0,1,315,-2,1,22,-127,-13,15.688,-0.006,-0.016,0.02,-0.31,0.01,9.42,0.03,0.13,-0.37,-0.34,-0.12,9.79,1.5425,0,0,45,5.9,1,1016.39,44.3,-11.59,0,1,0,0,0,1
2024-11-27 23:02:42.423000+00:00,49.38473789,0,0,0,1,315,-2,1,22,-127,-13,15.688,-0.006,-0.016,0.02,-0.31,0.01,9.42,0.03,0.13,-0.37,-0.34,-0.12,9.79,1.5425,0,0,45,5.9,1,1016.39,44.3,-11.59,0,1,0,0,0,1
2024-11-27 23:02:43.432000+00:00,50.57916831,0,0,0,1,315,-2,1,21.08,-127,-13,15.688,-0.006,-0.016,0.02,-0.31,0.01,9.42,0.03,0.13,-0.37,-0.34,-0.12,9.79,1.5425,0,0,45,5.9,1,1016.39,44.3,-11.59,0,1,0,0,0,1
2024-11-27 23:02:44.434000+00:00,50.80615027,0,0,0,1,315,-2,1,21.08,-127,-13,15.688,-0.006,-0.016,0.02,-0.31,0.01,9.42,0.03,0.13,-0.37,-0.34,-0.12,9.79,1.5425,0,0,45,5.9,1,1016.39,44.3,-11.59,0,1,0,0,0,1
2024-11-27 23:02:45.433000+00:00,50.8060625,0,0,0,1,315,-2,1,21.08,-127,-13,15.688,-0.006,-0.016,0.02,-0.31,0.01,9.42,0.03,0.13,-0.37,-0.34,-0.12,9.79,1.5425,0,0,45,5.9,1,1016.39,44.3,-11.59,0,1,0,0,0,1
2024-11-27 23:02:46.433000+00:00,50.57888056,0,0,0,1,315,-2,1,21.08,-127,-13,15.688,-0.006,-0.016,0.02,-0.31,0.01,9.42,0.03,0.13,-0.37,-0.34,-0.12,9.79,1.5425,0,0,45,5.9,1,1016.39,44.3,-11.59,0,1,0,0,0,1
2024-11-27 23:02:47.434000+00:00,50.35170195,0,0,0,1,315,-2,1,21.08,-127,-13,15.688,-0.006,-0.016,0.02,-0.31,0.01,9.42,0.03,0.13,-0.37,-0.34,-0.12,9.79,1.5425,0,0,45,5.9,1,1016.39,44.3,-11.59,0,1,0,0,0,1
2024-11-27 23:02:48.454000+00:00,50.35153534,0,0,0,1,315,-2,1,21.08,-127,-13,15.688,-0.006,-0.016,0.02,-0.31,0.01,9.42,0.03,0.13,-0.37,-0.34,-0.12,9.79,1.5425,0,0,45,5.9,1,1016.39,44.3,-11.59,0,1,0,0,0,1
2024-11-27 23:01:48.125000+00:00,51.54618459,0,0,0,1,270,-2,1,21.05,-75.75,-16,-7.062,-0.004,-0.021,0.007,-0.24,-0.13,9.41,0,0.07,-0.38,-0.24,-0.21,9.8,1.5425,0,0,90,5.9,2,1016.4,44.3,-11.72,0,1,0,0,0,1
2024-11-27 23:01:48.176000+00:00,51.54640326,0,0,0,1,270,-2,1,21.05,-75.75,-16,-7.062,-0.004,-0.021,0.007,-0.24,-0.13,9.41,0,0.07,-0.38,-0.24,-0.21,9.8,1.5425,0,0,90,5.9,2,1016.4,44.3,-11.72,0,1,0,0,0,1
2024-11-27 23:01:51.794000+00:00,51.54648408,0,0,0,1,270,-2,1,21.05,-75.75,-16,-7.062,-0.004,-0.021,0.007,-0.24,-0.13,9.41,0,0.07,-0.38,-0.24,-0.21,9.8,1.5425,0,0,90,5.9,2,1016.4,44.3,-11.72,0,1,0,0,0,1
2024-11-27 23:01:51.845000+00:00,51.31946564,0,0,0,1,270,-2,1,21.05,-75.75,-16,-7.062,-0.004,-0.021,0.007,-0.24,-0.13,9.41,0,0.07,-0.38,-0.24,-0.21,9.8,1.5425,0,0,90,5.9,2,1016.4,44.3,-11.72,0,1,0,0,0,1
2024-11-27 23:01:51.895000+00:00,51.31950399,0,0,0,1,270,-2,1,22,-75.75,-16,-7.062,-0.004,-0.021,0.007,-0.24,-0.13,9.41,0,0.07,-0.38,-0.24,-0.21,9.8,1.5425,0,0,90,5.9,2,1016.4,44.3,-11.72,0,1,0,0,0,1
2024-11-27 23:01:51.944000+00:00,51.54652279,0,0,0,1,270,-2,1,22,-75.75,-16,-7.062,-0.004,-0.021,0.007,-0.24,-0.13,9.41,0,0.07,-0.38,-0.24,-0.21,9.8,1.5425,0,0,90,5.9,2,1016.4,44.3,-11.72,0,1,0,0,0,1
2024-11-27 23:01:53.615000+00:00,50.70781489,0,0,0,1,270,-2,1,21.06,-127,-13,15.688,-0.018,0.039,0.048,-0.24,-0.13,9.41,0,0.07,-0.38,-0.24,-0.21,9.8,1.5425,-1.25,0,90,5.9,2,1016.33,44.3,-11.18,0,1,0,0,0,1
2024-11-27 23:01:54.627000+00:00,50.70781489,0,0,0,1,270,-2,1,21.06,-127,-13,15.688,-0.014,0.029,0.009,-0.24,-0.13,9.41,0,0.07,-0.38,-0.24,-0.21,9.8,1.5425,-1.25,0,90,5.9,2,1016.33,44.3,-11.18,0,1,0,0,0,1
2024-11-27 23:01:55.625000+00:00,50.70781489,0,0,0,1,270,-2,1,21.06,-127,-13,15.688,-0.007,0.028,0.101,-0.24,-0.13,9.41,0,0.07,-0.38,-0.24,-0.21,9.8,1.5425,-1.25,0,90,5.9,2,1016.33,44.3,-11.18,0,1,0,0,0,1
2024-11-27 23:01:56.646000+00:00,50.70781489,0,0,0,1,270,-2,1,22,-127,-13,15.688,0.007,-0.008,0.023,-0.24,-0.13,9.41,0,0.07,-0.38,-0.24,-0.21,9.8,1.5425,-1.25,0,90,5.9,2,1016.33,44.3,-11.18,0,1,0,0,0,1
2024-11-27 23:01:57.645000+00:00,50.70781489,0,0,0,1,270,-2,1,22,-127,-13,15.688,-0.003,-0.009,-0.019,-0.24,-0.13,9.41,0,0.07,-0.38,-0.24,-0.21,9.8,1.5425,-1.25,0,90,5.9,2,1016.33,44.3,-11.18,0,1,0,0,0,1
2024-11-27 23:01:58.795000+00:00,50.70781489,0,0,0,1,270,-2,1,22,-127,-13,15.688,-0.003,-0.023,-0.009,-0.24,-0.13,9.41,0,0.07,-0.38,-0.24,-0.21,9.8,1.5425,-1.25,0,90,5.9,2,1016.33,44.3,-11.18,0,1,0,0,0,1
2024-11-27 23:01:59.666000+00:00,50.70781489,0,0,0,1,270,-2,1,22,-127,-13,15.688,-0.01,-0.009,-0.011,-0.24,-0.13,9.41,0,0.07,-0.38,-0.24,-0.21,9.8,1.5425,-1.25,0,90,5.9,2,1016.33,44.3,-11.18,0,1,0,0,0,1
2024-11-27 23:02:00.677000+00:00,50.70781489,0,0,0,1,270,-2,1,22,-127,-13,15.688,-0.013,-0.002,-0.019,-0.24,-0.13,9.41,0,0.07,-0.38,-0.24,-0.21,9.8,1.5425,-1.25,0,90,5.9,2,1016.33,44.3,-11.18,0,1,0,0,0,1
2024-11-27 23:02:01.703000+00:00,50.70781489,0,0,0,1,270,-2,1,22,-127,-13,15.688,-0.006,-0.048,0.051,-0.24,-0.13,9.41,0,0.07,-0.38,-0.24,-0.21,9.8,1.5425,-1.25,0,90,5.9,2,1016.33,44.3,-11.18,0,1,0,0,0,1
2024-11-27 23:02:02.695000+00:00,50.70781489,0,0,0,1,270,-2,1,22,-127,-13,15.688,-0.014,-0.001,0.001,-0.24,-0.13,9.41,0,0.07,-0.38,-0.24,-0.21,9.8,1.5425,-1.25,0,90,5.9,2,1016.33,44.3,-11.18,0,1,0,0,0,1
2024-11-27 23:02:03.706000+00:00,50.70781489,0,0,0,1,270,-2,1,22,-127,-13,15.688,-0.012,0.017,-0.036,-0.24,-0.13,9.41,0,0.07,-0.38,-0.24,-0.21,9.8,1.5425,-1.25,0,90,5.9,2,1016.33,44.3,-11.18,0,1,0,0,0,1
2024-11-27 23:02:04.714000+00:00,50.70781489,0,0,0,1,270,-2,1,22,-127,-13,15.688,0.003,-0.021,-0.021,-0.24,-0.13,9.41,0,0.07,-0.38,-0.24,-0.21,9.8,1.5425,-1.25,0,90,5.9,2,1016.33,44.3,-11.18,0,1,0,0,0,1
2024-11-27 23:02:05.725000+00:00,50.70781489,0,0,0,1,270,-2,1,22,-127,-13,15.688,-0.026,0.034,-0.029,-0.24,-0.13,9.41,0,0.07,-0.38,-0.24,-0.21,9.8,1.5425,-1.25,0,90,5.9,2,1016.33,44.3,-11.18,0,1,0,0,0,1
2024-11-27 23:02:06.745000+00:00,50.70781489,0,0,0,1,270,-2,1,22,-127,-13,15.688,0.011,-0.021,-0.03,-0.24,-0.13,9.41,0,0.07,-0.38,-0.24,-0.21,9.8,1.5425,-1.25,0,90,5.9,2,1016.33,44.3,-11.18,0,1,0,0,0,1
2024-11-27 23:02:07.745000+00:00,50.70781489,0,0,0,1,270,-2,1,21.06,-127,-13,15.688,-0.01,-0.012,0.013,-0.24,-0.13,9.41,0,0.07,-0.38,-0.24,-0.21,9.8,1.5425,-1.25,0,90,5.9,2,1016.33,44.3,-11.18,0,1,0,0,0,1
2024-11-27 23:02:08.755000+00:00,50.70781489,0,0,0,1,270,-2,1,21.06,-127,-13,15.688,-0.009,-0.033,0.019,-0.24,-0.13,9.41,0,0.07,-0.38,-0.24,-0.21,9.8,1.5425,0,0,90,5.9,2,1016.33,44.3,-11.18,0,1,0,0,0,1
2024-11-27 23:01:51.024000+00:00,49.71082135,0,0,0,1,270,-2,1,21.08,-127,-13,15.688,-0.006,-0.016,0.02,-0.31,0.01,9.42,0.03,0.13,-0.37,-0.34,-0.12,9.79,1.645,-1.25,0,90,5.9,2,1016.39,44.3,-11.59,0,1,0,0,0,1
2024-11-27 23:01:52.045000+00:00,50.44555537,0,0,0,1,270,-2,1,21.08,-127,-13,15.688,-0.006,-0.016,0.02,-0.31,0.01,9.42,0.03,0.13,-0.37,-0.34,-0.12,9.79,1.645,-1.25,0,90,5.9,2,1016.39,44.3,-11.59,0,1,0,0,0,1
2024-11-27 23:01:53.031000+00:00,50.67255807,0,0,0,1,270,-2,1,21.08,-127,-13,15.688,-0.006,-0.016,0.02,-0.31,0.01,9.42,0.03,0.13,-0.37,-0.34,-0.12,9.79,1.645,-1.25,0,90,5.9,2,1016.39,44.3,-11.59,0,1,0,0,0,1
2024-11-27 23:01:54.028000+00:00,49.47782863,0,0,0,1,270,-2,1,21.08,-127,-13,15.688,-0.006,-0.016,0.02,-0.31,0.01,9.42,0.03,0.13,-0.37,-0.34,-0.12,9.79,1.645,-1.25,0,90,5.9,2,1016.39,44.3,-11.59,0,1,0,0,0,1
2024-11-27 23:01:55.037000+00:00,49.47776664,0,0,0,1,270,-2,1,21.08,-127,-13,15.688,-0.006,-0.016,0.02,-0.31,0.01,9.42,0.03,0.13,-0.37,-0.34,-0.12,9.79,1.5425,-1.25,0,90,5.9,2,1016.39,44.3,-11.59,0,1,0,0,0,1
2024-11-27 23:01:56.036000+00:00,49.47772697,0,0,0,1,270,-2,1,21.08,-127,-13,15.688,-0.006,-0.016,0.02,-0.31,0.01,9.42,0.03,0.13,-0.37,-0.34,-0.12,9.79,1.5425,-1.25,0,90,5.9,2,1016.39,44.3,-11.59,0,1,0,0,0,1
2024-11-27 23:01:57.045000+00:00,49.47812466,0,0,0,1,270,-2,1,21.08,-127,-13,15.688,-0.006,-0.016,0.02,-0.31,0.01,9.42,0.03,0.13,-0.37,-0.34,-0.12,9.79,1.5425,-1.25,0,90,5.9,2,1016.39,44.3,-11.59,0,1,0,0,0,1
2024-11-27 23:01:58.047000+00:00,49.70546688,0,0,0,1,270,-2,1,21.08,-127,-13,15.688,-0.006,-0.016,0.02,-0.31,0.01,9.42,0.03,0.13,-0.37,-0.34,-0.12,9.79,1.5425,-1.25,0,90,5.9,2,1016.39,44.3,-11.59,0,1,0,0,0,1
2024-11-27 23:01:59.216000+00:00,49.70534339,0,0,0,1,270,-2,1,21.08,-127,-13,15.688,-0.006,-0.016,0.02,-0.31,0.01,9.42,0.03,0.13,-0.37,-0.34,-0.12,9.79,1.5425,-1.25,0,90,5.9,2,1016.39,44.3,-11.59,0,1,0,0,0,1
2024-11-27 23:02:00.056000+00:00,48.51085233,0,0,0,1,270,-2,1,22,-127,-13,15.688,-0.006,-0.016,0.02,-0.31,0.01,9.42,0.03,0.13,-0.37,-0.34,-0.12,9.79,1.5425,-1.25,0,90,5.9,2,1016.39,44.3,-11.59,0,1,0,0,0,1
2024-11-27 23:02:01.056000+00:00,48.28370053,0,0,0,1,270,-2,1,22,-127,-13,15.688,-0.006,-0.016,0.02,-0.31,0.01,9.42,0.03,0.13,-0.37,-0.34,-0.12,9.79,1.5425,-1.25,0,90,5.9,2,1016.39,44.3,-11.59,0,1,0,0,0,1
2024-11-27 23:02:02.065000+00:00,48.05668992,0,0,0,1,270,-2,1,22,-127,-13,15.688,-0.006,-0.016,0.02,-0.31,0.01,9.42,0.03,0.13,-0.37,-0.34,-0.12,9.79,1.5425,-1.25,0,90,5.9,2,1016.39,44.3,-11.59,0,1,0,0,0,1
2024-11-27 23:02:03.065000+00:00,48.28399444,0,0,0,1,270,-2,1,22,-127,-13,15.688,-0.006,-0.016,0.02,-0.31,0.01,9.42,0.03,0.13,-0.37,-0.34,-0.12,9.79,1.5425,-1.25,0,90,5.9,2,1016.39,44.3,-11.59,0,1,0,0,0,1
2024-11-27 23:02:04.069000+00:00,48.70328425,0,0,0,1,270,-2,1,22,-127,-13,15.688,-0.006,-0.016,0.02,-0.31,0.01,9.42,0.03,0.13,-0.37,-0.34,-0.12,9.79,1.5425,-1.25,0,90,5.9,2,1016.39,44.3,-11.59,0,1,0,0,0,1
2024-11-27 23:02:05.076000+00:00,48.70322375,0,0,0,1,270,-2,1,22,-127,-13,15.688,-0.006,-0.016,0.02,-0.31,0.01,9.42,0.03,0.13,-0.37,-0.34,-0.12,9.79,1.5425,-1.25,0,90,5.9,2,1016.39,44.3,-11.59,0,1,0,0,0,1
2024-11-27 23:02:06.077000+00:00,48.93029801,0,0,0,1,270,-2,1,22,-127,-13,15.688,-0.006,-0.016,0.02,-0.31,0.01,9.42,0.03,0.13,-0.37,-0.34,-0.12,9.79,1.5425,0,0,90,5.9,2,1016.39,44.3,-11.59,0,1,0,0,0,1
2024-11-27 23:02:07.075000+00:00,48.93053649,0,0,0,1,270,-2,1,22,-127,-13,15.688,-0.006,-0.016,0.02,-0.31,0.01,9.42,0.03,0.13,-0.37,-0.34,-0.12,9.79,1.5425,0,0,90,5.9,2,1016.39,44.3,-11.59,0,1,0,0,0,1
2024-11-27 23:02:08.085000+00:00,48.93072838,0,0,0,1,270,-2,1,22,-127,-13,15.688,-0.006,-0.016,0.02,-0.31,0.01,9.42,0.03,0.13,-0.37,-0.34,-0.12,9.79,1.5425,0,0,90,5.9,2,1016.39,44.3,-11.59,0,1,0,0,0,1
2024-11-27 23:02:09.085000+00:00,49.15801872,0,0,0,1,270,-2,1,21.08,-127,-13,15.688,-0.006,-0.016,0.02,-0.31,0.01,9.42,0.03,0.13,-0.37,-0.34,-0.12,9.79,1.5425,0,0,90,5.9,2,1016.39,44.3,-11.59,0,1,0,0,0,1
2024-11-27 23:02:10.085000+00:00,49.15807475,0,0,0,1,270,-2,1,21.08,-127,-13,15.688,-0.006,-0.016,0.02,-0.31,0.01,9.42,0.03,0.13,-0.37,-0.34,-0.12,9.79,1.5425,0,0,90,5.9,2,1016.39,44.3,-11.59,0,1,0,0,0,1
2024-11-27 23:02:11.095000+00:00,49.38510617,0,0,0,1,270,-2,1,21.08,-127,-13,15.688,-0.006,-0.016,0.02,-0.31,0.01,9.42,0.03,0.13,-0.37,-0.34,-0.12,9.79,1.5425,0,0,90,5.9,2,1016.39,44.3,-11.59,0,1,0,0,0,1
2024-11-27 23:02:12.094000+00:00,49.384886,0,0,0,1,270,-2,1,21.08,-127,-13,15.688,-0.006,-0.016,0.02,-0.31,0.01,9.42,0.03,0.13,-0.37,-0.34,-0.12,9.79,1.5425,0,0,90,5.9,2,1016.39,44.3,-11.59,0,1,0,0,0,1
2024-11-27 23:02:13.206000+00:00,49.38473789,0,0,0,1,270,-2,1,21.08,-127,-13,15.688,-0.006,-0.016,0.02,-0.31,0.01,9.42,0.03,0.13,-0.37,-0.34,-0.12,9.79,1.5425,0,0,90,5.9,2,1016.39,44.3,-11.59,0,1,0,0,0,1
2024-11-27 23:02:14.104000+00:00,50.57916831,0,0,0,1,270,-2,1,21.08,-127,-13,15.688,-0.006,-0.016,0.02,-0.31,0.01,9.42,0.03,0.13,-0.37,-0.34,-0.12,9.79,1.5425,0,0,90,5.9,2,1016.39,44.3,-11.59,0,1,0,0,0,1
2024-11-27 23:02:15.112000+00:00,50.80615027,0,0,0,1,270,-2,1,21.08,-127,-13,15.688,-0.006,-0.016,0.02,-0.31,0.01,9.42,0.03,0.13,-0.37,-0.34,-0.12,9.79,1.5425,0,0,90,5.9,2,1016.39,44.3,-11.59,0,1,0,0,0,1
2024-11-27 23:02:16.155000+00:00,50.8060625,0,0,0,1,270,-2,1,21.08,-127,-13,15.688,-0.006,-0.016,0.02,-0.31,0.01,9.42,0.03,0.13,-0.37,-0.34,-0.12,9.79,1.5425,0,0,90,5.9,2,1016.39,44.3,-11.59,0,1,0,0,0,1
2024-11-27 23:02:17.117000+00:00,50.57888056,0,0,0,1,270,-2,1,22,-127,-13,15.688,-0.006,-0.016,0.02,-0.31,0.01,9.42,0.03,0.13,-0.37,-0.34,-0.12,9.79,1.5425,-1.25,0,90,5.9,2,1016.39,44.3,-11.59,0,1,0,0,0,1
2024-11-27 23:02:18.114000+00:00,50.35170195,0,0,0,1,270,-2,1,22,-127,-13,15.688,-0.006,-0.016,0.02,-0.31,0.01,9.42,0.03,0.13,-0.37,-0.34,-0.12,9.79,1.5425,-1.25,0,90,5.9,2,1016.39,44.3,-11.59,0,1,0,0,0,1
2024-11-27 23:02:19.125000+00:00,50.35153534,0,0,0,1,270,-2,1,22,-127,-13,15.688,-0.006,-0.016,0.02,-0.31,0.01,9.42,0.03,0.13,-0.37,-0.34,-0.12,9.79,1.5425,-1.25,0,90,5.9,2,1016.39,44.3,-11.59,0,1,0,0,0,1
2024-11-27 23:02:20.125000+00:00,51.54618459,0,0,0,1,270,-2,1,22,-127,-13,15.688,-0.006,-0.016,0.02,-0.31,0.01,9.42,0.03,0.13,-0.37,-0.34,-0.12,9.79,1.5425,-1.25,0,90,5.9,2,1016.39,44.3,-11.59,0,1,0,0,0,1
2024-11-27 23:02:21.128000+00:00,51.54640326,0,0,0,1,270,-2,1,22,-127,-13,15.688,-0.006,-0.016,0.02,-0.31,0.01,9.42,0.03,0.13,-0.37,-0.34,-0.12,9.79,1.5425,-1.25,0,90,5.9,2,1016.39,44.3,-11.59,0,1,0,0,0,1
2024-11-27 23:02:22.144000+00:00,51.54648408,0,0,0,1,270,-2,1,22,-127,-13,15.688,-0.006,-0.016,0.02,-0.31,0.01,9.42,0.03,0.13,-0.37,-0.34,-0.12,9.79,1.5425,-1.25,0,90,5.9,2,1016.39,44.3,-11.59,0,1,0,0,0,1
2024-11-27 23:02:23.294000+00:00,51.31946564,0,0,0,1,270,-2,1,22,-127,-13,15.688,-0.006,-0.016,0.02,-0.31,0.01,9.42,0.03,0.13,-0.37,-0.34,-0.12,9.79,1.5425,-1.25,0,90,5.9,2,1016.39,44.3,-11.59,0,1,0,0,0,1
2024-11-27 23:02:24.155000+00:00,51.31950399,0,0,0,1,270,-2,1,22,-127,-13,15.688,-0.006,-0.016,0.02,-0.31,0.01,9.42,0.03,0.13,-0.37,-0.34,-0.12,9.79,1.5425,-1.25,0,90,5.9,2,1016.39,44.3,-11.59,0,1,0,0,0,1
2024-11-27 23:02:25.164000+00:00,51.54652279,0,0,0,1,270,-2,1,22,-127,-13,15.688,-0.006,-0.016,0.02,-0.31,0.01,9.42,0.03,0.13,-0.37,-0.34,-0.12,9.79,1.5425,-1.25,0,90,5.9,2,1016.39,44.3,-11.59,0,1,0,0,0,1
2024-11-27 23:02:26.174000+00:00,51.31934341,0,0,0,1,270,-2,1,21.08,-127,-13,15.688,-0.006,-0.016,0.02,-0.31,0.01,9.42,0.03,0.13,-0.37,-0.34,-0.12,9.79,1.5425,-1.25,0,90,5.9,2,1016.39,44.3,-11.59,0,1,0,0,0,1
2024-11-27 23:02:27.175000+00:00,51.54637592,0,0,0,1,270,-2,1,21.08,-127,-13,15.688,-0.006,-0.016,0.02,-0.31,0.01,9.42,0.03,0.13,-0.37,-0.34,-0.12,9.79,1.5425,-1.25,0,90,5.9,2,1016.39,44.3,-11.59,0,1,0,0,0,1
2024-11-27 23:02:28.203000+00:00,51.54634964,0,0,0,1,270,-2,1,21.08,-127,-13,15.688,-0.006,-0.016,0.02,-0.31,0.01,9.42,0.03,0.13,-0.37,-0.34,-0.12,9.79,1.5425,-1.25,0,90,5.9,2,1016.39,44.3,-11.59,0,1,0,0,0,1
2024-11-27 23:02:29.194000+00:00,51.54628414,0,0,0,1,270,-2,1,21.08,-127,-13,15.688,-0.006,-0.016,0.02,-0.31,0.01,9.42,0.03,0.13,-0.37,-0.34,-0.12,9.79,1.5425,-1.25,0,90,5.9,2,1016.39,44.3,-11.59,0,1,0,0,0,1
2024-11-27 23:02:30.204000+00:00,51.54620183,0,0,0,1,270,-2,1,21.08,-127,-13,15.688,-0.006,-0.016,0.02,-0.31,0.01,9.42,0.03,0.13,-0.37,-0.34,-0.12,9.79,1.5425,-1.25,0,90,5.9,2,1016.39,44.3,-11.59,0,1,0,0,0,1
2024-11-27 23:02:31.264000+00:00,51.31914016,0,0,0,1,270,-2,1,21.08,-127,-13,15.688,-0.006,-0.016,0.02,-0.31,0.01,9.42,0.03,0.13,-0.37,-0.34,-0.12,9.79,1.5425,-1.25,0,90,5.9,2,1016.39,44.3,-11.59,0,1,0,0,0,1
2024-11-27 23:02:32.374000+00:00,51.3191709,0,0,0,1,270,-2,1,21.08,-127,-13,15.688,-0.006,-0.016,0.02,-0.31,0.01,9.42,0.03,0.13,-0.37,-0.34,-0.12,9.79,1.5425,-1.25,0,90,5.9,2,1016.39,44.3,-11.59,0,1,0,0,0,1
2024-11-27 23:02:33.363000+00:00,50.89999013,0,0,0,1,270,-2,1,21.08,-127,-13,15.688,-0.006,-0.016,0.02,-0.31,0.01,9.42,0.03,0.13,-0.37,-0.34,-0.12,9.79,1.5425,-1.25,0,90,5.9,2,1016.39,44.3,-11.59,0,1,0,0,0,1
2024-11-27 23:02:34.421000+00:00,50.89998517,0,0,0,1,270,-2,1,22,-127,-13,15.688,-0.006,-0.016,0.02,-0.31,0.01,9.42,0.03,0.13,-0.37,-0.34,-0.12,9.79,1.5425,0,0,90,5.9,2,1016.39,44.3,-11.59,0,1,0,0,0,1
2024-11-27 23:02:35.363000+00:00,50.90001645,0,0,0,1,270,-2,1,22,-127,-13,15.688,-0.006,-0.016,0.02,-0.31,0.01,9.42,0.03,0.13,-0.37,-0.34,-0.12,9.79,1.5425,0,0,90,5.9,2,1016.39,44.3,-11.59,0,1,0,0,0,1
2024-11-27 23:02:36.393000+00:00,50.90009231,0,0,0,1,270,-2,1,22,-127,-13,15.688,-0.006,-0.016,0.02,-0.31,0.01,9.42,0.03,0.13,-0.37,-0.34,-0.12,9.79,1.5425,0,0,90,5.9,2,1016.39,44.3,-11.59,0,1,0,0,0,1
2024-11-27 23:02:37.376000+00:00,50.90007843,0,0,0,1,270,-2,1,22,-127,-13,15.688,-0.006,-0.016,0.02,-0.31,0.01,9.42,0.03,0.13,-0.37,-0.34,-0.12,9.79,1.5425,0,0,90,5.9,2,1016.39,44.3,-11.59,0,1,0,0,0,1
2024-11-27 23:02:38.383000+00:00,50.70792297,0,0,0,1,270,-2,1,22,-127,-13,15.688,-0.006,-0.016,0.02,-0.31,0.01,9.42,0.03,0.13,-0.37,-0.34,-0.12,9.79,1.5425,0,0,90,5.9,2,1016.39,44.3,-11.59,0,1,0,0,0,1
2024-11-27 23:02:39.393000+00:00,50.70781489,0,0,0,1,270,-2,1,22,-127,-13,15.688,-0.006,-0.016,0.02,-0.31,0.01,9.42,0.03,0.13,-0.37,-0.34,-0.12,9.79,1.5425,0,0,90,5.9,2,1016.39,44.3,-11.59,0,1,0,0,0,1
2024-11-27 23:02:40.404000+00:00,50.70781489,0,0,0,1,270,-2,1,22,-127,-13,15.688,-0.006,-0.016,0.02,-0.31,0.01,9.42,0.03,0.13,-0.37,-0.34,-0.12,9.79,1.5425,0,0,90,5.9,2,1016.39,44.3,-11.59,0,1,0,0,0,1
2024-11-27 23:02:41.413000+00:00,50.70781489,0,0,0,1,270,-2,1,22,-127,-13,15.688,-0.006,-0.016,0.02,-0.31,0.01,9.42,0.03,0.13,-0.37,-0.34,-0.12,9.79,1.5425,0,0,90,5.9,2,1016.39,44.3,-11.59,0,1,0,0,0,1
2024-11-27 23:02:42.423000+00:00,50.70781489,0,0,0,1,270,-2,1,22,-127,-13,15.688,-0.006,-0.016,0.02,-0.31,0.01,9.42,0.03,0.13,-0.37,-0.34,-0.12,9.79,1.5425,0,0,90,5.9,2,1016.39,44.3,-11.59,0,1,0,0,0,1
2024-11-27 23:02:43.432000+00:00,50.70781489,0,0,0,1,270,-2,1,21.08,-127,-13,15.688,-0.006,-0.016,0.02,-0.31,0.01,9.42,0.03,0.13,-0.37,-0.34,-0.12,9.79,1.5425,0,0,90,5.9,2,1016.39,44.3,-11.59,0,1,0,0,0,1
2024-11-27 23:02:44.434000+00:00,50.70781489,0,0,0,1,270,-2,1,21.08,-127,-13,15.688,-0.006,-0.016,0.02,-0.31,0.01,9.42,0.03,0.13,-0.37,-0.34,-0.12,9.79,1.5425,0,0,90,5.9,2,1016.39,44.3,-11.59,0,1,0,0,0,1
2024-11-27 23:02:45.433000+00:00,50.70781489,0,0,0,1,270,-2,1,21.08,-127,-13,15.688,-0.006,-0.016,0.02,-0.31,0.01,9.42,0.03,0.13,-0.37,-0.34,-0.12,9.79,1.5425,0,0,90,5.9,2,1016.39,44.3,-11.59,0,1,0,0,0,1
2024-11-27 23:02:46.433000+00:00,50.70781489,0,0,0,1,270,-2,1,21.08,-127,-13,15.688,-0.006,-0.016,0.02,-0.31,0.01,9.42,0.03,0.13,-0.37,-0.34,-0.12,9.79,1.5425,0,0,90,5.9,2,1016.39,44.3,-11.59,0,1,0,0,0,1
2024-11-27 23:02:47.434000+00:00,50.70781489,0,0,0,1,270,-2,1,21.08,-127,-13,15.688,-0.006,-0.016,0.02,-0.31,0.01,9.42,0.03,0.13,-0.37,-0.34,-0.12,9.79,1.5425,0,0,90,5.9,2,1016.39,44.3,-11.59,0,1,0,0,0,1
2024-11-27 23:02:48.454000+00:00,50.70781489,0,0,0,1,270,-2,1,21.08,-127,-13,15.688,-0.006,-0.016,0.02,-0.31,0.01,9.42,0.03,0.13,-0.37,-0.34,-0.12,9.79,1.5425,0,0,90,5.9,2,1016.39,44.3,-11.59,0,1,0,0,0,1
2024-11-27 23:01:48.125000+00:00,50.70781489,0,0,0,1,225,-2,1,21.05,-75.75,-16,-7.062,-0.004,-0.021,0.007,-0.24,-0.13,9.41,0,0.07,-0.38,-0.24,-0.21,9.8,1.5425,0,0,135,5.9,3,1016.4,44.3,-11.72,0,1,0,0,0,1
2024-11-27 23:01:48.176000+00:00,50.70781489,0,0,0,1,225,-2,1,21.05,-75.75,-16,-7.062,-0.004,-0.021,0.007,-0.24,-0.13,9.41,0,0.07,-0.38,-0.24,-0.21,9.8,1.5425,0,0,135,5.9,3,1016.4,44.3,-11.72,0,1,0,0,0,1
2024-11-27 23:01:51.794000+00:00,50.70781489,0,0,0,1,225,-2,1,21.05,-75.75,-16,-7.062,-0.004,-0.021,0.007,-0.24,-0.13,9.41,0,0.07,-0.38,-0.24,-0.21,9.8,1.5425,0,0,135,5.9,3,1016.4,44.3,-11.72,0,1,0,0,0,1
2024-11-27 23:01:51.845000+00:00,50.70781489,0,0,0,1,225,-2,1,21.05,-75.75,-16,-7.062,-0.004,-0.021,0.007,-0.24,-0.13,9.41,0,0.07,-0.38,-0.24,-0.21,9.8,1.5425,0,0,135,5.9,3,1016.4,44.3,-11.72,0,1,0,0,0,1
2024-11-27 23:01:51.895000+00:00,50.70781489,0,0,0,1,225,-2,1,22,-75.75,-16,-7.062,-0.004,-0.021,0.007,-0.24,-0.13,9.41,0,0.07,-0.38,-0.24,-0.21,9.8,1.5425,0,0,135,5.9,3,1016.4,44.3,-11.72,0,1,0,0,0,1
2024-11-27 23:01:51.944000+00:00,50.70781489,0,0,0,1,225,-2,1,22,-75.75,-16,-7.062,-0.004,-0.021,0.007,-0.24,-0.13,9.41,0,0.07,-0.38,-0.24,-0.21,9.8,1.5425,0,0,135,5.9,3,1016.4,44.3,-11.72,0,1,0,0,0,1
2024-11-27 23:01:54.930000+00:00,50.70781489,0,0,0,1,225,-2,1,22,-75.75,-16,-7.062,-0.004,-0.021,0.007,-0.24,-0.13,9.41,0,0.07,-0.38,-0.24,-0.21,9.8,1.5425,0,0,135,5.9,3,1016.4,44.3,-11.72,0,1,0,0,0,1
2024-11-27 23:01:55.135000+00:00,50.70781489,0,0,0,1,225,-2,1,22,-75.75,-16,-7.062,-0.004,-0.021,0.007,-0.24,-0.13,9.41,0,0.07,-0.38,-0.24,-0.21,9.8,1.5425,0,0,135,5.9,3,1016.4,44.3,-11.72,0,1,0,0,0,1
2024-11-27 23:01:55.185000+00:00,50.70781489,0,0,0,1,225,-2,1,22,-75.75,-16,-7.062,-0.004,-0.021,0.007,-0.24,-0.13,9.41,0,0.07,-0.38,-0.24,-0.21,9.8,1.5425,0,0,135,5.9,3,1016.4,44.3,-11.72,0,1,0,0,0,1
2024-11-27 23:01:55.235000+00:00,50.70781489,0,0,0,1,225,-2,1,22,-75.75,-16,-7.062,-0.004,-0.021,0.007,-0.24,-0.13,9.41,0,0.07,-0.38,-0.24,-0.21,9.8,1.5425,0,0,135,5.9,3,1016.4,44.3,-11.72,0,1,0,0,0,1
2024-11-27 23:01:58.644000+00:00,50.70781489,0,0,0,1,225,-2,1,22,-75.75,-16,-7.062,-0.004,-0.021,0.007,-0.24,-0.13,9.41,0,0.07,-0.38,-0.24,-0.21,9.8,1.5425,0,0,135,5.9,3,1016.4,44.3,-11.72,0,1,0,0,0,1
2024-11-27 23:01:58.995000+00:00,50.70781489,0,0,0,1,225,-2,1,22,-75.75,-16,-7.062,-0.004,-0.021,0.007,-0.24,-0.13,9.41,0,0.07,-0.38,-0.24,-0.21,9.8,1.5425,0,0,135,5.9,3,1016.4,44.3,-11.72,0,1,0,0,0,1
2024-11-27 23:01:59.044000+00:00,50.70781489,0,0,0,1,225,-2,1,22,-75.75,-16,-7.062,-0.004,-0.021,0.007,-0.24,-0.13,9.41,0,0.07,-0.38,-0.24,-0.21,9.8,1.5425,0,0,135,5.9,3,1016.4,44.3,-11.72,0,1,0,0,0,1
2024-11-27 23:01:59.095000+00:00,50.70781489,0,0,0,1,225,-2,1,22,-75.75,-16,-7.062,-0.004,-0.021,0.007,-0.24,-0.13,9.41,0,0.07,-0.38,-0.24,-0.21,9.8,1.5425,0,0,135,5.9,3,1016.4,44.3,-11.72,0,1,0,0,0,1
2024-11-27 23:02:27.175000+00:00,50.70781489,0,0,0,1,225,-2,1,21.08,-127,-13,15.688,-0.006,-0.016,0.02,-0.31,0.01,9.42,0.03,0.13,-0.37,-0.34,-0.12,9.79,1.5425,-1.25,0,135,5.9,3,1016.39,44.3,-11.59,0,1,0,0,0,1
2024-11-27 23:02:28.203000+00:00,50.70781489,0,0,0,1,225,-2,1,21.08,-127,-13,15.688,-0.006,-0.016,0.02,-0.31,0.01,9.42,0.03,0.13,-0.37,-0.34,-0.12,9.79,1.5425,-1.25,0,135,5.9,3,1016.39,44.3,-11.59,0,1,0,0,0,1
2024-11-27 23:02:29.194000+00:00,50.70781489,0,0,0,1,225,-2,1,21.08,-127,-13,15.688,-0.006,-0.016,0.02,-0.31,0.01,9.42,0.03,0.13,-0.37,-0.34,-0.12,9.79,1.5425,-1.25,0,135,5.9,3,1016.39,44.3,-11.59,0,1,0,0,0,1
2024-11-27 23:02:30.204000+00:00,50.70781489,0,0,0,1,225,-2,1,21.08,-127,-13,15.688,-0.006,-0.016,0.02,-0.31,0.01,9.42,0.03,0.13,-0.37,-0.34,-0.12,9.79,1.5425,-1.25,0,135,5.9,3,1016.39,44.3,-11.59,0,1,0,0,0,1
2024-11-27 23:02:31.264000+00:00,50.70781489,0,0,0,1,225,-2,1,21.08,-127,-13,15.688,-0.006,-0.016,0.02,-0.31,0.01,9.42,0.03,0.13,-0.37,-0.34,-0.12,9.79,1.5425,-1.25,0,135,5.9,3,1016.39,44.3,-11.59,0,1,0,0,0,1
2024-11-27 23:02:32.374000+00:00,50.70781489,0,0,0,1,225,-2,1,21.08,-127,-13,15.688,-0.006,-0.016,0.02,-0.31,0.01,9.42,0.03,0.13,-0.37,-0.34,-0.12,9.79,1.5425,-1.25,0,135,5.9,3,1016.39,44.3,-11.59,0,1,0,0,0,1
2024-11-27 23:02:33.363000+00:00,50.70781489,0,0,0,1,225,-2,1,21.08,-127,-13,15.688,-0.006,-0.016,0.02,-0.31,0.01,9.42,0.03,0.13,-0.37,-0.34,-0.12,9.79,1.5425,-1.25,0,135,5.9,3,1016.39,44.3,-11.59,0,1,0,0,0,1
2024-11-27 23:02:34.421000+00:00,50.70781489,0,0,0,1,225,-2,1,22,-127,-13,15.688,-0.006,-0.016,0.02,-0.31,0.01,9.42,0.03,0.13,-0.37,-0.34,-0.12,9.79,1.5425,0,0,135,5.9,3,1016.39,44.3,-11.59,0,1,0,0,0,1
2024-11-27 23:02:35.363000+00:00,50.70781489,0,0,0,1,225,-2,1,22,-127,-13,15.688,-0.006,-0.016,0.02,-0.31,0.01,9.42,0.03,0.13,-0.37,-0.34,-0.12,9.79,1.5425,0,0,135,5.9,3,1016.39,44.3,-11.59,0,1,0,0,0,1
2024-11-27 23:02:36.393000+00:00,50.70781489,0,0,0,1,225,-2,1,22,-127,-13,15.688,-0.006,-0.016,0.02,-0.31,0.01,9.42,0.03,0.13,-0.37,-0.34,-0.12,9.79,1.5425,0,0,135,5.9,3,1016.39,44.3,-11.59,0,1,0,0,0,1
2024-11-27 23:02:37.376000+00:00,50.70781489,0,0,0,1,225,-2,1,22,-127,-13,15.688,-0.006,-0.016,0.02,-0.31,0.01,9.42,0.03,0.13,-0.37,-0.34,-0.12,9.79,1.5425,0,0,135,5.9,3,1016.39,44.3,-11.59,0,1,0,0,0,1
2024-11-27 23:02:38.383000+00:00,50.70781489,0,0,0,1,225,-2,1,22,-127,-13,15.688,-0.006,-0.016,0.02,-0.31,0.01,9.42,0.03,0.13,-0.37,-0.34,-0.12,9.79,1.5425,0,0,135,5.9,3,1016.39,44.3,-11.59,0,1,0,0,0,1
2024-11-27 23:02:39.393000+00:00,50.70781489,0,0,0,1,225,-2,1,22,-127,-13,15.688,-0.006,-0.016,0.02,-0.31,0.01,9.42,0.03,0.13,-0.37,-0.34,-0.12,9.79,1.5425,0,0,135,5.9,3,1016.39,44.3,-11.59,0,1,0,0,0,1
2024-11-27 23:02:40.404000+00:00,50.70781489,0,0,0,1,225,-2,1,22,-127,-13,15.688,-0.006,-0.016,0.02,-0.31,0.01,9.42,0.03,0.13,-0.37,-0.34,-0.12,9.79,1.5425,0,0,135,5.9,3,1016.39,44.3,-11.59,0,1,0,0,0,1
2024-11-27 23:02:41.413000+00:00,50.70781489,0,0,0,1,225,-2,1,22,-127,-13,15.688,-0.006,-0.016,0.02,-0.31,0.01,9.42,0.03,0.13,-0.37,-0.34,-0.12,9.79,1.5425,0,0,135,5.9,3,1016.39,44.3,-11.59,0,1,0,0,0,1
2024-11-27 23:02:42.423000+00:00,50.70781489,0,0,0,1,225,-2,1,22,-127,-13,15.688,-0.006,-0.016,0.02,-0.31,0.01,9.42,0.03,0.13,-0.37,-0.34,-0.12,9.79,1.5425,0,0,135,5.9,3,1016.39,44.3,-11.59,0,1,0,0,0,1
2024-11-27 23:02:43.432000+00:00,50.70781489,0,0,0,1,225,-2,1,21.08,-127,-13,15.688,-0.006,-0.016,0.02,-0.31,0.01,9.42,0.03,0.13,-0.37,-0.34,-0.12,9.79,1.5425,0,0,135,5.9,3,1016.39,44.3,-11.59,0,1,0,0,0,1
2024-11-27 23:02:44.434000+00:00,50.70781489,0,0,0,1,225,-2,1,21.08,-127,-13,15.688,-0.006,-0.016,0.02,-0.31,0.01,9.42,0.03,0.13,-0.37,-0.34,-0.12,9.79,1.5425,0,0,135,5.9,3,1016.39,44.3,-11.59,0,1,0,0,0,1
2024-11-27 23:02:45.433000+00:00,50.70781489,0,0,0,1,225,-2,1,21.08,-127,-13,15.688,-0.006,-0.016,0.02,-0.31,0.01,9.42,0.03,0.13,-0.37,-0.34,-0.12,9.79,1.5425,0,0,135,5.9,3,1016.39,44.3,-11.59,0,1,0,0,0,1
2024-11-27 23:02:46.433000+00:00,50.70781489,0,0,0,1,225,-2,1,21.08,-127,-13,15.688,-0.006,-0.016,0.02,-0.31,0.01,9.42,0.03,0.13,-0.37,-0.34,-0.12,9.79,1.5425,0,0,135,5.9,3,1016.39,44.3,-11.59,0,1,0,0,0,1
2024-11-27 23:02:47.434000+00:00,50.70781489,0,0,0,1,225,-2,1,21.08,-127,-13,15.688,-0.006,-0.016,0.02,-0.31,0.01,9.42,0.03,0.13,-0.37,-0.34,-0.12,9.79,1.5425,0,0,135,5.9,3,1016.39,44.3,-11.59,0,1,0,0,0,1
2024-11-27 23:02:48.454000+00:00,50.70781489,0,0,0,1,225,-2,1,21.08,-127,-13,15.688,-0.006,-0.016,0.02,-0.31,0.01,9.42,0.03,0.13,-0.37,-0.34,-0.12,9.79,1.5425,0,0,135,5.9,3,1016.39,44.3,-11.59,0,1,0,0,0,1
2024-11-27 23:01:48.125000+00:00,50.70781489,0,0,0,1,180,-2,1,21.05,-75.75,-16,-7.062,-0.004,-0.021,0.007,-0.24,-0.13,9.41,0,0.07,-0.38,-0.24,-0.21,9.8,1.5425,0,0,180,5.9,4,1016.4,44.3,-11.72,0,1,0,0,0,1
2024-11-27 23:01:48.176000+00:00,50.70781489,0,0,0,1,180,-2,1,21.05,-75.75,-16,-7.062,-0.004,-0.021,0.007,-0.24,-0.13,9.41,0,0.07,-0.38,-0.24,-0.21,9.8,1.5425,0,0,180,5.9,4,1016.4,44.3,-11.72,0,1,0,0,0,1
2024-11-27 23:01:51.794000+00:00,50.70781489,0,0,0,1,180,-2,1,21.05,-75.75,-16,-7.062,-0.004,-0.021,0.007,-0.24,-0.13,9.41,0,0.07,-0.38,-0.24,-0.21,9.8,1.5425,0,0,180,5.9,4,1016.4,44.3,-11.72,0,1,0,0,0,1
2024-11-27 23:01:51.845000+00:00,50.70781489,0,0,0,1,180,-2,1,21.05,-75.75,-16,-7.062,-0.004,-0.021,0.007,-0.24,-0.13,9.41,0,0.07,-0.38,-0.24,-0.21,9.8,1.5425,0,0,180,5.9,4,1016.4,44.3,-11.72,0,1,0,0,0,1
2024-11-27 23:02:13.105000+00:00,50.70781489,0,0,0,1,180,-2,1,21.05,-75.75,-16,-7.062,-0.004,-0.021,0.007,-0.24,-0.13,9.41,0,0.07,-0.38,-0.24,-0.21,9.8,1.5425,0,0,180,5.9,4,1016.4,44.3,-11.72,0,1,0,0,0,1
2024-11-27 23:02:22.144000+00:00,50.70781489,0,0,0,1,180,-2,1,22,-127,-13,15.688,-0.006,-0.016,0.02,-0.31,0.01,9.42,0.03,0.13,-0.37,-0.34,-0.12,9.79,1.5425,-1.25,0,180,5.9,4,1016.39,44.3,-11.59,0,1,0,0,0,1
2024-11-27 23:02:23.294000+00:00,50.70781489,0,0,0,1,180,-2,1,22,-127,-13,15.688,-0.006,-0.016,0.02,-0.31,0.01,9.42,0.03,0.13,-0.37,-0.34,-0.12,9.79,1.5425,-1.25,0,180,5.9,4,1016.39,44.3,-11.59,0,1,0,0,0,1
2024-11-27 23:02:24.155000+00:00,50.70781489,0,0,0,1,180,-2,1,22,-127,-13,15.688,-0.006,-0.016,0.02,-0.31,0.01,9.42,0.03,0.13,-0.37,-0.34,-0.12,9.79,1.5425,-1.25,0,180,5.9,4,1016.39,44.3,-11.59,0,1,0,0,0,1
2024-11-27 23:02:25.164000+00:00,50.70781489,0,0,0,1,180,-2,1,22,-127,-13,15.688,-0.006,-0.016,0.02,-0.31,0.01,9.42,0.03,0.13,-0.37,-0.34,-0.12,9.79,1.5425,-1.25,0,180,5.9,4,1016.39,44.3,-11.59,0,1,0,0,0,1
2024-11-27 23:02:26.174000+00:00,50.70781489,0,0,0,1,180,-2,1,21.08,-127,-13,15.688,-0.006,-0.016,0.02,-0.31,0.01,9.42,0.03,0.13,-0.37,-0.34,-0.12,9.79,1.5425,-1.25,0,180,5.9,4,1016.39,44.3,-11.59,0,1,0,0,0,1
2024-11-27 23:02:27.175000+00:00,50.70781489,0,0,0,1,180,-2,1,21.08,-127,-13,15.688,-0.006,-0.016,0.02,-0.31,0.01,9.42,0.03,0.13,-0.37,-0.34,-0.12,9.79,1.5425,-1.25,0,180,5.9,4,1016.39,44.3,-11.59,0,1,0,0,0,1
2024-11-27 23:02:28.203000+00:00,50.70781489,0,0,0,1,180,-2,1,21.08,-127,-13,15.688,-0.006,-0.016,0.02,-0.31,0.01,9.42,0.03,0.13,-0.37,-0.34,-0.12,9.79,1.5425,-1.25,0,180,5.9,4,1016.39,44.3,-11.59,0,1,0,0,0,1
2024-11-27 23:02:29.194000+00:00,50.70781489,0,0,0,1,180,-2,1,21.08,-127,-13,15.688,-0.006,-0.016,0.02,-0.31,0.01,9.42,0.03,0.13,-0.37,-0.34,-0.12,9.79,1.5425,-1.25,0,180,5.9,4,1016.39,44.3,-11.59,0,1,0,0,0,1
2024-11-27 23:02:30.204000+00:00,50.70781489,0,0,0,1,180,-2,1,21.08,-127,-13,15.688,-0.006,-0.016,0.02,-0.31,0.01,9.42,0.03,0.13,-0.37,-0.34,-0.12,9.79,1.5425,-1.25,0,180,5.9,4,1016.39,44.3,-11.59,0,1,0,0,0,1
2024-11-27 23:02:31.264000+00:00,50.70781489,0,0,0,1,180,-2,1,21.08,-127,-13,15.688,-0.006,-0.016,0.02,-0.31,0.01,9.42,0.03,0.13,-0.37,-0.34,-0.12,9.79,1.5425,-1.25,0,180,5.9,4,1016.39,44.3,-11.59,0,1,0,0,0,1
2024-11-27 23:02:32.374000+00:00,50.70781489,0,0,0,1,180,-2,1,21.08,-127,-13,15.688,-0.006,-0.016,0.02,-0.31,0.01,9.42,0.03,0.13,-0.37,-0.34,-0.12,9.79,1.5425,-1.25,0,180,5.9,4,1016.39,44.3,-11.59,0,1,0,0,0,1
2024-11-27 23:02:33.363000+00:00,50.70781489,0,0,0,1,180,-2,1,21.08,-127,-13,15.688,-0.006,-0.016,0.02,-0.31,0.01,9.42,0.03,0.13,-0.37,-0.34,-0.12,9.79,1.5425,-1.25,0,180,5.9,4,1016.39,44.3,-11.59,0,1,0,0,0,1
2024-11-27 23:02:34.421000+00:00,50.70781489,0,0,0,1,180,-2,1,22,-127,-13,15.688,-0.006,-0.016,0.02,-0.31,0.01,9.42,0.03,0.13,-0.37,-0.34,-0.12,9.79,1.5425,0,0,180,5.9,4,1016.39,44.3,-11.59,0,1,0,0,0,1
2024-11-27 23:02:35.363000+00:00,50.70781489,0,0,0,1,180,-2,1,22,-127,-13,15.688,-0.006,-0.016,0.02,-0.31,0.01,9.42,0.03,0.13,-0.37,-0.34,-0.12,9.79,1.5425,0,0,180,5.9,4,1016.39,44.3,-11.59,0,1,0,0,0,1
2024-11-27 23:02:36.393000+00:00,50.70781489,0,0,0,1,180,-2,1,22,-127,-13,15.688,-0.006,-0.016,0.02,-0.31,0.01,9.42,0.03,0.13,-0.37,-0.34,-0.12,9.79,1.5425,0,0,180,5.9,4,1016.39,44.3,-11.59,0,1,0,0,0,1
2024-11-27 23:02:37.376000+00:00,50.70781489,0,0,0,1,180,-2,1,22,-127,-13,15.688,-0.006,-0.016,0.02,-0.31,0.01,9.42,0.03,0.13,-0.37,-0.34,-0.12,9.79,1.5425,0,0,180,5.9,4,1016.39,44.3,-11.59,0,1,0,0,0,1
2024-11-27 23:02:38.383000+00:00,50.70781489,0,0,0,1,180,-2,1,22,-127,-13,15.688,-0.006,-0.016,0.02,-0.31,0.01,9.42,0.03,0.13,-0.37,-0.34,-0.12,9.79,1.5425,0,0,180,5.9,4,1016.39,44.3,-11.59,0,1,0,0,0,1
2024-11-27 23:02:39.393000+00:00,50.70781489,0,0,0,1,180,-2,1,22,-127,-13,15.688,-0.006,-0.016,0.02,-0.31,0.01,9.42,0.03,0.13,-0.37,-0.34,-0.12,9.79,1.5425,0,0,180,5.9,4,1016.39,44.3,-11.59,0,1,0,0,0,1
2024-11-27 23:02:40.404000+00:00,50.70781489,0,0,0,1,180,-2,1,22,-127,-13,15.688,-0.006,-0.016,0.02,-0.31,0.01,9.42,0.03,0.13,-0.37,-0.34,-0.12,9.79,1.5425,0,0,180,5.9,4,1016.39,44.3,-11.59,0,1,0,0,0,1
2024-11-27 23:02:41.413000+00:00,50.70781489,0,0,0,1,180,-2,1,22,-127,-13,15.688,-0.006,-0.016,0.02,-0.31,0.01,9.42,0.03,0.13,-0.37,-0.34,-0.12,9.79,1.5425,0,0,180,5.9,4,1016.39,44.3,-11.59,0,1,0,0,0,1
2024-11-27 23:02:42.423000+00:00,50.70781489,0,0,0,1,180,-2,1,22,-127,-13,15.688,-0.006,-0.016,0.02,-0.31,0.01,9.42,0.03,0.13,-0.37,-0.34,-0.12,9.79,1.5425,0,0,180,5.9,4,1016.39,44.3,-11.59,0,1,0,0,0,1
2024-11-27 23:02:43.432000+00:00,50.70781489,0,0,0,1,180,-2,1,21.08,-127,-13,15.688,-0.006,-0.016,0.02,-0.31,0.01,9.42,0.03,0.13,-0.37,-0.34,-0.12,9.79,1.5425,0,0,180,5.9,4,1016.39,44.3,-11.59,0,1,0,0,0,1
2024-11-27 23:02:44.434000+00:00,50.70781489,0,0,0,1,180,-2,1,21.08,-127,-13,15.688,-0.006,-0.016,0.02,-0.31,0.01,9.42,0.03,0.13,-0.37,-0.34,-0.12,9.79,1.5425,0,0,180,5.9,4,1016.39,44.3,-11.59,0,1,0,0,0,1
2024-11-27 23:02:45.433000+00:00,50.70781489,0,0,0,1,180,-2,1,21.08,-127,-13,15.688,-0.006,-0.016,0.02,-0.31,0.01,9.42,0.03,0.13,-0.37,-0.34,-0.12,9.79,1.5425,0,0,180,5.9,4,1016.39,44.3,-11.59,0,1,0,0,0,1
2024-11-27 23:02:46.433000+00:00,50.70781489,0,0,0,1,180,-2,1,21.08,-127,-13,15.688,-0.006,-0.016,0.02,-0.31,0.01,9.42,0.03,0.13,-0.37,-0.34,-0.12,9.79,1.5425,0,0,180,5.9,4,1016.39,44.3,-11.59,0,1,0,0,0,1
2024-11-27 23:02:47.434000+00:00,50.70781489,0,0,0,1,180,-2,1,21.08,-127,-13,15.688,-0.006,-0.016,0.02,-0.31,0.01,9.42,0.03,0.13,-0.37,-0.34,-0.12,9.79,1.5425,0,0,180,5.9,4,1016.39,44.3,-11.59,0,1,0,0,0,1
2024-11-27 23:02:48.454000+00:00,50.70781489,0,0,0,1,180,-2,1,21.08,-127,-13,15.688,-0.006,-0.016,0.02,-0.31,0.01,9.42,0.03,0.13,-0.37,-0.34,-0.12,9.79,1.5425,0,0,180,5.9,4,1016.39,44.3,-11.59,0,1,0,0,0,1
2024-11-27 23:01:48.125000+00:00,50.70781489,0,0,0,1,135,-2,1,21.05,-75.75,-16,-7.062,-0.004,-0.021,0.007,-0.24,-0.13,9.41,0,0.07,-0.38,-0.24,-0.21,9.8,1.5425,0,0,225,5.9,5,1016.4,44.3,-11.72,0,1,0,0,0,1
2024-11-27 23:01:48.176000+00:00,50.70781489,0,0,0,1,135,-2,1,21.05,-75.75,-16,-7.062,-0.004,-0.021,0.007,-0.24,-0.13,9.41,0,0.07,-0.38,-0.24,-0.21,9.8,1.5425,0,0,225,5.9,5,1016.4,44.3,-11.72,0,1,0,0,0,1
2024-11-27 23:01:51.794000+00:00,50.70781489,0,0,0,1,135,-2,1,21.05,-75.75,-16,-7.062,-0.004,-0.021,0.007,-0.24,-0.13,9.41,0,0.07,-0.38,-0.24,-0.21,9.8,1.5425,0,0,225,5.9,5,1016.4,44.3,-11.72,0,1,0,0,0,1
2024-11-27 23:01:51.845000+00:00,50.70781489,0,0,0,1,135,-2,1,21.05,-75.75,-16,-7.062,-0.004,-0.021,0.007,-0.24,-0.13,9.41,0,0.07,-0.38,-0.24,-0.21,9.8,1.5425,0,0,225,5.9,5,1016.4,44.3,-11.72,0,1,0,0,0,1
2024-11-27 23:01:51.895000+00:00,50.70781489,0,0,0,1,135,-2,1,22,-75.75,-16,-7.062,-0.004,-0.021,0.007,-0.24,-0.13,9.41,0,0.07,-0.38,-0.24,-0.21,9.8,1.5425,0,0,225,5.9,5,1016.4,44.3,-11.72,0,1,0,0,0,1
2024-11-27 23:01:51.944000+00:00,50.70781489,0,0,0,1,135,-2,1,22,-75.75,-16,-7.062,-0.004,-0.021,0.007,-0.24,-0.13,9.41,0,0.07,-0.38,-0.24,-0.21,9.8,1.5425,0,0,225,5.9,5,1016.4,44.3,-11.72,0,1,0,0,0,1
2024-11-27 23:01:54.930000+00:00,50.70781489,0,0,0,1,135,-2,1,22,-75.75,-16,-7.062,-0.004,-0.021,0.007,-0.24,-0.13,9.41,0,0.07,-0.38,-0.24,-0.21,9.8,1.5425,0,0,225,5.9,5,1016.4,44.3,-11.72,0,1,0,0,0,1
2024-11-27 23:01:55.135000+00:00,50.70781489,0,0,0,1,135,-2,1,22,-75.75,-16,-7.062,-0.004,-0.021,0.007,-0.24,-0.13,9.41,0,0.07,-0.38,-0.24,-0.21,9.8,1.5425,0,0,225,5.9,5,1016.4,44.3,-11.72,0,1,0,0,0,1
2024-11-27 23:01:55.185000+00:00,50.70781489,0,0,0,1,135,-2,1,22,-75.75,-16,-7.062,-0.004,-0.021,0.007,-0.24,-0.13,9.41,0,0.07,-0.38,-0.24,-0.21,9.8,1.5425,0,0,225,5.9,5,1016.4,44.3,-11.72,0,1,0,0,0,1
2024-11-27 23:01:55.235000+00:00,50.70781489,0,0,0,1,135,-2,1,22,-75.75,-16,-7.062,-0.004,-0.021,0.007,-0.24,-0.13,9.41,0,0.07,-0.38,-0.24,-0.21,9.8,1.5425,0,0,225,5.9,5,1016.4,44.3,-11.72,0,1,0,0,0,1
2024-11-27 23:01:58.644000+00:00,50.70781489,0,0,0,1,135,-2,1,22,-75.75,-16,-7.062,-0.004,-0.021,0.007,-0.24,-0.13,9.41,0,0.07,-0.38,-0.24,-0.21,9.8,1.5425,0,0,225,5.9,5,1016.4,44.3,-11.72,0,1,0,0,0,1
2024-11-27 23:01:58.995000+00:00,50.70781489,0,0,0,1,135,-2,1,22,-75.75,-16,-7.062,-0.004,-0.021,0.007,-0.24,-0.13,9.41,0,0.07,-0.38,-0.24,-0.21,9.8,1.5425,0,0,225,5.9,5,1016.4,44.3,-11.72,0,1,0,0,0,1
2024-11-27 23:01:59.044000+00:00,50.70781489,0,0,0,1,135,-2,1,22,-75.75,-16,-7.062,-0.004,-0.021,0.007,-0.24,-0.13,9.41,0,0.07,-0.38,-0.24,-0.21,9.8,1.5425,0,0,225,5.9,5,1016.4,44.3,-11.72,0,1,0,0,0,1
2024-11-27 23:01:59.095000+00:00,50.70781489,0,0,0,1,135,-2,1,22,-75.75,-16,-7.062,-0.004,-0.021,0.007,-0.24,-0.13,9.41,0,0.07,-0.38,-0.24,-0.21,9.8,1.5425,0,0,225,5.9,5,1016.4,44.3,-11.72,0,1,0,0,0,1
2024-11-27 23:02:02.236000+00:00,50.70781489,0,0,0,1,135,-2,1,22,-75.75,-16,-7.062,-0.004,-0.021,0.007,-0.24,-0.13,9.41,0,0.07,-0.38,-0.24,-0.21,9.8,1.5425,0,0,225,5.9,5,1016.4,44.3,-11.72,0,1,0,0,0,1
2024-11-27 23:02:02.337000+00:00,50.70781489,0,0,0,1,135,-2,1,22,-75.75,-16,-7.062,-0.004,-0.021,0.007,-0.24,-0.13,9.41,0,0.07,-0.38,-0.24,-0.21,9.8,1.5425,0,0,225,5.9,5,1016.4,44.3,-11.72,0,1,0,0,0,1
2024-11-27 23:02:02.437000+00:00,50.70781489,0,0,0,1,135,-2,1,22,-75.75,-16,-7.062,-0.004,-0.021,0.007,-0.24,-0.13,9.41,0,0.07,-0.38,-0.24,-0.21,9.8,1.5425,0,0,225,5.9,5,1016.4,44.3,-11.72,0,1,0,0,0,1
2024-11-27 23:02:02.536000+00:00,50.70781489,0,0,0,1,135,-2,1,22,-75.75,-16,-7.062,-0.004,-0.021,0.007,-0.24,-0.13,9.41,0,0.07,-0.38,-0.24,-0.21,9.8,1.5425,0,0,225,5.9,5,1016.4,44.3,-11.72,0,1,0,0,0,1
2024-11-27 23:02:02.894000+00:00,50.70781489,0,0,0,1,135,-2,1,22,-75.75,-16,-7.062,-0.004,-0.021,0.007,-0.24,-0.13,9.41,0,0.07,-0.38,-0.24,-0.21,9.8,1.5425,0,0,225,5.9,5,1016.4,44.3,-11.72,0,1,0,0,0,1
2024-11-27 23:02:06.176000+00:00,50.70781489,0,0,0,1,135,-2,1,22,-75.75,-16,-7.062,-0.004,-0.021,0.007,-0.24,-0.13,9.41,0,0.07,-0.38,-0.24,-0.21,9.8,1.5425,0,0,225,5.9,5,1016.4,44.3,-11.72,0,1,0,0,0,1
2024-11-27 23:02:06.226000+00:00,50.70781489,0,0,0,1,135,-2,1,22,-75.75,-16,-7.062,-0.004,-0.021,0.007,-0.24,-0.13,9.41,0,0.07,-0.38,-0.24,-0.21,9.8,1.5425,0,0,225,5.9,5,1016.4,44.3,-11.72,0,1,0,0,0,1
2024-11-27 23:02:06.275000+00:00,50.70781489,0,0,0,1,135,-2,1,22,-75.75,-16,-7.062,-0.004,-0.021,0.007,-0.24,-0.13,9.41,0,0.07,-0.38,-0.24,-0.21,9.8,1.5425,0,0,225,5.9,5,1016.4,44.3,-11.72,0,1,0,0,0,1
2024-11-27 23:02:06.340000+00:00,50.70781489,0,0,0,1,135,-2,1,22,-75.75,-16,-7.062,-0.004,-0.021,0.007,-0.24,-0.13,9.41,0,0.07,-0.38,-0.24,-0.21,9.8,1.5425,0,0,225,5.9,5,1016.4,44.3,-11.72,0,1,0,0,0,1
2024-11-27 23:02:09.443000+00:00,50.70781489,0,0,0,1,135,-2,1,21.05,-75.75,-16,-7.062,-0.004,-0.021,0.007,-0.24,-0.13,9.41,0,0.07,-0.38,-0.24,-0.21,9.8,1.5425,0,0,225,5.9,5,1016.4,44.3,-11.72,0,1,0,0,0,1
2024-11-27 23:02:09.542000+00:00,50.70781489,0,0,0,1,135,-2,1,21.05,-75.75,-16,-7.062,-0.004,-0.021,0.007,-0.24,-0.13,9.41,0,0.07,-0.38,-0.24,-0.21,9.8,1.5425,0,0,225,5.9,5,1016.4,44.3,-11.72,0,1,0,0,0,1
2024-11-27 23:02:09.643000+00:00,50.70781489,0,0,0,1,135,-2,1,21.05,-75.75,-16,-7.062,-0.004,-0.021,0.007,-0.24,-0.13,9.41,0,0.07,-0.38,-0.24,-0.21,9.8,1.5425,0,0,225,5.9,5,1016.4,44.3,-11.72,0,1,0,0,0,1
2024-11-27 23:02:12.994000+00:00,50.70781489,0,0,0,1,135,-2,1,21.05,-75.75,-16,-7.062,-0.004,-0.021,0.007,-0.24,-0.13,9.41,0,0.07,-0.38,-0.24,-0.21,9.8,1.5425,0,0,225,5.9,5,1016.4,44.3,-11.72,0,1,0,0,0,1
2024-11-27 23:02:13.054000+00:00,50.70781489,0,0,0,1,135,-2,1,21.05,-75.75,-16,-7.062,-0.004,-0.021,0.007,-0.24,-0.13,9.41,0,0.07,-0.38,-0.24,-0.21,9.8,1.5425,0,0,225,5.9,5,1016.4,44.3,-11.72,0,1,0,0,0,1
2024-11-27 23:02:13.105000+00:00,50.70781489,0,0,0,1,135,-2,1,21.05,-75.75,-16,-7.062,-0.004,-0.021,0.007,-0.24,-0.13,9.41,0,0.07,-0.38,-0.24,-0.21,9.8,1.5425,0,0,225,5.9,5,1016.4,44.3,-11.72,0,1,0,0,0,1
2024-11-27 23:02:16.048000+00:00,50.70781489,0,0,0,1,135,-2,1,21.05,-75.75,-16,-7.062,-0.004,-0.021,0.007,-0.24,-0.13,9.41,0,0.07,-0.38,-0.24,-0.21,9.8,1.5425,0,0,225,5.9,5,1016.4,44.3,-11.72,0,1,0,0,0,1
2024-11-27 23:02:16.255000+00:00,50.70781489,0,0,0,1,135,-2,1,21.05,-75.75,-16,-7.062,-0.004,-0.021,0.007,-0.24,-0.13,9.41,0,0.07,-0.38,-0.24,-0.21,9.8,1.5425,0,0,225,5.9,5,1016.4,44.3,-11.72,0,1,0,0,0,1
2024-11-27 23:02:16.306000+00:00,50.70781489,0,0,0,1,135,-2,1,21.05,-75.75,-16,-7.062,-0.004,-0.021,0.007,-0.24,-0.13,9.41,0,0.07,-0.38,-0.24,-0.21,9.8,1.5425,0,0,225,5.9,5,1016.4,44.3,-11.72,0,1,0,0,0,1
2024-11-27 23:02:16.356000+00:00,50.70781489,0,0,0,1,135,-2,1,21.05,-75.75,-16,-7.062,-0.004,-0.021,0.007,-0.24,-0.13,9.41,0,0.07,-0.38,-0.24,-0.21,9.8,1.5425,0,0,225,5.9,5,1016.4,44.3,-11.72,0,1,0,0,0,1
2024-11-27 23:02:19.351000+00:00,50.70781489,0,0,0,1,135,-2,1,22,-75.75,-16,-7.062,-0.004,-0.021,0.007,-0.24,-0.13,9.41,0,0.07,-0.38,-0.24,-0.21,9.8,1.5425,0,0,225,5.9,5,1016.4,44.3,-11.72,0,1,0,0,0,1
2024-11-27 23:02:19.451000+00:00,50.70781489,0,0,0,1,135,-2,1,22,-75.75,-16,-7.062,-0.004,-0.021,0.007,-0.24,-0.13,9.41,0,0.07,-0.38,-0.24,-0.21,9.8,1.5425,0,0,225,5.9,5,1016.4,44.3,-11.72,0,1,0,0,0,1
2024-11-27 23:02:19.551000+00:00,50.70781489,0,0,0,1,135,-2,1,22,-75.75,-16,-7.062,-0.004,-0.021,0.007,-0.24,-0.13,9.41,0,0.07,-0.38,-0.24,-0.21,9.8,1.5425,0,0,225,5.9,5,1016.4,44.3,-11.72,0,1,0,0,0,1
2024-11-27 23:02:45.433000+00:00,50.70781489,0,0,0,1,135,-2,1,21.08,-127,-13,15.688,-0.006,-0.016,0.02,-0.31,0.01,9.42,0.03,0.13,-0.37,-0.34,-0.12,9.79,1.5425,0,0,225,5.9,5,1016.39,44.3,-11.59,0,1,0,0,0,1
2024-11-27 23:02:46.433000+00:00,50.70781489,0,0,0,1,135,-2,1,21.08,-127,-13,15.688,-0.006,-0.016,0.02,-0.31,0.01,9.42,0.03,0.13,-0.37,-0.34,-0.12,9.79,1.5425,0,0,225,5.9,5,1016.39,44.3,-11.59,0,1,0,0,0,1
2024-11-27 23:02:47.434000+00:00,50.70781489,0,0,0,1,135,-2,1,21.08,-127,-13,15.688,-0.006,-0.016,0.02,-0.31,0.01,9.42,0.03,0.13,-0.37,-0.34,-0.12,9.79,1.5425,0,0,225,5.9,5,1016.39,44.3,-11.59,0,1,0,0,0,1
2024-11-27 23:02:48.454000+00:00,50.70781489,0,0,0,1,135,-2,1,21.08,-127,-13,15.688,-0.006,-0.016,0.02,-0.31,0.01,9.42,0.03,0.13,-0.37,-0.34,-0.12,9.79,1.5425,0,0,225,5.9,5,1016.39,44.3,-11.59,0,1,0,0,0,1
2024-11-27 23:01:48.125000+00:00,50.70781489,0,0,0,1,90,-2,1,21.05,-75.75,-16,-7.062,-0.004,-0.021,0.007,-0.24,-0.13,9.41,0,0.07,-0.38,-0.24,-0.21,9.8,1.5425,0,0,270,5.9,6,1016.4,44.3,-11.72,0,1,0,0,0,1
2024-11-27 23:01:48.176000+00:00,50.70781489,0,0,0,1,90,-2,1,21.05,-75.75,-16,-7.062,-0.004,-0.021,0.007,-0.24,-0.13,9.41,0,0.07,-0.38,-0.24,-0.21,9.8,1.5425,0,0,270,5.9,6,1016.4,44.3,-11.72,0,1,0,0,0,1
2024-11-27 23:01:51.794000+00:00,50.70781489,0,0,0,1,90,-2,1,21.05,-75.75,-16,-7.062,-0.004,-0.021,0.007,-0.24,-0.13,9.41,0,0.07,-0.38,-0.24,-0.21,9.8,1.5425,0,0,270,5.9,6,1016.4,44.3,-11.72,0,1,0,0,0,1
2024-11-27 23:01:51.845000+00:00,50.70781489,0,0,0,1,90,-2,1,21.05,-75.75,-16,-7.062,-0.004,-0.021,0.007,-0.24,-0.13,9.41,0,0.07,-0.38,-0.24,-0.21,9.8,1.5425,0,0,270,5.9,6,1016.4,44.3,-11.72,0,1,0,0,0,1
2024-11-27 23:01:51.895000+00:00,50.70781489,0,0,0,1,90,-2,1,22,-75.75,-16,-7.062,-0.004,-0.021,0.007,-0.24,-0.13,9.41,0,0.07,-0.38,-0.24,-0.21,9.8,1.5425,0,0,270,5.9,6,1016.4,44.3,-11.72,0,1,0,0,0,1
2024-11-27 23:01:51.944000+00:00,50.70781489,0,0,0,1,90,-2,1,22,-75.75,-16,-7.062,-0.004,-0.021,0.007,-0.24,-0.13,9.41,0,0.07,-0.38,-0.24,-0.21,9.8,1.5425,0,0,270,5.9,6,1016.4,44.3,-11.72,0,1,0,0,0,1
2024-11-27 23:01:54.930000+00:00,50.70781489,0,0,0,1,90,-2,1,22,-75.75,-16,-7.062,-0.004,-0.021,0.007,-0.24,-0.13,9.41,0,0.07,-0.38,-0.24,-0.21,9.8,1.5425,0,0,270,5.9,6,1016.4,44.3,-11.72,0,1,0,0,0,1
2024-11-27 23:01:55.135000+00:00,50.70781489,0,0,0,1,90,-2,1,22,-75.75,-16,-7.062,-0.004,-0.021,0.007,-0.24,-0.13,9.41,0,0.07,-0.38,-0.24,-0.21,9.8,1.5425,0,0,270,5.9,6,1016.4,44.3,-11.72,0,1,0,0,0,1
2024-11-27 23:01:55.185000+00:00,50.70781489,0,0,0,1,90,-2,1,22,-75.75,-16,-7.062,-0.004,-0.021,0.007,-0.24,-0.13,9.41,0,0.07,-0.38,-0.24,-0.21,9.8,1.5425,0,0,270,5.9,6,1016.4,44.3,-11.72,0,1,0,0,0,1
2024-11-27 23:01:55.235000+00:00,50.70781489,0,0,0,1,90,-2,1,22,-75.75,-16,-7.062,-0.004,-0.021,0.007,-0.24,-0.13,9.41,0,0.07,-0.38,-0.24,-0.21,9.8,1.5425,0,0,270,5.9,6,1016.4,44.3,-11.72,0,1,0,0,0,1
2024-11-27 23:01:58.644000+00:00,50.70781489,0,0,0,1,90,-2,1,22,-75.75,-16,-7.062,-0.004,-0.021,0.007,-0.24,-0.13,9.41,0,0.07,-0.38,-0.24,-0.21,9.8,1.5425,0,0,270,5.9,6,1016.4,44.3,-11.72,0,1,0,0,0,1
2024-11-27 23:01:58.995000+00:00,50.70781489,0,0,0,1,90,-2,1,22,-75.75,-16,-7.062,-0.004,-0.021,0.007,-0.24,-0.13,9.41,0,0.07,-0.38,-0.24,-0.21,9.8,1.5425,0,0,270,5.9,6,1016.4,44.3,-11.72,0,1,0,0,0,1
2024-11-27 23:01:59.044000+00:00,50.70781489,0,0,0,1,90,-2,1,22,-75.75,-16,-7.062,-0.004,-0.021,0.007,-0.24,-0.13,9.41,0,0.07,-0.38,-0.24,-0.21,9.8,1.5425,0,0,270,5.9,6,1016.4,44.3,-11.72,0,1,0,0,0,1
2024-11-27 23:01:59.095000+00:00,50.70781489,0,0,0,1,90,-2,1,22,-75.75,-16,-7.062,-0.004,-0.021,0.007,-0.24,-0.13,9.41,0,0.07,-0.38,-0.24,-0.21,9.8,1.5425,0,0,270,5.9,6,1016.4,44.3,-11.72,0,1,0,0,0,1
2024-11-27 23:02:02.236000+00:00,50.70781489,0,0,0,1,90,-2,1,22,-75.75,-16,-7.062,-0.004,-0.021,0.007,-0.24,-0.13,9.41,0,0.07,-0.38,-0.24,-0.21,9.8,1.5425,0,0,270,5.9,6,1016.4,44.3,-11.72,0,1,0,0,0,1
2024-11-27 23:02:02.337000+00:00,50.70781489,0,0,0,1,90,-2,1,22,-75.75,-16,-7.062,-0.004,-0.021,0.007,-0.24,-0.13,9.41,0,0.07,-0.38,-0.24,-0.21,9.8,1.5425,0,0,270,5.9,6,1016.4,44.3,-11.72,0,1,0,0,0,1
2024-11-27 23:02:02.437000+00:00,50.70781489,0,0,0,1,90,-2,1,22,-75.75,-16,-7.062,-0.004,-0.021,0.007,-0.24,-0.13,9.41,0,0.07,-0.38,-0.24,-0.21,9.8,1.5425,0,0,270,5.9,6,1016.4,44.3,-11.72,0,1,0,0,0,1
2024-11-27 23:02:42.423000+00:00,50.70781489,0,0,0,1,90,-2,1,22,-127,-13,15.688,-0.006,-0.016,0.02,-0.31,0.01,9.42,0.03,0.13,-0.37,-0.34,-0.12,9.79,1.5425,0,0,270,5.9,6,1016.39,44.3,-11.59,0,1,0,0,0,1
2024-11-27 23:02:43.432000+00:00,50.70781489,0,0,0,1,90,-2,1,21.08,-127,-13,15.688,-0.006,-0.016,0.02,-0.31,0.01,9.42,0.03,0.13,-0.37,-0.34,-0.12,9.79,1.5425,0,0,270,5.9,6,1016.39,44.3,-11.59,0,1,0,0,0,1
2024-11-27 23:02:44.434000+00:00,50.70781489,0,0,0,1,90,-2,1,21.08,-127,-13,15.688,-0.006,-0.016,0.02,-0.31,0.01,9.42,0.03,0.13,-0.37,-0.34,-0.12,9.79,1.5425,0,0,270,5.9,6,1016.39,44.3,-11.59,0,1,0,0,0,1
2024-11-27 23:02:45.433000+00:00,50.70781489,0,0,0,1,90,-2,1,21.08,-127,-13,15.688,-0.006,-0.016,0.02,-0.31,0.01,9.42,0.03,0.13,-0.37,-0.34,-0.12,9.79,1.5425,0,0,270,5.9,6,1016.39,44.3,-11.59,0,1,0,0,0,1
2024-11-27 23:02:46.433000+00:00,50.70781489,0,0,0,1,90,-2,1,21.08,-127,-13,15.688,-0.006,-0.016,0.02,-0.31,0.01,9.42,0.03,0.13,-0.37,-0.34,-0.12,9.79,1.5425,0,0,270,5.9,6,1016.39,44.3,-11.59,0,1,0,0,0,1
2024-11-27 23:02:47.434000+00:00,50.70781489,0,0,0,1,90,-2,1,21.08,-127,-13,15.688,-0.006,-0.016,0.02,-0.31,0.01,9.42,0.03,0.13,-0.37,-0.34,-0.12,9.79,1.5425,0,0,270,5.9,6,1016.39,44.3,-11.59,0,1,0,0,0,1
2024-11-27 23:02:48.454000+00:00,50.70781489,0,0,0,1,90,-2,1,21.08,-127,-13,15.688,-0.006,-0.016,0.02,-0.31,0.01,9.42,0.03,0.13,-0.37,-0.34,-0.12,9.79,1.5425,0,0,270,5.9,6,1016.39,44.3,-11.59,0,1,0,0,0,1
2024-11-27 23:01:48.125000+00:00,50.70781489,0,0,0,1,45,-2,1,21.05,-75.75,-16,-7.062,-0.004,-0.021,0.007,-0.24,-0.13,9.41,0,0.07,-0.38,-0.24,-0.21,9.8,1.5425,0,0,315,5.9,7,1016.4,44.3,-11.72,0,1,0,0,0,1
2024-11-27 23:01:48.176000+00:00,50.70781489,0,0,0,1,45,-2,1,21.05,-75.75,-16,-7.062,-0.004,-0.021,0.007,-0.24,-0.13,9.41,0,0.07,-0.38,-0.24,-0.21,9.8,1.5425,0,0,315,5.9,7,1016.4,44.3,-11.72,0,1,0,0,0,1
2024-11-27 23:01:51.794000+00:00,50.70781489,0,0,0,1,45,-2,1,21.05,-75.75,-16,-7.062,-0.004,-0.021,0.007,-0.24,-0.13,9.41,0,0.07,-0.38,-0.24,-0.21,9.8,1.5425,0,0,315,5.9,7,1016.4,44.3,-11.72,0,1,0,0,0,1
2024-11-27 23:01:51.845000+00:00,50.70781489,0,0,0,1,45,-2,1,21.05,-75.75,-16,-7.062,-0.004,-0.021,0.007,-0.24,-0.13,9.41,0,0.07,-0.38,-0.24,-0.21,9.8,1.5425,0,0,315,5.9,7,1016.4,44.3,-11.72,0,1,0,0,0,1
2024-11-27 23:01:51.895000+00:00,50.70781489,0,0,0,1,45,-2,1,22,-75.75,-16,-7.062,-0.004,-0.021,0.007,-0.24,-0.13,9.41,0,0.07,-0.38,-0.24,-0.21,9.8,1.5425,0,0,315,5.9,7,1016.4,44.3,-11.72,0,1,0,0,0,1
2024-11-27 23:01:51.944000+00:00,50.70781489,0,0,0,1,45,-2,1,22,-75.75,-16,-7.062,-0.004,-0.021,0.007,-0.24,-0.13,9.41,0,0.07,-0.38,-0.24,-0.21,9.8,1.5425,0,0,315,5.9,7,1016.4,44.3,-11.72,0,1,0,0,0,1
2024-11-27 23:01:54.930000+00:00,50.70781489,0,0,0,1,45,-2,1,22,-75.75,-16,-7.062,-0.004,-0.021,0.007,-0.24,-0.13,9.41,0,0.07,-0.38,-0.24,-0.21,9.8,1.5425,0,0,315,5.9,7,1016.4,44.3,-11.72,0,1,0,0,0,1
2024-11-27 23:01:55.135000+00:00,50.70781489,0,0,0,1,45,-2,1,22,-75.75,-16,-7.062,-0.004,-0.021,0.007,-0.24,-0.13,9.41,0,0.07,-0.38,-0.24,-0.21,9.8,1.5425,0,0,315,5.9,7,1016.4,44.3,-11.72,0,1,0,0,0,1
2024-11-27 23:01:55.185000+00:00,50.70781489,0,0,0,1,45,-2,1,22,-75.75,-16,-7.062,-0.004,-0.021,0.007,-0.24,-0.13,9.41,0,0.07,-0.38,-0.24,-0.21,9.8,1.5425,0,0,315,5.9,7,1016.4,44.3,-11.72,0,1,0,0,0,1
2024-11-27 23:01:55.235000+00:00,50.70781489,0,0,0,1,45,-2,1,22,-75.75,-16,-7.062,-0.004,-0.021,0.007,-0.24,-0.13,9.41,0,0.07,-0.38,-0.24,-0.21,9.8,1.5425,0,0,315,5.9,7,1016.4,44.3,-11.72,0,1,0,0,0,1
2024-11-27 23:01:58.644000+00:00,50.70781489,0,0,0,1,45,-2,1,22,-75.75,-16,-7.062,-0.004,-0.021,0.007,-0.24,-0.13,9.41,0,0.07,-0.38,-0.24,-0.21,9.8,1.5425,0,0,315,5.9,7,1016.4,44.3,-11.72,0,1,0,0,0,1
2024-11-27 23:01:58.995000+00:00,50.70781489,0,0,0,1,45,-2,1,22,-75.75,-16,-7.062,-0.004,-0.021,0.007,-0.24,-0.13,9.41,0,0.07,-0.38,-0.24,-0.21,9.8,1.5425,0,0,315,5.9,7,1016.4,44.3,-11.72,0,1,0,0,0,1
2024-11-27 23:01:59.044000+00:00,50.70781489,0,0,0,1,45,-2,1,22,-75.75,-16,-7.062,-0.004,-0.021,0.007,-0.24,-0.13,9.41,0,0.07,-0.38,-0.24,-0.21,9.8,1.5425,0,0,315,5.9,7,1016.4,44.3,-11.72,0,1,0,0,0,1
2024-11-27 23:01:59.095000+00:00,50.70781489,0,0,0,1,45,-2,1,22,-75.75,-16,-7.062,-0.004,-0.021,0.007,-0.24,-0.13,9.41,0,0.07,-0.38,-0.24,-0.21,9.8,1.5425,0,0,315,5.9,7,1016.4,44.3,-11.72,0,1,0,0,0,1
2024-11-27 23:02:02.236000+00:00,50.70781489,0,0,0,1,45,-2,1,22,-75.75,-16,-7.062,-0.004,-0.021,0.007,-0.24,-0.13,9.41,0,0.07,-0.38,-0.24,-0.21,9.8,1.5425,0,0,315,5.9,7,1016.4,44.3,-11.72,0,1,0,0,0,1
2024-11-27 23:02:02.337000+00:00,50.70781489,0,0,0,1,45,-2,1,22,-75.75,-16,-7.062,-0.004,-0.021,0.007,-0.24,-0.13,9.41,0,0.07,-0.38,-0.24,-0.21,9.8,1.5425,0,0,315,5.9,7,1016.4,44.3,-11.72,0,1,0,0,0,1
2024-11-27 23:02:02.437000+00:00,50.70781489,0,0,0,1,45,-2,1,22,-75.75,-16,-7.062,-0.004,-0.021,0.007,-0.24,-0.13,9.41,0,0.07,-0.38,-0.24,-0.21,9.8,1.5425,0,0,315,5.9,7,1016.4,44.3,-11.72,0,1,0,0,0,1
2024-11-27 23:02:02.536000+00:00,50.70781489,0,0,0,1,45,-2,1,22,-75.75,-16,-7.062,-0.004,-0.021,0.007,-0.24,-0.13,9.41,0,0.07,-0.38,-0.24,-0.21,9.8,1.5425,0,0,315,5.9,7,1016.4,44.3,-11.72,0,1,0,0,0,1
2024-11-27 23:02:02.894000+00:00,50.70781489,0,0,0,1,45,-2,1,22,-75.75,-16,-7.062,-0.004,-0.021,0.007,-0.24,-0.13,9.41,0,0.07,-0.38,-0.24,-0.21,9.8,1.5425,0,0,315,5.9,7,1016.4,44.3,-11.72,0,1,0,0,0,1
2024-11-27 23:02:06.176000+00:00,50.70781489,0,0,0,1,45,-2,1,22,-75.75,-16,-7.062,-0.004,-0.021,0.007,-0.24,-0.13,9.41,0,0.07,-0.38,-0.24,-0.21,9.8,1.5425,0,0,315,5.9,7,1016.4,44.3,-11.72,0,1,0,0,0,1
2024-11-27 23:02:06.226000+00:00,50.70781489,0,0,0,1,45,-2,1,22,-75.75,-16,-7.062,-0.004,-0.021,0.007,-0.24,-0.13,9.41,0,0.07,-0.38,-0.24,-0.21,9.8,1.5425,0,0,315,5.9,7,1016.4,44.3,-11.72,0,1,0,0,0,1
2024-11-27 23:02:44.434000+00:00,50.70781489,0,0,0,1,45,-2,1,21.08,-127,-13,15.688,-0.006,-0.016,0.02,-0.31,0.01,9.42,0.03,0.13,-0.37,-0.34,-0.12,9.79,1.5425,0,0,315,5.9,7,1016.39,44.3,-11.59,0,1,0,0,0,1
2024-11-27 23:02:45.433000+00:00,50.70781489,0,0,0,1,45,-2,1,21.08,-127,-13,15.688,-0.006,-0.016,0.02,-0.31,0.01,9.42,0.03,0.13,-0.37,-0.34,-0.12,9.79,1.5425,0,0,315,5.9,7,1016.39,44.3,-11.59,0,1,0,0,0,1
2024-11-27 23:02:46.433000+00:00,50.70781489,0,0,0,1,45,-2,1,21.08,-127,-13,15.688,-0.006,-0.016,0.02,-0.31,0.01,9.42,0.03,0.13,-0.37,-0.34,-0.12,9.79,1.5425,0,0,315,5.9,7,1016.39,44.3,-11.59,0,1,0,0,0,1
2024-11-27 23:02:47.434000+00:00,50.70781489,0,0,0,1,45,-2,1,21.08,-127,-13,15.688,-0.006,-0.016,0.02,-0.31,0.01,9.42,0.03,0.13,-0.37,-0.34,-0.12,9.79,1.5425,0,0,315,5.9,7,1016.39,44.3,-11.59,0,1,0,0,0,1
2024-11-27 23:02:48.454000+00:00,50.70781489,0,0,0,1,45,-2,1,21.08,-127,-13,15.688,-0.006,-0.016,0.02,-0.31,0.01,9.42,0.03,0.13,-0.37,-0.34,-0.12,9.79,1.5425,0,0,315,5.9,7,1016.39,44.3,-11.59,0,1,0,0,0,1
2024-11-27 23:01:48.125000+00:00,50.70781489,0,0,0,1,0,-2,1,21.05,-75.75,-16,-7.062,-0.004,-0.021,0.007,-0.24,-0.13,9.41,0,0.07,-0.38,-0.24,-0.21,9.8,1.5425,0,0,360,5.9,8,1016.4,44.3,-11.72,0,1,0,0,0,1
2024-11-27 23:01:48.176000+00:00,50.70781489,0,0,0,1,0,-2,1,21.05,-75.75,-16,-7.062,-0.004,-0.021,0.007,-0.24,-0.13,9.41,0,0.07,-0.38,-0.24,-0.21,9.8,1.5425,0,0,360,5.9,8,1016.4,44.3,-11.72,0,1,0,0,0,1
2024-11-27 23:01:51.794000+00:00,50.70781489,0,0,0,1,0,-2,1,21.05,-75.75,-16,-7.062,-0.004,-0.021,0.007,-0.24,-0.13,9.41,0,0.07,-0.38,-0.24,-0.21,9.8,1.5425,0,0,360,5.9,8,1016.4,44.3,-11.72,0,1,0,0,0,1
2024-11-27 23:01:51.845000+00:00,50.70781489,0,0,0,1,0,-2,1,21.05,-75.75,-16,-7.062,-0.004,-0.021,0.007,-0.24,-0.13,9.41,0,0.07,-0.38,-0.24,-0.21,9.8,1.5425,0,0,360,5.9,8,1016.4,44.3,-11.72,0,1,0,0,0,1
2024-11-27 23:01:51.895000+00:00,50.70781489,0,0,0,1,0,-2,1,22,-75.75,-16,-7.062,-0.004,-0.021,0.007,-0.24,-0.13,9.41,0,0.07,-0.38,-0.24,-0.21,9.8,1.5425,0,0,360,5.9,8,1016.4,44.3,-11.72,0,1,0,0,0,1
2024-11-27 23:01:51.944000+00:00,50.70781489,0,0,0,1,0,-2,1,22,-75.75,-16,-7.062,-0.004,-0.021,0.007,-0.24,-0.13,9.41,0,0.07,-0.38,-0.24,-0.21,9.8,1.5425,0,0,360,5.9,8,1016.4,44.3,-11.72,0,1,0,0,0,1
2024-11-27 23:01:54.930000+00:00,50.70781489,0,0,0,1,0,-2,1,22,-75.75,-16,-7.062,-0.004,-0.021,0.007,-0.24,-0.13,9.41,0,0.07,-0.38,-0.24,-0.21,9.8,1.5425,0,0,360,5.9,8,1016.4,44.3,-11.72,0,1,0,0,0,1
2024-11-27 23:01:55.135000+00:00,50.70781489,0,0,0,1,0,-2,1,22,-75.75,-16,-7.062,-0.004,-0.021,0.007,-0.24,-0.13,9.41,0,0.07,-0.38,-0.24,-0.21,9.8,1.5425,0,0,360,5.9,8,1016.4,44.3,-11.72,0,1,0,0,0,1
2024-11-27 23:01:55.185000+00:00,50.70781489,0,0,0,1,0,-2,1,22,-75.75,-16,-7.062,-0.004,-0.021,0.007,-0.24,-0.13,9.41,0,0.07,-0.38,-0.24,-0.21,9.8,1.5425,0,0,360,5.9,8,1016.4,44.3,-11.72,0,1,0,0,0,1
2024-11-27 23:01:55.235000+00:00,50.70781489,0,0,0,1,0,-2,1,22,-75.75,-16,-7.062,-0.004,-0.021,0.007,-0.24,-0.13,9.41,0,0.07,-0.38,-0.24,-0.21,9.8,1.5425,0,0,360,5.9,8,1016.4,44.3,-11.72,0,1,0,0,0,1
2024-11-27 23:01:58.644000+00:00,50.70781489,0,0,0,1,0,-2,1,22,-75.75,-16,-7.062,-0.004,-0.021,0.007,-0.24,-0.13,9.41,0,0.07,-0.38,-0.24,-0.21,9.8,1.5425,0,0,360,5.9,8,1016.4,44.3,-11.72,0,1,0,0,0,1
2024-11-27 23:01:58.995000+00:00,50.70781489,0,0,0,1,0,-2,1,22,-75.75,-16,-7.062,-0.004,-0.021,0.007,-0.24,-0.13,9.41,0,0.07,-0.38,-0.24,-0.21,9.8,1.5425,0,0,360,5.9,8,1016.4,44.3,-11.72,0,1,0,0,0,1
2024-11-27 23:01:59.044000+00:00,50.70781489,0,0,0,1,0,-2,1,22,-75.75,-16,-7.062,-0.004,-0.021,0.007,-0.24,-0.13,9.41,0,0.07,-0.38,-0.24,-0.21,9.8,1.5425,0,0,360,5.9,8,1016.4,44.3,-11.72,0,1,0,0,0,1
2024-11-27 23:01:59.095000+00:00,50.70781489,0,0,0,1,0,-2,1,22,-75.75,-16,-7.062,-0.004,-0.021,0.007,-0.24,-0.13,9.41,0,0.07,-0.38,-0.24,-0.21,9.8,1.5425,0,0,360,5.9,8,1016.4,44.3,-11.72,0,1,0,0,0,1
2024-11-27 23:02:02.236000+00:00,50.70781489,0,0,0,1,0,-2,1,22,-75.75,-16,-7.062,-0.004,-0.021,0.007,-0.24,-0.13,9.41,0,0.07,-0.38,-0.24,-0.21,9.8,1.5425,0,0,360,5.9,8,1016.4,44.3,-11.72,0,1,0,0,0,1
2024-11-27 23:02:02.337000+00:00,50.70781489,0,0,0,1,0,-2,1,22,-75.75,-16,-7.062,-0.004,-0.021,0.007,-0.24,-0.13,9.41,0,0.07,-0.38,-0.24,-0.21,9.8,1.5425,0,0,360,5.9,8,1016.4,44.3,-11.72,0,1,0,0,0,1
2024-11-27 23:02:02.437000+00:00,50.70781489,0,0,0,1,0,-2,1,22,-75.75,-16,-7.062,-0.004,-0.021,0.007,-0.24,-0.13,9.41,0,0.07,-0.38,-0.24,-0.21,9.8,1.5425,0,0,360,5.9,8,1016.4,44.3,-11.72,0,1,0,0,0,1
2024-11-27 23:02:02.536000+00:00,50.70781489,0,0,0,1,0,-2,1,22,-75.75,-16,-7.062,-0.004,-0.021,0.007,-0.24,-0.13,9.41,0,0.07,-0.38,-0.24,-0.21,9.8,1.5425,0,0,360,5.9,8,1016.4,44.3,-11.72,0,1,0,0,0,1
2024-11-27 23:02:02.894000+00:00,50.70781489,0,0,0,1,0,-2,1,22,-75.75,-16,-7.062,-0.004,-0.021,0.007,-0.24,-0.13,9.41,0,0.07,-0.38,-0.24,-0.21,9.8,1.5425,0,0,360,5.9,8,1016.4,44.3,-11.72,0,1,0,0,0,1
2024-11-27 23:02:06.176000+00:00,50.70781489,0,0,0,1,0,-2,1,22,-75.75,-16,-7.062,-0.004,-0.021,0.007,-0.24,-0.13,9.41,0,0.07,-0.38,-0.24,-0.21,9.8,1.5425,0,0,360,5.9,8,1016.4,44.3,-11.72,0,1,0,0,0,1
2024-11-27 23:02:06.226000+00:00,50.70781489,0,0,0,1,0,-2,1,22,-75.75,-16,-7.062,-0.004,-0.021,0.007,-0.24,-0.13,9.41,0,0.07,-0.38,-0.24,-0.21,9.8,1.5425,0,0,360,5.9,8,1016.4,44.3,-11.72,0,1,0,0,0,1
2024-11-27 23:02:06.275000+00:00,50.70781489,0,0,0,1,0,-2,1,22,-75.75,-16,-7.062,-0.004,-0.021,0.007,-0.24,-0.13,9.41,0,0.07,-0.38,-0.24,-0.21,9.8,1.5425,0,0,360,5.9,8,1016.4,44.3,-11.72,0,1,0,0,0,1
2024-11-27 23:02:06.340000+00:00,50.70781489,0,0,0,1,0,-2,1,22,-75.75,-16,-7.062,-0.004,-0.021,0.007,-0.24,-0.13,9.41,0,0.07,-0.38,-0.24,-0.21,9.8,1.5425,0,0,360,5.9,8,1016.4,44.3,-11.72,0,1,0,0,0,1
2024-11-27 23:02:09.443000+00:00,50.70781489,0,0,0,1,0,-2,1,21.05,-75.75,-16,-7.062,-0.004,-0.021,0.007,-0.24,-0.13,9.41,0,0.07,-0.38,-0.24,-0.21,9.8,1.5425,0,0,360,5.9,8,1016.4,44.3,-11.72,0,1,0,0,0,1
2024-11-27 23:02:09.542000+00:00,50.70781489,0,0,0,1,0,-2,1,21.05,-75.75,-16,-7.062,-0.004,-0.021,0.007,-0.24,-0.13,9.41,0,0.07,-0.38,-0.24,-0.21,9.8,1.5425,0,0,360,5.9,8,1016.4,44.3,-11.72,0,1,0,0,0,1
2024-11-27 23:02:09.643000+00:00,50.70781489,0,0,0,1,0,-2,1,21.05,-75.75,-16,-7.062,-0.004,-0.021,0.007,-0.24,-0.13,9.41,0,0.07,-0.38,-0.24,-0.21,9.8,1.5425,0,0,360,5.9,8,1016.4,44.3,-11.72,0,1,0,0,0,1
2024-11-27 23:02:12.994000+00:00,50.70781489,0,0,0,1,0,-2,1,21.05,-75.75,-16,-7.062,-0.004,-0.021,0.007,-0.24,-0.13,9.41,0,0.07,-0.38,-0.24,-0.21,9.8,1.5425,0,0,360,5.9,8,1016.4,44.3,-11.72,0,1,0,0,0,1
