,rpm_value,rpm_blade_1,rpm_blade_2,rpm_blade_3,orientation_heading,orientation_roll,orientation_pitch,temperature_value,magnetometer_mx,magnetometer_my,magnetometer_mz,gyroscope_gx,gyroscope_gy,gyroscope_gz,accelerometer_ax,accelerometer_ay,accelerometer_az,linear_acceleration_lx,linear_acceleration_ly,linear_acceleration_lz,gravity_grx,gravity_gry,gravity_grz,voltage_value,current_value,power_value,servo_value,speed_value,direction_value,pressure_value,humidity_value,altitude_value
2024-11-27 23:13:32.147000+00:00,,,,,329.5,-1.875,1.125,,-80.5,-21.688,-4.688,-0.011,0.021,0.017,-0.04,-0.18,9.45,0.27,0.01,-0.34,-0.32,-0.19,9.79,0.135,0.0,0.0,0.0,,-1.0,,,
2024-11-27 23:13:33.156000+00:00,,,,,329.625,-1.875,1.188,,-80.5,-21.688,-4.688,-0.011,0.021,0.017,-0.04,-0.18,9.45,0.27,0.01,-0.34,-0.32,-0.19,9.79,0.135,0.0,0.0,0.0,,-1.0,,,
2024-11-27 23:13:34.167000+00:00,,,,,329.562,-1.875,1.188,,-80.5,-21.688,-4.688,-0.011,0.021,0.017,-0.04,-0.18,9.45,0.27,0.01,-0.34,-0.32,-0.19,9.79,0.135,0.0,0.0,0.0,,-1.0,,,
2024-11-27 23:13:35.174000+00:00,,,,,329.5,-1.875,1.188,,-80.5,-21.688,-4.688,-0.011,0.021,0.017,-0.04,-0.18,9.45,0.27,0.01,-0.34,-0.32,-0.19,9.79,0.135,0.0,0.0,0.0,,-1.0,,,
2024-11-27 23:13:36.182000+00:00,,,,,329.5,-1.75,1.125,,-80.5,-21.688,-4.688,-0.011,0.021,0.017,-0.04,-0.18,9.45,0.27,0.01,-0.34,-0.32,-0.19,9.79,0.135,0.0,0.0,0.0,,-1.0,,,
2024-11-27 23:13:37.190000+00:00,,,,,329.562,-1.938,1.188,,-80.5,-21.688,-4.688,-0.011,0.021,0.017,-0.04,-0.18,9.45,0.27,0.01,-0.34,-0.32,-0.19,9.79,0.135,0.0,0.0,0.0,,-1.0,,,
2024-11-27 23:13:38.201000+00:00,,,,,329.5,-1.875,1.188,,-80.5,-21.688,-4.688,-0.011,0.021,0.017,-0.04,-0.18,9.45,0.27,0.01,-0.34,-0.32,-0.19,9.79,0.135,0.0,0.0,0.0,,-1.0,,,
2024-11-27 23:13:39.212000+00:00,,,,,329.438,-1.938,1.062,,-80.5,-21.688,-4.688,-0.011,0.021,0.017,-0.04,-0.18,9.45,0.27,0.01,-0.34,-0.32,-0.19,9.79,0.135,0.0,0.0,0.0,,-1.0,,,
2024-11-27 23:13:40.221000+00:00,,,,,329.375,-1.938,1.062,,-80.5,-21.688,-4.688,-0.011,0.021,0.017,-0.04,-0.18,9.45,0.27,0.01,-0.34,-0.32,-0.19,9.79,0.135,0.0,0.0,0.0,,-1.0,,,
2024-11-27 23:13:41.231000+00:00,,,,,329.438,-1.75,1.25,,-80.5,-21.688,-4.688,-0.011,0.021,0.017,-0.04,-0.18,9.45,0.27,0.01,-0.34,-0.32,-0.19,9.79,0.135,0.0,0.0,0.0,,-1.0,,,
2024-11-27 23:13:42.242000+00:00,,,,,329.375,-1.562,1.312,,-80.5,-21.688,-4.688,-0.011,0.021,0.017,-0.04,-0.18,9.45,0.27,0.01,-0.34,-0.32,-0.19,9.79,0.135,0.0,0.0,0.0,,-1.0,,,
2024-11-27 23:13:43.252000+00:00,,,,,329.375,-1.5,1.375,,-80.5,-21.688,-4.688,-0.011,0.021,0.017,-0.04,-0.18,9.45,0.27,0.01,-0.34,-0.32,-0.19,9.79,0.135,0.0,0.0,0.0,,-1.0,,,
2024-11-27 23:13:44.262000+00:00,,,,,329.312,-1.375,1.375,,-80.5,-21.688,-4.688,-0.011,0.021,0.017,-0.04,-0.18,9.45,0.27,0.01,-0.34,-0.32,-0.19,9.79,0.135,0.0,0.0,0.0,,-1.0,,,
2024-11-27 23:13:45.271000+00:00,,,,,329.312,-1.438,1.375,,-80.5,-21.688,-4.688,-0.011,0.021,0.017,-0.04,-0.18,9.45,0.27,0.01,-0.34,-0.32,-0.19,9.79,0.135,0.0,0.0,0.0,,-1.0,,,
2024-11-27 23:13:46.278000+00:00,,,,,329.312,-1.438,1.562,,-80.5,-21.688,-4.688,-0.011,0.021,0.017,-0.04,-0.18,9.45,0.27,0.01,-0.34,-0.32,-0.19,9.79,0.135,0.0,0.0,0.0,,-1.0,,,
2024-11-27 23:13:47.290000+00:00,,,,,329.25,-1.25,1.5,,-80.5,-21.688,-4.688,-0.011,0.021,0.017,-0.04,-0.18,9.45,0.27,0.01,-0.34,-0.32,-0.19,9.79,0.135,0.0,0.0,0.0,,-1.0,,,
2024-11-27 23:13:48.300000+00:00,,,,,329.312,-1.062,1.5,,-80.5,-21.688,-4.688,-0.011,0.021,0.017,-0.04,-0.18,9.45,0.27,0.01,-0.34,-0.32,-0.19,9.79,0.135,0.0,0.0,0.0,,-1.0,,,
2024-11-27 23:13:49.309000+00:00,,,,,329.25,-1.125,1.625,,-80.5,-21.688,-4.688,-0.011,0.021,0.017,-0.04,-0.18,9.45,0.27,0.01,-0.34,-0.32,-0.19,9.79,0.135,0.0,0.0,0.0,,-1.0,,,
2024-11-27 23:13:50.317000+00:00,,,,,329.25,-1.375,1.438,,-80.5,-21.688,-4.688,-0.011,0.021,0.017,-0.04,-0.18,9.45,0.27,0.01,-0.34,-0.32,-0.19,9.79,0.135,0.0,0.0,0.0,,-1.0,,,
2024-11-27 23:13:51.325000+00:00,,,,,329.188,-1.625,1.375,,-80.5,-21.688,-4.688,-0.011,0.021,0.017,-0.04,-0.18,9.45,0.27,0.01,-0.34,-0.32,-0.19,9.79,0.135,0.0,0.0,0.0,,-1.0,,,
2024-11-27 23:13:52.333000+00:00,,,,,329.188,-1.562,1.375,,-80.5,-21.688,-4.688,-0.011,0.021,0.017,-0.04,-0.18,9.45,0.27,0.01,-0.34,-0.32,-0.19,9.79,0.135,0.0,0.0,0.0,,-1.0,,,
2024-11-27 23:13:53.344000+00:00,,,,,329.125,-1.5,1.25,,-80.5,-21.688,-4.688,-0.011,0.021,0.017,-0.04,-0.18,9.45,0.27,0.01,-0.34,-0.32,-0.19,9.79,0.135,0.0,0.0,0.0,,-1.0,,,
2024-11-27 23:13:54.354000+00:00,,,,,329.125,-1.562,1.25,,-80.5,-21.688,-4.688,-0.011,0.021,0.017,-0.04,-0.18,9.45,0.27,0.01,-0.34,-0.32,-0.19,9.79,0.135,0.0,0.0,0.0,,-1.0,,,
2024-11-27 23:13:55.363000+00:00,,,,,329.062,-1.312,1.312,,-80.5,-21.688,-4.688,-0.011,0.021,0.017,-0.04,-0.18,9.45,0.27,0.01,-0.34,-0.32,-0.19,9.79,0.135,0.0,0.0,0.0,,-1.0,,,
2024-11-27 23:13:56.372000+00:00,,,,,329.0,-1.438,1.25,,-80.5,-21.688,-4.688,-0.011,0.021,0.017,-0.04,-0.18,9.45,0.27,0.01,-0.34,-0.32,-0.19,9.79,0.135,0.0,0.0,0.0,,-1.0,,,
2024-11-27 23:13:57.382000+00:00,,,,,329.0,-1.25,1.312,,-80.5,-21.688,-4.688,-0.011,0.021,0.017,-0.04,-0.18,9.45,0.27,0.01,-0.34,-0.32,-0.19,9.79,0.135,0.0,0.0,0.0,,-1.0,,,
2024-11-27 23:13:58.393000+00:00,,,,,329.062,-1.312,1.375,,-80.5,-21.688,-4.688,-0.011,0.021,0.017,-0.04,-0.18,9.45,0.27,0.01,-0.34,-0.32,-0.19,9.79,0.135,0.0,0.0,0.0,,-1.0,,,
2024-11-27 23:13:59.403000+00:00,,,,,329.062,-1.75,1.188,,-80.5,-21.688,-4.688,-0.011,0.021,0.017,-0.04,-0.18,9.45,0.27,0.01,-0.34,-0.32,-0.19,9.79,0.135,0.0,0.0,0.0,,-1.0,,,
2024-11-27 23:14:00.411000+00:00,,,,,329.062,-1.812,1.188,,-80.5,-21.688,-4.688,-0.011,0.021,0.017,-0.04,-0.18,9.45,0.27,0.01,-0.34,-0.32,-0.19,9.79,0.135,0.0,0.0,0.0,,-1.0,,,
2024-11-27 23:14:01.420000+00:00,,,,,329.0,-1.688,1.312,,-80.5,-21.688,-4.688,-0.011,0.021,0.017,-0.04,-0.18,9.45,0.27,0.01,-0.34,-0.32,-0.19,9.79,0.135,0.0,0.0,0.0,,-1.0,,,
2024-11-27 23:14:02.430000+00:00,,,,,328.938,-1.688,1.438,,-80.5,-21.688,-4.688,-0.011,0.021,0.017,-0.04,-0.18,9.45,0.27,0.01,-0.34,-0.32,-0.19,9.79,0.135,0.0,0.0,0.0,,-1.0,,,
2024-11-27 23:14:03.441000+00:00,,,,,329.062,-1.812,1.312,,-80.5,-21.688,-4.688,-0.011,0.021,0.017,-0.04,-0.18,9.45,0.27,0.01,-0.34,-0.32,-0.19,9.79,0.135,0.0,0.0,0.0,,-1.0,,,
2024-11-27 23:14:04.451000+00:00,,,,,329.062,-1.75,1.25,,-80.5,-21.688,-4.688,-0.011,0.021,0.017,-0.04,-0.18,9.45,0.27,0.01,-0.34,-0.32,-0.19,9.79,0.135,0.0,0.0,0.0,,-1.0,,,
2024-11-27 23:14:05.459000+00:00,,,,,329.062,-1.812,1.312,,-80.5,-21.688,-4.688,-0.011,0.021,0.017,-0.04,-0.18,9.45,0.27,0.01,-0.34,-0.32,-0.19,9.79,0.135,0.0,0.0,0.0,,-1.0,,,
2024-11-27 23:14:06.467000+00:00,,,,,329.0,-1.75,1.375,,-80.5,-21.688,-4.688,-0.011,0.021,0.017,-0.04,-0.18,9.45,0.27,0.01,-0.34,-0.32,-0.19,9.79,0.135,0.0,0.0,0.0,,-1.0,,,
2024-11-27 23:14:07.474000+00:00,,,,,329.0,-1.625,1.438,,-80.5,-21.688,-4.688,-0.011,0.021,0.017,-0.04,-0.18,9.45,0.27,0.01,-0.34,-0.32,-0.19,9.79,0.135,0.0,0.0,0.0,,-1.0,,,
2024-11-27 23:14:08.486000+00:00,,,,,329.0,-1.625,1.438,,-80.5,-21.688,-4.688,-0.011,0.021,0.017,-0.04,-0.18,9.45,0.27,0.01,-0.34,-0.32,-0.19,9.79,0.135,0.0,0.0,0.0,,-1.0,,,
2024-11-27 23:14:09.496000+00:00,,,,,328.938,-1.562,1.562,,-80.5,-21.688,-4.688,-0.011,0.021,0.017,-0.04,-0.18,9.45,0.27,0.01,-0.34,-0.32,-0.19,9.79,0.135,0.0,0.0,0.0,,-1.0,,,
2024-11-27 23:14:10.506000+00:00,,,,,329.0,-1.562,1.5,,-80.5,-21.688,-4.688,-0.011,0.021,0.017,-0.04,-0.18,9.45,0.27,0.01,-0.34,-0.32,-0.19,9.79,0.135,0.0,0.0,0.0,,-1.0,,,
2024-11-27 23:14:11.514000+00:00,,,,,328.938,-1.562,1.5,,-80.5,-21.688,-4.688,-0.011,0.021,0.017,-0.04,-0.18,9.45,0.27,0.01,-0.34,-0.32,-0.19,9.79,0.135,0.0,0.0,0.0,,-1.0,,,
2024-11-27 23:14:12.525000+00:00,,,,,328.938,-1.688,1.438,,-80.5,-21.688,-4.688,-0.011,0.021,0.017,-0.04,-0.18,9.45,0.27,0.01,-0.34,-0.32,-0.19,9.79,0.135,0.0,0.0,0.0,,-1.0,,,
2024-11-27 23:14:13.535000+00:00,,,,,328.938,-1.625,1.375,,-80.5,-21.688,-4.688,-0.011,0.021,0.017,-0.04,-0.18,9.45,0.27,0.01,-0.34,-0.32,-0.19,9.79,0.135,0.0,0.0,0.0,,-1.0,,,
2024-11-27 23:14:14.545000+00:00,,,,,328.938,-1.625,1.312,,-80.5,-21.688,-4.688,-0.011,0.021,0.017,-0.04,-0.18,9.45,0.27,0.01,-0.34,-0.32,-0.19,9.79,0.135,0.0,0.0,0.0,,-1.0,,,
2024-11-27 23:14:15.553000+00:00,,,,,328.875,-1.562,1.375,,-80.5,-21.688,-4.688,-0.011,0.021,0.017,-0.04,-0.18,9.45,0.27,0.01,-0.34,-0.32,-0.19,9.79,0.135,0.0,0.0,0.0,,-1.0,,,
2024-11-27 23:14:16.561000+00:00,,,,,328.812,-1.5,1.312,,-80.5,-21.688,-4.688,-0.011,0.021,0.017,-0.04,-0.18,9.45,0.27,0.01,-0.34,-0.32,-0.19,9.79,0.135,0.0,0.0,0.0,,-1.0,,,
2024-11-27 23:14:17.569000+00:00,,,,,328.812,-1.625,1.188,,-80.5,-21.688,-4.688,-0.011,0.021,0.017,-0.04,-0.18,9.45,0.27,0.01,-0.34,-0.32,-0.19,9.79,0.135,0.0,0.0,0.0,,-1.0,,,
2024-11-27 23:14:18.599000+00:00,,,,,329.0,-1.5,1.25,,-80.5,-21.688,-4.688,-0.011,0.021,0.017,-0.04,-0.18,9.45,0.27,0.01,-0.34,-0.32,-0.19,9.79,0.135,0.0,0.0,0.0,,-1.0,,,
2024-11-27 23:14:19.590000+00:00,,,,,328.875,-1.5,1.312,,-80.5,-21.688,-4.688,-0.011,0.021,0.017,-0.04,-0.18,9.45,0.27,0.01,-0.34,-0.32,-0.19,9.79,0.135,0.0,0.0,0.0,,-1.0,,,
2024-11-27 23:14:20.600000+00:00,,,,,328.875,-1.5,1.312,,-80.5,-21.688,-4.688,-0.011,0.021,0.017,-0.04,-0.18,9.45,0.27,0.01,-0.34,-0.32,-0.19,9.79,0.135,0.0,0.0,0.0,,-1.0,,,
2024-11-27 23:14:21.609000+00:00,,,,,328.75,-1.625,1.312,,-80.5,-21.688,-4.688,-0.011,0.021,0.017,-0.04,-0.18,9.45,0.27,0.01,-0.34,-0.32,-0.19,9.79,0.135,0.0,0.0,0.0,,-1.0,,,
2024-11-27 23:14:22.617000+00:00,,,,,328.875,-1.75,1.25,,-80.5,-21.688,-4.688,-0.011,0.021,0.017,-0.04,-0.18,9.45,0.27,0.01,-0.34,-0.32,-0.19,9.79,0.135,0.0,0.0,0.0,,-1.0,,,
2024-11-27 23:14:23.628000+00:00,,,,,328.812,-1.688,1.312,,-80.5,-21.688,-4.688,-0.011,0.021,0.017,-0.04,-0.18,9.45,0.27,0.01,-0.34,-0.32,-0.19,9.79,0.135,0.0,0.0,0.0,,-1.0,,,
2024-11-27 23:14:24.637000+00:00,,,,,328.75,-1.75,1.25,,-80.5,-21.688,-4.688,-0.011,0.021,0.017,-0.04,-0.18,9.45,0.27,0.01,-0.34,-0.32,-0.19,9.79,0.135,0.0,0.0,0.0,,-1.0,,,
2024-11-27 23:14:25.647000+00:00,,,,,328.688,-1.688,1.188,,-80.5,-21.688,-4.688,-0.011,0.021,0.017,-0.04,-0.18,9.45,0.27,0.01,-0.34,-0.32,-0.19,9.79,0.135,0.0,0.0,0.0,,-1.0,,,
2024-11-27 23:14:26.656000+00:00,,,,,328.688,-1.562,1.312,,-80.5,-21.688,-4.688,-0.011,0.021,0.017,-0.04,-0.18,9.45,0.27,0.01,-0.34,-0.32,-0.19,9.79,0.135,0.0,0.0,0.0,,-1.0,,,
2024-11-27 23:14:27.663000+00:00,,,,,328.688,-1.438,1.312,,-80.5,-21.688,-4.688,-0.011,0.021,0.017,-0.04,-0.18,9.45,0.27,0.01,-0.34,-0.32,-0.19,9.79,0.135,0.0,0.0,0.0,,-1.0,,,
2024-11-27 23:14:28.673000+00:00,,,,,328.75,-1.375,1.312,,-80.5,-21.688,-4.688,-0.011,0.021,0.017,-0.04,-0.18,9.45,0.27,0.01,-0.34,-0.32,-0.19,9.79,0.135,0.0,0.0,0.0,,-1.0,,,
2024-11-27 23:14:29.683000+00:00,,,,,328.625,-1.188,1.438,,-80.5,-21.688,-4.688,-0.011,0.021,0.017,-0.04,-0.18,9.45,0.27,0.01,-0.34,-0.32,-0.19,9.79,0.135,0.0,0.0,0.0,,-1.0,,,
2024-11-27 23:14:30.694000+00:00,,,,,328.688,-1.438,1.438,,-80.5,-21.688,-4.688,-0.011,0.021,0.017,-0.04,-0.18,9.45,0.27,0.01,-0.34,-0.32,-0.19,9.79,0.135,0.0,0.0,0.0,,-1.0,,,
2024-11-27 23:13:32.193000+00:00,,,,,328.688,-1.438,1.438,,-80.5,-21.688,-4.688,-0.011,0.021,0.017,-0.04,-0.18,9.45,0.27,0.01,-0.34,-0.32,-0.19,9.79,0.135,0.0,0.0,0.0,,-1.0,,,
2024-11-27 23:13:33.207000+00:00,,,,,328.688,-1.438,1.438,,-81.188,-21.25,-2.375,-0.011,0.021,0.017,-0.04,-0.18,9.45,0.27,0.01,-0.34,-0.32,-0.19,9.79,0.135,0.0,0.0,0.0,,-1.0,,,
2024-11-27 23:13:34.216000+00:00,,,,,328.688,-1.438,1.438,,-81.188,-21.75,-3.562,-0.011,0.021,0.017,-0.04,-0.18,9.45,0.27,0.01,-0.34,-0.32,-0.19,9.79,0.135,0.0,0.0,0.0,,-1.0,,,
2024-11-27 23:13:35.229000+00:00,,,,,328.688,-1.438,1.438,,-80.062,-21.0,-3.562,-0.011,0.021,0.017,-0.04,-0.18,9.45,0.27,0.01,-0.34,-0.32,-0.19,9.79,0.135,0.0,0.0,0.0,,-1.0,,,
2024-11-27 23:13:36.233000+00:00,,,,,328.688,-1.438,1.438,,-80.5,-21.75,-2.688,-0.011,0.021,0.017,-0.04,-0.18,9.45,0.27,0.01,-0.34,-0.32,-0.19,9.79,0.135,0.0,0.0,0.0,,-1.0,,,
2024-11-27 23:13:37.247000+00:00,,,,,328.688,-1.438,1.438,,-80.375,-21.375,-3.5,-0.011,0.021,0.017,-0.04,-0.18,9.45,0.27,0.01,-0.34,-0.32,-0.19,9.79,0.135,0.0,0.0,0.0,,-1.0,,,
2024-11-27 23:13:38.253000+00:00,,,,,328.688,-1.438,1.438,,-81.188,-21.75,-2.688,-0.011,0.021,0.017,-0.04,-0.18,9.45,0.27,0.01,-0.34,-0.32,-0.19,9.79,0.135,0.0,0.0,0.0,,-1.0,,,
2024-11-27 23:13:39.268000+00:00,,,,,328.688,-1.438,1.438,,-81.375,-16.25,-11.062,-0.011,0.021,0.017,-0.04,-0.18,9.45,0.27,0.01,-0.34,-0.32,-0.19,9.79,0.135,0.0,0.0,0.0,,-1.0,,,
2024-11-27 23:13:40.271000+00:00,,,,,328.688,-1.438,1.438,,-81.75,-16.688,-11.562,-0.011,0.021,0.017,-0.04,-0.18,9.45,0.27,0.01,-0.34,-0.32,-0.19,9.79,0.135,0.0,0.0,0.0,,-1.0,,,
2024-11-27 23:13:41.288000+00:00,,,,,328.688,-1.438,1.438,,-81.375,-17.062,-11.562,-0.011,0.021,0.017,-0.04,-0.18,9.45,0.27,0.01,-0.34,-0.32,-0.19,9.79,0.135,0.0,0.0,0.0,,-1.0,,,
2024-11-27 23:13:42.297000+00:00,,,,,328.688,-1.438,1.438,,-82.062,-16.688,-11.062,-0.011,0.021,0.017,-0.04,-0.18,9.45,0.27,0.01,-0.34,-0.32,-0.19,9.79,0.135,0.0,0.0,0.0,,-1.0,,,
2024-11-27 23:13:43.305000+00:00,,,,,328.688,-1.438,1.438,,-81.688,-17.188,-10.688,-0.011,0.021,0.017,-0.04,-0.18,9.45,0.27,0.01,-0.34,-0.32,-0.19,9.79,0.135,0.0,0.0,0.0,,-1.0,,,
2024-11-27 23:13:44.349000+00:00,,,,,328.688,-1.438,1.438,,-81.688,-16.062,-11.562,-0.011,0.021,0.017,-0.04,-0.18,9.45,0.27,0.01,-0.34,-0.32,-0.19,9.79,0.135,0.0,0.0,0.0,,-1.0,,,
2024-11-27 23:13:45.320000+00:00,,,,,328.688,-1.438,1.438,,-82.0,-16.75,-11.875,-0.011,0.021,0.017,-0.04,-0.18,9.45,0.27,0.01,-0.34,-0.32,-0.19,9.79,0.135,0.0,0.0,0.0,,-1.0,,,
2024-11-27 23:13:46.336000+00:00,,,,,328.688,-1.438,1.438,,-82.375,-16.75,-11.062,-0.011,0.021,0.017,-0.04,-0.18,9.45,0.27,0.01,-0.34,-0.32,-0.19,9.79,0.135,0.0,0.0,0.0,,-1.0,,,
2024-11-27 23:13:47.342000+00:00,,,,,328.688,-1.438,1.438,,-80.875,-17.562,-12.688,-0.011,0.021,0.017,-0.04,-0.18,9.45,0.27,0.01,-0.34,-0.32,-0.19,9.79,0.135,0.0,0.0,0.0,,-1.0,,,
2024-11-27 23:13:48.350000+00:00,,,,,328.688,-1.438,1.438,,-80.75,-16.75,-11.875,-0.011,0.021,0.017,-0.04,-0.18,9.45,0.27,0.01,-0.34,-0.32,-0.19,9.79,0.135,0.0,0.0,0.0,,-1.0,,,
2024-11-27 23:13:49.365000+00:00,,,,,328.688,-1.438,1.438,,-82.25,-16.875,-12.25,-0.011,0.021,0.017,-0.04,-0.18,9.45,0.27,0.01,-0.34,-0.32,-0.19,9.79,0.135,0.0,0.0,0.0,,-1.0,,,
2024-11-27 23:13:50.372000+00:00,,,,,328.688,-1.438,1.438,,-81.875,-16.875,-10.688,-0.011,0.021,0.017,-0.04,-0.18,9.45,0.27,0.01,-0.34,-0.32,-0.19,9.79,0.135,0.0,0.0,0.0,,-1.0,,,
2024-11-27 23:13:51.371000+00:00,,,,,328.688,-1.438,1.438,,-82.188,-16.188,-11.562,-0.011,0.021,0.017,-0.04,-0.18,9.45,0.27,0.01,-0.34,-0.32,-0.19,9.79,0.135,0.0,0.0,0.0,,-1.0,,,
2024-11-27 23:13:52.386000+00:00,,,,,328.688,-1.438,1.438,,-81.875,-16.5,-11.875,-0.011,0.021,0.017,-0.04,-0.18,9.45,0.27,0.01,-0.34,-0.32,-0.19,9.79,0.135,0.0,0.0,0.0,,-1.0,,,
2024-11-27 23:13:53.395000+00:00,,,,,328.688,-1.438,1.438,,-81.5,-16.875,-11.062,-0.011,0.021,0.017,-0.04,-0.18,9.45,0.27,0.01,-0.34,-0.32,-0.19,9.79,0.135,0.0,0.0,0.0,,-1.0,,,
2024-11-27 23:13:54.401000+00:00,,,,,328.688,-1.438,1.438,,-81.188,-16.875,-11.875,-0.011,0.021,0.017,-0.04,-0.18,9.45,0.27,0.01,-0.34,-0.32,-0.19,9.79,0.135,0.0,0.0,0.0,,-1.0,,,
2024-11-27 23:13:55.411000+00:00,,,,,328.688,-1.438,1.438,,-82.25,-18.062,-11.0,-0.011,0.021,0.017,-0.04,-0.18,9.45,0.27,0.01,-0.34,-0.32,-0.19,9.79,0.135,0.0,0.0,0.0,,-1.0,,,
2024-11-27 23:13:56.420000+00:00,,,,,328.688,-1.438,1.438,,-81.5,-17.375,-11.0,-0.011,0.021,0.017,-0.04,-0.18,9.45,0.27,0.01,-0.34,-0.32,-0.19,9.79,0.135,0.0,0.0,0.0,,-1.0,,,
2024-11-27 23:13:57.431000+00:00,,,,,328.688,-1.438,1.438,,-82.188,-17.0,-10.562,-0.011,0.021,0.017,-0.04,-0.18,9.45,0.27,0.01,-0.34,-0.32,-0.19,9.79,0.135,0.0,0.0,0.0,,-1.0,,,
2024-11-27 23:13:58.445000+00:00,,,,,328.688,-1.438,1.438,,-81.5,-17.375,-11.5,-0.011,0.021,0.017,-0.04,-0.18,9.45,0.27,0.01,-0.34,-0.32,-0.19,9.79,0.135,0.0,0.0,0.0,,-1.0,,,
2024-11-27 23:13:59.454000+00:00,,,,,328.688,-1.438,1.438,,-81.875,-16.562,-13.0,-0.011,0.021,0.017,-0.04,-0.18,9.45,0.27,0.01,-0.34,-0.32,-0.19,9.79,0.135,0.0,0.0,0.0,,-1.0,,,
2024-11-27 23:14:00.466000+00:00,,,,,328.688,-1.438,1.438,,-82.562,-17.062,-11.0,-0.011,0.021,0.017,-0.04,-0.18,9.45,0.27,0.01,-0.34,-0.32,-0.19,9.79,0.135,0.0,0.0,0.0,,-1.0,,,
2024-11-27 23:14:01.471000+00:00,,,,,328.688,-1.438,1.438,,-81.5,-17.5,-11.0,-0.011,0.021,0.017,-0.04,-0.18,9.45,0.27,0.01,-0.34,-0.32,-0.19,9.79,0.135,0.0,0.0,0.0,,-1.0,,,
2024-11-27 23:14:02.490000+00:00,,,,,328.688,-1.438,1.438,,-82.188,-17.875,-10.5,-0.011,0.021,0.017,-0.04,-0.18,9.45,0.27,0.01,-0.34,-0.32,-0.19,9.79,0.135,0.0,0.0,0.0,,-1.0,,,
2024-11-27 23:14:03.493000+00:00,,,,,328.688,-1.438,1.438,,-81.0,-18.25,-12.062,-0.011,0.021,0.017,-0.04,-0.18,9.45,0.27,0.01,-0.34,-0.32,-0.19,9.79,0.135,0.0,0.0,0.0,,-1.0,,,
2024-11-27 23:14:04.508000+00:00,,,,,328.688,-1.438,1.438,,-80.562,-17.562,-10.875,-0.011,0.021,0.017,-0.04,-0.18,9.45,0.27,0.01,-0.34,-0.32,-0.19,9.79,0.135,0.0,0.0,0.0,,-1.0,,,
2024-11-27 23:14:05.517000+00:00,,,,,328.688,-1.438,1.438,,-82.062,-16.75,-10.875,-0.011,0.021,0.017,-0.04,-0.18,9.45,0.27,0.01,-0.34,-0.32,-0.19,9.79,0.135,0.0,0.0,0.0,,-1.0,,,
2024-11-27 23:14:06.515000+00:00,,,,,328.688,-1.438,1.438,,-82.062,-16.75,-11.375,-0.011,0.021,0.017,-0.04,-0.18,9.45,0.27,0.01,-0.34,-0.32,-0.19,9.79,0.135,0.0,0.0,0.0,,-1.0,,,
2024-11-27 23:14:07.527000+00:00,,,,,328.688,-1.438,1.438,,-82.062,-17.688,-10.875,-0.011,0.021,0.017,-0.04,-0.18,9.45,0.27,0.01,-0.34,-0.32,-0.19,9.79,0.135,0.0,0.0,0.0,,-1.0,,,
2024-11-27 23:14:08.541000+00:00,,,,,328.688,-1.438,1.438,,-81.75,-16.562,-10.188,-0.011,0.021,0.017,-0.04,-0.18,9.45,0.27,0.01,-0.34,-0.32,-0.19,9.79,0.135,0.0,0.0,0.0,,-1.0,,,
2024-11-27 23:14:09.562000+00:00,,,,,328.688,-1.438,1.438,,-80.5,-17.688,-10.75,-0.011,0.021,0.017,-0.04,-0.18,9.45,0.27,0.01,-0.34,-0.32,-0.19,9.79,0.135,0.0,0.0,0.0,,-1.0,,,
2024-11-27 23:14:10.554000+00:00,,,,,328.688,-1.438,1.438,,-81.688,-16.875,-11.562,-0.011,0.021,0.017,-0.04,-0.18,9.45,0.27,0.01,-0.34,-0.32,-0.19,9.79,0.135,0.0,0.0,0.0,,-1.0,,,
2024-11-27 23:14:11.562000+00:00,,,,,328.688,-1.438,1.438,,-82.375,-17.75,-11.25,-0.011,0.021,0.017,-0.04,-0.18,9.45,0.27,0.01,-0.34,-0.32,-0.19,9.79,0.135,0.0,0.0,0.0,,-1.0,,,
2024-11-27 23:14:12.572000+00:00,,,,,328.688,-1.438,1.438,,-80.75,-17.0,-10.75,-0.011,0.021,0.017,-0.04,-0.18,9.45,0.27,0.01,-0.34,-0.32,-0.19,9.79,0.135,0.0,0.0,0.0,,-1.0,,,
2024-11-27 23:14:13.585000+00:00,,,,,328.688,-1.438,1.438,,-80.375,-16.375,-10.75,-0.011,0.021,0.017,-0.04,-0.18,9.45,0.27,0.01,-0.34,-0.32,-0.19,9.79,0.135,0.0,0.0,0.0,,-1.0,,,
2024-11-27 23:14:14.596000+00:00,,,,,328.688,-1.438,1.438,,-82.25,-17.0,-10.375,-0.011,0.021,0.017,-0.04,-0.18,9.45,0.27,0.01,-0.34,-0.32,-0.19,9.79,0.135,0.0,0.0,0.0,,-1.0,,,
2024-11-27 23:14:15.607000+00:00,,,,,328.688,-1.438,1.438,,-81.188,-17.875,-10.75,-0.011,0.021,0.017,-0.04,-0.18,9.45,0.27,0.01,-0.34,-0.32,-0.19,9.79,0.135,0.0,0.0,0.0,,-1.0,,,
2024-11-27 23:14:16.612000+00:00,,,,,328.688,-1.438,1.438,,-81.75,-17.062,-10.375,-0.011,0.021,0.017,-0.04,-0.18,9.45,0.27,0.01,-0.34,-0.32,-0.19,9.79,0.135,0.0,0.0,0.0,,-1.0,,,
2024-11-27 23:14:17.624000+00:00,,,,,328.688,-1.438,1.438,,-82.25,-18.25,-10.75,-0.011,0.021,0.017,-0.04,-0.18,9.45,0.27,0.01,-0.34,-0.32,-0.19,9.79,0.135,0.0,0.0,0.0,,-1.0,,,
2024-11-27 23:14:18.650000+00:00,,,,,328.688,-1.438,1.438,,-81.5,-17.875,-10.75,-0.011,0.021,0.017,-0.04,-0.18,9.45,0.27,0.01,-0.34,-0.32,-0.19,9.79,0.135,0.0,0.0,0.0,,-1.0,,,
2024-11-27 23:14:19.644000+00:00,,,,,328.688,-1.438,1.438,,-81.5,-17.5,-11.188,-0.011,0.021,0.017,-0.04,-0.18,9.45,0.27,0.01,-0.34,-0.32,-0.19,9.79,0.135,0.0,0.0,0.0,,-1.0,,,
2024-11-27 23:14:20.654000+00:00,,,,,328.688,-1.438,1.438,,-81.75,-18.0,-11.25,-0.011,0.021,0.017,-0.04,-0.18,9.45,0.27,0.01,-0.34,-0.32,-0.19,9.79,0.135,0.0,0.0,0.0,,-1.0,,,
2024-11-27 23:14:21.665000+00:00,,,,,328.688,-1.438,1.438,,-80.562,-17.562,-10.375,-0.011,0.021,0.017,-0.04,-0.18,9.45,0.27,0.01,-0.34,-0.32,-0.19,9.79,0.135,0.0,0.0,0.0,,-1.0,,,
2024-11-27 23:14:22.670000+00:00,,,,,328.688,-1.438,1.438,,-82.062,-16.875,-9.562,-0.011,0.021,0.017,-0.04,-0.18,9.45,0.27,0.01,-0.34,-0.32,-0.19,9.79,0.135,0.0,0.0,0.0,,-1.0,,,
2024-11-27 23:14:23.682000+00:00,,,,,328.688,-1.438,1.438,,-81.0,-18.0,-10.75,-0.011,0.021,0.017,-0.04,-0.18,9.45,0.27,0.01,-0.34,-0.32,-0.19,9.79,0.135,0.0,0.0,0.0,,-1.0,,,
2024-11-27 23:14:24.693000+00:00,,,,,328.688,-1.438,1.438,,-81.688,-17.562,-10.375,-0.011,0.021,0.017,-0.04,-0.18,9.45,0.27,0.01,-0.34,-0.32,-0.19,9.79,0.135,0.0,0.0,0.0,,-1.0,,,
2024-11-27 23:14:25.704000+00:00,,,,,328.688,-1.438,1.438,,-81.0,-18.062,-10.375,-0.011,0.021,0.017,-0.04,-0.18,9.45,0.27,0.01,-0.34,-0.32,-0.19,9.79,0.135,0.0,0.0,0.0,,-1.0,,,
2024-11-27 23:14:26.705000+00:00,,,,,328.688,-1.438,1.438,,-82.0,-18.062,-11.562,-0.011,0.021,0.017,-0.04,-0.18,9.45,0.27,0.01,-0.34,-0.32,-0.19,9.79,0.135,0.0,0.0,0.0,,-1.0,,,
2024-11-27 23:14:27.714000+00:00,,,,,328.688,-1.438,1.438,,-81.25,-17.25,-11.875,-0.011,0.021,0.017,-0.04,-0.18,9.45,0.27,0.01,-0.34,-0.32,-0.19,9.79,0.135,0.0,0.0,0.0,,-1.0,,,
2024-11-27 23:14:28.726000+00:00,,,,,328.688,-1.438,1.438,,-79.75,-17.375,-11.562,-0.011,0.021,0.017,-0.04,-0.18,9.45,0.27,0.01,-0.34,-0.32,-0.19,9.79,0.135,0.0,0.0,0.0,,-1.0,,,
2024-11-27 23:14:29.737000+00:00,,,,,328.688,-1.438,1.438,,-79.75,-17.75,-10.688,-0.011,0.021,0.017,-0.04,-0.18,9.45,0.27,0.01,-0.34,-0.32,-0.19,9.79,0.135,0.0,0.0,0.0,,-1.0,,,
2024-11-27 23:14:30.740000+00:00,,,,,328.688,-1.438,1.438,,-79.75,-18.188,-12.25,-0.011,0.021,0.017,-0.04,-0.18,9.45,0.27,0.01,-0.34,-0.32,-0.19,9.79,0.135,0.0,0.0,0.0,,-1.0,,,
2024-11-27 23:13:32.241000+00:00,,,,,328.688,-1.438,1.438,,-79.75,-18.188,-12.25,-0.011,0.021,0.017,-0.04,-0.18,9.45,0.27,0.01,-0.34,-0.32,-0.19,9.79,0.135,0.0,0.0,0.0,,-1.0,,,
2024-11-27 23:13:33.251000+00:00,,,,,328.688,-1.438,1.438,,-79.75,-18.188,-12.25,-0.014,-0.024,-0.056,-0.04,-0.18,9.45,0.27,0.01,-0.34,-0.32,-0.19,9.79,0.135,0.0,0.0,0.0,,-1.0,,,
2024-11-27 23:13:34.262000+00:00,,,,,328.688,-1.438,1.438,,-79.75,-18.188,-12.25,0.002,0.026,0.023,-0.04,-0.18,9.45,0.27,0.01,-0.34,-0.32,-0.19,9.79,0.135,0.0,0.0,0.0,,-1.0,,,
2024-11-27 23:13:35.281000+00:00,,,,,328.688,-1.438,1.438,,-79.75,-18.188,-12.25,-0.014,-0.001,-0.026,-0.04,-0.18,9.45,0.27,0.01,-0.34,-0.32,-0.19,9.79,0.135,0.0,0.0,0.0,,-1.0,,,
2024-11-27 23:13:36.281000+00:00,,,,,328.688,-1.438,1.438,,-79.75,-18.188,-12.25,-0.016,-0.028,-0.014,-0.04,-0.18,9.45,0.27,0.01,-0.34,-0.32,-0.19,9.79,0.135,0.0,0.0,0.0,,-1.0,,,
2024-11-27 23:13:37.290000+00:00,,,,,328.688,-1.438,1.438,,-79.75,-18.188,-12.25,-0.002,-0.021,0.002,-0.04,-0.18,9.45,0.27,0.01,-0.34,-0.32,-0.19,9.79,0.135,0.0,0.0,0.0,,-1.0,,,
2024-11-27 23:13:38.300000+00:00,,,,,328.688,-1.438,1.438,,-79.75,-18.188,-12.25,0.012,-0.024,0.009,-0.04,-0.18,9.45,0.27,0.01,-0.34,-0.32,-0.19,9.79,0.135,0.0,0.0,0.0,,-1.0,,,
2024-11-27 23:13:39.321000+00:00,,,,,328.688,-1.438,1.438,,-79.75,-18.188,-12.25,0.004,0.026,0.011,-0.04,-0.18,9.45,0.27,0.01,-0.34,-0.32,-0.19,9.79,0.135,0.0,0.0,0.0,,-1.0,,,
2024-11-27 23:13:40.321000+00:00,,,,,328.688,-1.438,1.438,,-79.75,-18.188,-12.25,-0.008,-0.022,0.016,-0.04,-0.18,9.45,0.27,0.01,-0.34,-0.32,-0.19,9.79,0.135,0.0,0.0,0.0,,-1.0,,,
2024-11-27 23:13:41.340000+00:00,,,,,328.688,-1.438,1.438,,-79.75,-18.188,-12.25,0.004,0.019,-0.01,-0.04,-0.18,9.45,0.27,0.01,-0.34,-0.32,-0.19,9.79,0.135,0.0,0.0,0.0,,-1.0,,,
2024-11-27 23:13:42.340000+00:00,,,,,328.688,-1.438,1.438,,-79.75,-18.188,-12.25,0.008,-0.002,0.048,-0.04,-0.18,9.45,0.27,0.01,-0.34,-0.32,-0.19,9.79,0.135,0.0,0.0,0.0,,-1.0,,,
2024-11-27 23:13:43.351000+00:00,,,,,328.688,-1.438,1.438,,-79.75,-18.188,-12.25,-0.012,-0.006,-0.03,-0.04,-0.18,9.45,0.27,0.01,-0.34,-0.32,-0.19,9.79,0.135,0.0,0.0,0.0,,-1.0,,,
2024-11-27 23:13:44.400000+00:00,,,,,328.688,-1.438,1.438,,-79.75,-18.188,-12.25,0.0,-0.003,0.057,-0.04,-0.18,9.45,0.27,0.01,-0.34,-0.32,-0.19,9.79,0.135,0.0,0.0,0.0,,-1.0,,,
2024-11-27 23:13:45.371000+00:00,,,,,328.688,-1.438,1.438,,-79.75,-18.188,-12.25,0.0,0.038,-0.016,-0.04,-0.18,9.45,0.27,0.01,-0.34,-0.32,-0.19,9.79,0.135,0.0,0.0,0.0,,-1.0,,,
2024-11-27 23:13:46.381000+00:00,,,,,328.688,-1.438,1.438,,-79.75,-18.188,-12.25,0.009,0.019,0.011,-0.04,-0.18,9.45,0.27,0.01,-0.34,-0.32,-0.19,9.79,0.135,0.0,0.0,0.0,,-1.0,,,
2024-11-27 23:13:47.390000+00:00,,,,,328.688,-1.438,1.438,,-79.75,-18.188,-12.25,0.001,-0.016,0.002,-0.04,-0.18,9.45,0.27,0.01,-0.34,-0.32,-0.19,9.79,0.135,0.0,0.0,0.0,,-1.0,,,
2024-11-27 23:13:48.400000+00:00,,,,,328.688,-1.438,1.438,,-79.75,-18.188,-12.25,0.009,0.013,0.007,-0.04,-0.18,9.45,0.27,0.01,-0.34,-0.32,-0.19,9.79,0.135,0.0,0.0,0.0,,-1.0,,,
2024-11-27 23:13:49.411000+00:00,,,,,328.688,-1.438,1.438,,-79.75,-18.188,-12.25,-0.019,-0.001,-0.021,-0.04,-0.18,9.45,0.27,0.01,-0.34,-0.32,-0.19,9.79,0.135,0.0,0.0,0.0,,-1.0,,,
2024-11-27 23:13:50.421000+00:00,,,,,328.688,-1.438,1.438,,-79.75,-18.188,-12.25,0.01,0.022,0.032,-0.04,-0.18,9.45,0.27,0.01,-0.34,-0.32,-0.19,9.79,0.135,0.0,0.0,0.0,,-1.0,,,
2024-11-27 23:13:51.420000+00:00,,,,,328.688,-1.438,1.438,,-79.75,-18.188,-12.25,-0.009,-0.029,-0.01,-0.04,-0.18,9.45,0.27,0.01,-0.34,-0.32,-0.19,9.79,0.135,0.0,0.0,0.0,,-1.0,,,
2024-11-27 23:13:52.436000+00:00,,,,,328.688,-1.438,1.438,,-79.75,-18.188,-12.25,0.011,0.0,0.017,-0.04,-0.18,9.45,0.27,0.01,-0.34,-0.32,-0.19,9.79,0.135,0.0,0.0,0.0,,-1.0,,,
2024-11-27 23:13:53.441000+00:00,,,,,328.688,-1.438,1.438,,-79.75,-18.188,-12.25,0.004,0.028,0.006,-0.04,-0.18,9.45,0.27,0.01,-0.34,-0.32,-0.19,9.79,0.135,0.0,0.0,0.0,,-1.0,,,
2024-11-27 23:13:54.451000+00:00,,,,,328.688,-1.438,1.438,,-79.75,-18.188,-12.25,0.006,0.012,-0.006,-0.04,-0.18,9.45,0.27,0.01,-0.34,-0.32,-0.19,9.79,0.135,0.0,0.0,0.0,,-1.0,,,
2024-11-27 23:13:55.461000+00:00,,,,,328.688,-1.438,1.438,,-79.75,-18.188,-12.25,0.003,0.0,-0.019,-0.04,-0.18,9.45,0.27,0.01,-0.34,-0.32,-0.19,9.79,0.135,0.0,0.0,0.0,,-1.0,,,
2024-11-27 23:13:56.470000+00:00,,,,,328.688,-1.438,1.438,,-79.75,-18.188,-12.25,-0.018,-0.036,-0.024,-0.04,-0.18,9.45,0.27,0.01,-0.34,-0.32,-0.19,9.79,0.135,0.0,0.0,0.0,,-1.0,,,
2024-11-27 23:13:57.481000+00:00,,,,,328.688,-1.438,1.438,,-79.75,-18.188,-12.25,-0.002,0.033,0.02,-0.04,-0.18,9.45,0.27,0.01,-0.34,-0.32,-0.19,9.79,0.135,0.0,0.0,0.0,,-1.0,,,
2024-11-27 23:13:58.490000+00:00,,,,,328.688,-1.438,1.438,,-79.75,-18.188,-12.25,-0.004,-0.033,0.018,-0.04,-0.18,9.45,0.27,0.01,-0.34,-0.32,-0.19,9.79,0.135,0.0,0.0,0.0,,-1.0,,,
2024-11-27 23:13:59.500000+00:00,,,,,328.688,-1.438,1.438,,-79.75,-18.188,-12.25,0.004,-0.016,0.004,-0.04,-0.18,9.45,0.27,0.01,-0.34,-0.32,-0.19,9.79,0.135,0.0,0.0,0.0,,-1.0,,,
2024-11-27 23:14:00.513000+00:00,,,,,328.688,-1.438,1.438,,-79.75,-18.188,-12.25,0.001,-0.051,-0.002,-0.04,-0.18,9.45,0.27,0.01,-0.34,-0.32,-0.19,9.79,0.135,0.0,0.0,0.0,,-1.0,,,
2024-11-27 23:14:01.520000+00:00,,,,,328.688,-1.438,1.438,,-79.75,-18.188,-12.25,-0.017,0.003,-0.004,-0.04,-0.18,9.45,0.27,0.01,-0.34,-0.32,-0.19,9.79,0.135,0.0,0.0,0.0,,-1.0,,,
2024-11-27 23:14:02.549000+00:00,,,,,328.688,-1.438,1.438,,-79.75,-18.188,-12.25,-0.01,-0.029,-0.024,-0.04,-0.18,9.45,0.27,0.01,-0.34,-0.32,-0.19,9.79,0.135,0.0,0.0,0.0,,-1.0,,,
2024-11-27 23:14:03.540000+00:00,,,,,328.688,-1.438,1.438,,-79.75,-18.188,-12.25,0.006,-0.012,0.027,-0.04,-0.18,9.45,0.27,0.01,-0.34,-0.32,-0.19,9.79,0.135,0.0,0.0,0.0,,-1.0,,,
2024-11-27 23:14:04.563000+00:00,,,,,328.688,-1.438,1.438,,-79.75,-18.188,-12.25,-0.006,0.007,0.023,-0.04,-0.18,9.45,0.27,0.01,-0.34,-0.32,-0.19,9.79,0.135,0.0,0.0,0.0,,-1.0,,,
2024-11-27 23:14:05.570000+00:00,,,,,328.688,-1.438,1.438,,-79.75,-18.188,-12.25,-0.024,-0.038,-0.084,-0.04,-0.18,9.45,0.27,0.01,-0.34,-0.32,-0.19,9.79,0.135,0.0,0.0,0.0,,-1.0,,,
2024-11-27 23:14:06.560000+00:00,,,,,328.688,-1.438,1.438,,-79.75,-18.188,-12.25,-0.013,-0.019,-0.039,-0.04,-0.18,9.45,0.27,0.01,-0.34,-0.32,-0.19,9.79,0.135,0.0,0.0,0.0,,-1.0,,,
2024-11-27 23:14:07.581000+00:00,,,,,328.688,-1.438,1.438,,-79.75,-18.188,-12.25,0.027,-0.018,0.007,-0.04,-0.18,9.45,0.27,0.01,-0.34,-0.32,-0.19,9.79,0.135,0.0,0.0,0.0,,-1.0,,,
2024-11-27 23:14:08.590000+00:00,,,,,328.688,-1.438,1.438,,-79.75,-18.188,-12.25,0.01,-0.029,0.046,-0.04,-0.18,9.45,0.27,0.01,-0.34,-0.32,-0.19,9.79,0.135,0.0,0.0,0.0,,-1.0,,,
2024-11-27 23:14:09.610000+00:00,,,,,328.688,-1.438,1.438,,-79.75,-18.188,-12.25,-0.001,0.011,-0.019,-0.04,-0.18,9.45,0.27,0.01,-0.34,-0.32,-0.19,9.79,0.135,0.0,0.0,0.0,,-1.0,,,
2024-11-27 23:14:10.599000+00:00,,,,,328.688,-1.438,1.438,,-79.75,-18.188,-12.25,-0.018,-0.048,-0.02,-0.04,-0.18,9.45,0.27,0.01,-0.34,-0.32,-0.19,9.79,0.135,0.0,0.0,0.0,,-1.0,,,
2024-11-27 23:14:11.611000+00:00,,,,,328.688,-1.438,1.438,,-79.75,-18.188,-12.25,-0.006,0.001,-0.022,-0.04,-0.18,9.45,0.27,0.01,-0.34,-0.32,-0.19,9.79,0.135,0.0,0.0,0.0,,-1.0,,,
2024-11-27 23:14:12.619000+00:00,,,,,328.688,-1.438,1.438,,-79.75,-18.188,-12.25,0.011,0.012,0.043,-0.04,-0.18,9.45,0.27,0.01,-0.34,-0.32,-0.19,9.79,0.135,0.0,0.0,0.0,,-1.0,,,
2024-11-27 23:14:13.630000+00:00,,,,,328.688,-1.438,1.438,,-79.75,-18.188,-12.25,-0.006,0.0,0.03,-0.04,-0.18,9.45,0.27,0.01,-0.34,-0.32,-0.19,9.79,0.135,0.0,0.0,0.0,,-1.0,,,
2024-11-27 23:14:14.639000+00:00,,,,,328.688,-1.438,1.438,,-79.75,-18.188,-12.25,-0.008,-0.021,0.008,-0.04,-0.18,9.45,0.27,0.01,-0.34,-0.32,-0.19,9.79,0.135,0.0,0.0,0.0,,-1.0,,,
2024-11-27 23:14:15.662000+00:00,,,,,328.688,-1.438,1.438,,-79.75,-18.188,-12.25,-0.002,0.009,0.038,-0.04,-0.18,9.45,0.27,0.01,-0.34,-0.32,-0.19,9.79,0.135,0.0,0.0,0.0,,-1.0,,,
2024-11-27 23:14:16.661000+00:00,,,,,328.688,-1.438,1.438,,-79.75,-18.188,-12.25,-0.018,0.008,-0.036,-0.04,-0.18,9.45,0.27,0.01,-0.34,-0.32,-0.19,9.79,0.135,0.0,0.0,0.0,,-1.0,,,
2024-11-27 23:14:17.669000+00:00,,,,,328.688,-1.438,1.438,,-79.75,-18.188,-12.25,-0.001,0.004,0.048,-0.04,-0.18,9.45,0.27,0.01,-0.34,-0.32,-0.19,9.79,0.135,0.0,0.0,0.0,,-1.0,,,
2024-11-27 23:14:18.700000+00:00,,,,,328.688,-1.438,1.438,,-79.75,-18.188,-12.25,0.003,-0.05,-0.01,-0.04,-0.18,9.45,0.27,0.01,-0.34,-0.32,-0.19,9.79,0.135,0.0,0.0,0.0,,-1.0,,,
2024-11-27 23:14:19.703000+00:00,,,,,328.688,-1.438,1.438,,-79.75,-18.188,-12.25,-0.004,0.016,0.038,-0.04,-0.18,9.45,0.27,0.01,-0.34,-0.32,-0.19,9.79,0.135,0.0,0.0,0.0,,-1.0,,,
2024-11-27 23:14:20.699000+00:00,,,,,328.688,-1.438,1.438,,-79.75,-18.188,-12.25,-0.01,-0.024,-0.017,-0.04,-0.18,9.45,0.27,0.01,-0.34,-0.32,-0.19,9.79,0.135,0.0,0.0,0.0,,-1.0,,,
2024-11-27 23:14:21.710000+00:00,,,,,328.688,-1.438,1.438,,-79.75,-18.188,-12.25,-0.018,-0.014,-0.024,-0.04,-0.18,9.45,0.27,0.01,-0.34,-0.32,-0.19,9.79,0.135,0.0,0.0,0.0,,-1.0,,,
2024-11-27 23:14:22.719000+00:00,,,,,328.688,-1.438,1.438,,-79.75,-18.188,-12.25,-0.032,-0.036,-0.087,-0.04,-0.18,9.45,0.27,0.01,-0.34,-0.32,-0.19,9.79,0.135,0.0,0.0,0.0,,-1.0,,,
2024-11-27 23:14:23.730000+00:00,,,,,328.688,-1.438,1.438,,-79.75,-18.188,-12.25,-0.007,-0.02,0.016,-0.04,-0.18,9.45,0.27,0.01,-0.34,-0.32,-0.19,9.79,0.135,0.0,0.0,0.0,,-1.0,,,
2024-11-27 23:14:24.738000+00:00,,,,,328.688,-1.438,1.438,,-79.75,-18.188,-12.25,-0.002,-0.013,-0.029,-0.04,-0.18,9.45,0.27,0.01,-0.34,-0.32,-0.19,9.79,0.135,0.0,0.0,0.0,,-1.0,,,
2024-11-27 23:14:25.750000+00:00,,,,,328.688,-1.438,1.438,,-79.75,-18.188,-12.25,-0.019,0.012,-0.02,-0.04,-0.18,9.45,0.27,0.01,-0.34,-0.32,-0.19,9.79,0.135,0.0,0.0,0.0,,-1.0,,,
2024-11-27 23:14:26.749000+00:00,,,,,328.688,-1.438,1.438,,-79.75,-18.188,-12.25,0.001,-0.02,0.027,-0.04,-0.18,9.45,0.27,0.01,-0.34,-0.32,-0.19,9.79,0.135,0.0,0.0,0.0,,-1.0,,,
2024-11-27 23:14:27.759000+00:00,,,,,328.688,-1.438,1.438,,-79.75,-18.188,-12.25,-0.004,-0.016,-0.012,-0.04,-0.18,9.45,0.27,0.01,-0.34,-0.32,-0.19,9.79,0.135,0.0,0.0,0.0,,-1.0,,,
2024-11-27 23:14:28.781000+00:00,,,,,328.688,-1.438,1.438,,-79.75,-18.188,-12.25,0.018,-0.019,0.06,-0.04,-0.18,9.45,0.27,0.01,-0.34,-0.32,-0.19,9.79,0.135,0.0,0.0,0.0,,-1.0,,,
2024-11-27 23:14:29.789000+00:00,,,,,328.688,-1.438,1.438,,-79.75,-18.188,-12.25,-0.002,0.029,0.012,-0.04,-0.18,9.45,0.27,0.01,-0.34,-0.32,-0.19,9.79,0.135,0.0,0.0,0.0,,-1.0,,,
2024-11-27 23:14:30.788000+00:00,,,,,328.688,-1.438,1.438,,-79.75,-18.188,-12.25,-0.001,0.006,0.013,-0.04,-0.18,9.45,0.27,0.01,-0.34,-0.32,-0.19,9.79,0.135,0.0,0.0,0.0,,-1.0,,,
2024-11-27 23:13:32.290000+00:00,,,,,328.688,-1.438,1.438,,-79.75,-18.188,-12.25,-0.001,0.006,0.013,-0.04,-0.18,9.45,0.27,0.01,-0.34,-0.32,-0.19,9.79,0.135,0.0,0.0,0.0,,-1.0,,,
2024-11-27 23:13:33.300000+00:00,,,,,328.688,-1.438,1.438,,-79.75,-18.188,-12.25,-0.001,0.006,0.013,-0.55,-0.71,9.37,0.27,0.01,-0.34,-0.32,-0.19,9.79,0.135,0.0,0.0,0.0,,-1.0,,,
2024-11-27 23:13:34.311000+00:00,,,,,328.688,-1.438,1.438,,-79.75,-18.188,-12.25,-0.001,0.006,0.013,-0.12,-0.05,9.4,0.27,0.01,-0.34,-0.32,-0.19,9.79,0.135,0.0,0.0,0.0,,-1.0,,,
2024-11-27 23:13:35.330000+00:00,,,,,328.688,-1.438,1.438,,-79.75,-18.188,-12.25,-0.001,0.006,0.013,-0.95,0.33,9.39,0.27,0.01,-0.34,-0.32,-0.19,9.79,0.135,0.0,0.0,0.0,,-1.0,,,
2024-11-27 23:13:36.330000+00:00,,,,,328.688,-1.438,1.438,,-79.75,-18.188,-12.25,-0.001,0.006,0.013,0.01,-0.22,9.47,0.27,0.01,-0.34,-0.32,-0.19,9.79,0.135,0.0,0.0,0.0,,-1.0,,,
2024-11-27 23:13:37.350000+00:00,,,,,328.688,-1.438,1.438,,-79.75,-18.188,-12.25,-0.001,0.006,0.013,-0.4,-0.38,9.4,0.27,0.01,-0.34,-0.32,-0.19,9.79,0.135,0.0,0.0,0.0,,-1.0,,,
2024-11-27 23:13:38.351000+00:00,,,,,328.688,-1.438,1.438,,-79.75,-18.188,-12.25,-0.001,0.006,0.013,0.05,-0.15,9.45,0.27,0.01,-0.34,-0.32,-0.19,9.79,0.135,0.0,0.0,0.0,,-1.0,,,
2024-11-27 23:13:39.370000+00:00,,,,,328.688,-1.438,1.438,,-79.75,-18.188,-12.25,-0.001,0.006,0.013,-0.41,0.09,9.39,0.27,0.01,-0.34,-0.32,-0.19,9.79,0.135,0.0,0.0,0.0,,-1.0,,,
2024-11-27 23:13:40.371000+00:00,,,,,328.688,-1.438,1.438,,-79.75,-18.188,-12.25,-0.001,0.006,0.013,-0.38,0.15,9.41,0.27,0.01,-0.34,-0.32,-0.19,9.79,0.135,0.0,0.0,0.0,,-1.0,,,
2024-11-27 23:13:41.393000+00:00,,,,,328.688,-1.438,1.438,,-79.75,-18.188,-12.25,-0.001,0.006,0.013,-1.21,-0.45,9.4,0.27,0.01,-0.34,-0.32,-0.19,9.79,0.135,0.0,0.0,0.0,,-1.0,,,
2024-11-27 23:13:42.390000+00:00,,,,,328.688,-1.438,1.438,,-79.75,-18.188,-12.25,-0.001,0.006,0.013,-0.42,0.35,9.37,0.27,0.01,-0.34,-0.32,-0.19,9.79,0.135,0.0,0.0,0.0,,-1.0,,,
2024-11-27 23:13:43.400000+00:00,,,,,328.688,-1.438,1.438,,-79.75,-18.188,-12.25,-0.001,0.006,0.013,-0.3,-0.34,9.35,0.27,0.01,-0.34,-0.32,-0.19,9.79,0.135,0.0,0.0,0.0,,-1.0,,,
2024-11-27 23:13:44.450000+00:00,,,,,328.688,-1.438,1.438,,-79.75,-18.188,-12.25,-0.001,0.006,0.013,-0.45,0.44,9.5,0.27,0.01,-0.34,-0.32,-0.19,9.79,0.135,0.0,0.0,0.0,,-1.0,,,
2024-11-27 23:13:45.421000+00:00,,,,,328.688,-1.438,1.438,,-79.75,-18.188,-12.25,-0.001,0.006,0.013,-0.61,-0.09,9.35,0.27,0.01,-0.34,-0.32,-0.19,9.79,0.135,0.0,0.0,0.0,,-1.0,,,
2024-11-27 23:13:46.430000+00:00,,,,,328.688,-1.438,1.438,,-79.75,-18.188,-12.25,-0.001,0.006,0.013,-0.26,-0.41,9.5,0.27,0.01,-0.34,-0.32,-0.19,9.79,0.135,0.0,0.0,0.0,,-1.0,,,
2024-11-27 23:13:47.440000+00:00,,,,,328.688,-1.438,1.438,,-79.75,-18.188,-12.25,-0.001,0.006,0.013,-0.62,-0.02,9.51,0.27,0.01,-0.34,-0.32,-0.19,9.79,0.135,0.0,0.0,0.0,,-1.0,,,
2024-11-27 23:13:48.450000+00:00,,,,,328.688,-1.438,1.438,,-79.75,-18.188,-12.25,-0.001,0.006,0.013,0.13,-0.05,9.43,0.27,0.01,-0.34,-0.32,-0.19,9.79,0.135,0.0,0.0,0.0,,-1.0,,,
2024-11-27 23:13:49.460000+00:00,,,,,328.688,-1.438,1.438,,-79.75,-18.188,-12.25,-0.001,0.006,0.013,-0.59,-0.31,9.48,0.27,0.01,-0.34,-0.32,-0.19,9.79,0.135,0.0,0.0,0.0,,-1.0,,,
2024-11-27 23:13:50.470000+00:00,,,,,328.688,-1.438,1.438,,-79.75,-18.188,-12.25,-0.001,0.006,0.013,0.26,-0.15,9.48,0.27,0.01,-0.34,-0.32,-0.19,9.79,0.135,0.0,0.0,0.0,,-1.0,,,
2024-11-27 23:13:51.471000+00:00,,,,,328.688,-1.438,1.438,,-79.75,-18.188,-12.25,-0.001,0.006,0.013,-0.73,0.0,9.59,0.27,0.01,-0.34,-0.32,-0.19,9.79,0.135,0.0,0.0,0.0,,-1.0,,,
2024-11-27 23:13:52.484000+00:00,,,,,328.688,-1.438,1.438,,-79.75,-18.188,-12.25,-0.001,0.006,0.013,-0.67,-0.15,9.35,0.27,0.01,-0.34,-0.32,-0.19,9.79,0.135,0.0,0.0,0.0,,-1.0,,,
2024-11-27 23:13:53.490000+00:00,,,,,328.688,-1.438,1.438,,-79.75,-18.188,-12.25,-0.001,0.006,0.013,-0.37,-0.07,9.34,0.27,0.01,-0.34,-0.32,-0.19,9.79,0.135,0.0,0.0,0.0,,-1.0,,,
2024-11-27 23:13:54.500000+00:00,,,,,328.688,-1.438,1.438,,-79.75,-18.188,-12.25,-0.001,0.006,0.013,-1.07,-0.15,9.45,0.27,0.01,-0.34,-0.32,-0.19,9.79,0.135,0.0,0.0,0.0,,-1.0,,,
2024-11-27 23:13:55.510000+00:00,,,,,328.688,-1.438,1.438,,-79.75,-18.188,-12.25,-0.001,0.006,0.013,-0.3,-0.08,9.42,0.27,0.01,-0.34,-0.32,-0.19,9.79,0.135,0.0,0.0,0.0,,-1.0,,,
2024-11-27 23:13:56.520000+00:00,,,,,328.688,-1.438,1.438,,-79.75,-18.188,-12.25,-0.001,0.006,0.013,-0.95,0.24,9.43,0.27,0.01,-0.34,-0.32,-0.19,9.79,0.135,0.0,0.0,0.0,,-1.0,,,
2024-11-27 23:13:57.530000+00:00,,,,,328.688,-1.438,1.438,,-79.75,-18.188,-12.25,-0.001,0.006,0.013,-0.47,-0.1,9.43,0.27,0.01,-0.34,-0.32,-0.19,9.79,0.135,0.0,0.0,0.0,,-1.0,,,
2024-11-27 23:13:58.539000+00:00,,,,,328.688,-1.438,1.438,,-79.75,-18.188,-12.25,-0.001,0.006,0.013,-0.21,-0.03,9.47,0.27,0.01,-0.34,-0.32,-0.19,9.79,0.135,0.0,0.0,0.0,,-1.0,,,
2024-11-27 23:13:59.549000+00:00,,,,,328.688,-1.438,1.438,,-79.75,-18.188,-12.25,-0.001,0.006,0.013,-0.3,-0.15,9.43,0.27,0.01,-0.34,-0.32,-0.19,9.79,0.135,0.0,0.0,0.0,,-1.0,,,
2024-11-27 23:14:00.560000+00:00,,,,,328.688,-1.438,1.438,,-79.75,-18.188,-12.25,-0.001,0.006,0.013,-0.17,-0.05,9.43,0.27,0.01,-0.34,-0.32,-0.19,9.79,0.135,0.0,0.0,0.0,,-1.0,,,
2024-11-27 23:14:01.570000+00:00,,,,,328.688,-1.438,1.438,,-79.75,-18.188,-12.25,-0.001,0.006,0.013,0.02,-0.54,9.47,0.27,0.01,-0.34,-0.32,-0.19,9.79,0.135,0.0,0.0,0.0,,-1.0,,,
2024-11-27 23:14:02.605000+00:00,,,,,328.688,-1.438,1.438,,-79.75,-18.188,-12.25,-0.001,0.006,0.013,-0.61,-0.16,9.4,0.27,0.01,-0.34,-0.32,-0.19,9.79,0.135,0.0,0.0,0.0,,-1.0,,,
2024-11-27 23:14:03.590000+00:00,,,,,328.688,-1.438,1.438,,-79.75,-18.188,-12.25,-0.001,0.006,0.013,-0.15,0.09,9.44,0.27,0.01,-0.34,-0.32,-0.19,9.79,0.135,0.0,0.0,0.0,,-1.0,,,
2024-11-27 23:14:04.611000+00:00,,,,,328.688,-1.438,1.438,,-79.75,-18.188,-12.25,-0.001,0.006,0.013,0.27,-0.22,9.45,0.27,0.01,-0.34,-0.32,-0.19,9.79,0.135,0.0,0.0,0.0,,-1.0,,,
2024-11-27 23:14:05.619000+00:00,,,,,328.688,-1.438,1.438,,-79.75,-18.188,-12.25,-0.001,0.006,0.013,-0.48,-0.45,9.43,0.27,0.01,-0.34,-0.32,-0.19,9.79,0.135,0.0,0.0,0.0,,-1.0,,,
2024-11-27 23:14:06.610000+00:00,,,,,328.688,-1.438,1.438,,-79.75,-18.188,-12.25,-0.001,0.006,0.013,-0.4,-0.39,9.43,0.27,0.01,-0.34,-0.32,-0.19,9.79,0.135,0.0,0.0,0.0,,-1.0,,,
2024-11-27 23:14:07.631000+00:00,,,,,328.688,-1.438,1.438,,-79.75,-18.188,-12.25,-0.001,0.006,0.013,-0.88,-0.36,9.4,0.27,0.01,-0.34,-0.32,-0.19,9.79,0.135,0.0,0.0,0.0,,-1.0,,,
2024-11-27 23:14:08.639000+00:00,,,,,328.688,-1.438,1.438,,-79.75,-18.188,-12.25,-0.001,0.006,0.013,-0.17,0.34,9.41,0.27,0.01,-0.34,-0.32,-0.19,9.79,0.135,0.0,0.0,0.0,,-1.0,,,
2024-11-27 23:14:09.660000+00:00,,,,,328.688,-1.438,1.438,,-79.75,-18.188,-12.25,-0.001,0.006,0.013,-0.4,-0.11,9.45,0.27,0.01,-0.34,-0.32,-0.19,9.79,0.135,0.0,0.0,0.0,,-1.0,,,
2024-11-27 23:14:10.649000+00:00,,,,,328.688,-1.438,1.438,,-79.75,-18.188,-12.25,-0.001,0.006,0.013,-0.41,-0.44,9.45,0.27,0.01,-0.34,-0.32,-0.19,9.79,0.135,0.0,0.0,0.0,,-1.0,,,
2024-11-27 23:14:11.659000+00:00,,,,,328.688,-1.438,1.438,,-79.75,-18.188,-12.25,-0.001,0.006,0.013,-0.26,-0.18,9.36,0.27,0.01,-0.34,-0.32,-0.19,9.79,0.135,0.0,0.0,0.0,,-1.0,,,
2024-11-27 23:14:12.669000+00:00,,,,,328.688,-1.438,1.438,,-79.75,-18.188,-12.25,-0.001,0.006,0.013,-0.8,0.28,9.44,0.27,0.01,-0.34,-0.32,-0.19,9.79,0.135,0.0,0.0,0.0,,-1.0,,,
2024-11-27 23:14:13.679000+00:00,,,,,328.688,-1.438,1.438,,-79.75,-18.188,-12.25,-0.001,0.006,0.013,-0.45,0.03,9.39,0.27,0.01,-0.34,-0.32,-0.19,9.79,0.135,0.0,0.0,0.0,,-1.0,,,
2024-11-27 23:14:14.689000+00:00,,,,,328.688,-1.438,1.438,,-79.75,-18.188,-12.25,-0.001,0.006,0.013,-0.55,-0.12,9.4,0.27,0.01,-0.34,-0.32,-0.19,9.79,0.135,0.0,0.0,0.0,,-1.0,,,
2024-11-27 23:14:15.710000+00:00,,,,,328.688,-1.438,1.438,,-79.75,-18.188,-12.25,-0.001,0.006,0.013,-0.49,0.06,9.38,0.27,0.01,-0.34,-0.32,-0.19,9.79,0.135,0.0,0.0,0.0,,-1.0,,,
2024-11-27 23:14:16.710000+00:00,,,,,328.688,-1.438,1.438,,-79.75,-18.188,-12.25,-0.001,0.006,0.013,-0.65,-0.19,9.38,0.27,0.01,-0.34,-0.32,-0.19,9.79,0.135,0.0,0.0,0.0,,-1.0,,,
2024-11-27 23:14:17.719000+00:00,,,,,328.688,-1.438,1.438,,-79.75,-18.188,-12.25,-0.001,0.006,0.013,-0.39,0.21,9.43,0.27,0.01,-0.34,-0.32,-0.19,9.79,0.135,0.0,0.0,0.0,,-1.0,,,
2024-11-27 23:14:18.749000+00:00,,,,,328.688,-1.438,1.438,,-79.75,-18.188,-12.25,-0.001,0.006,0.013,-0.32,-0.28,9.42,0.27,0.01,-0.34,-0.32,-0.19,9.79,0.135,0.0,0.0,0.0,,-1.0,,,
2024-11-27 23:14:19.749000+00:00,,,,,328.688,-1.438,1.438,,-79.75,-18.188,-12.25,-0.001,0.006,0.013,-0.12,0.05,9.39,0.27,0.01,-0.34,-0.32,-0.19,9.79,0.135,0.0,0.0,0.0,,-1.0,,,
2024-11-27 23:14:20.748000+00:00,,,,,328.688,-1.438,1.438,,-79.75,-18.188,-12.25,-0.001,0.006,0.013,0.18,-0.6,9.41,0.27,0.01,-0.34,-0.32,-0.19,9.79,0.135,0.0,0.0,0.0,,-1.0,,,
2024-11-27 23:14:21.759000+00:00,,,,,328.688,-1.438,1.438,,-79.75,-18.188,-12.25,-0.001,0.006,0.013,-0.37,-0.33,9.48,0.27,0.01,-0.34,-0.32,-0.19,9.79,0.135,0.0,0.0,0.0,,-1.0,,,
2024-11-27 23:14:22.769000+00:00,,,,,328.688,-1.438,1.438,,-79.75,-18.188,-12.25,-0.001,0.006,0.013,-0.49,-0.62,9.41,0.27,0.01,-0.34,-0.32,-0.19,9.79,0.135,0.0,0.0,0.0,,-1.0,,,
2024-11-27 23:14:23.781000+00:00,,,,,328.688,-1.438,1.438,,-79.75,-18.188,-12.25,-0.001,0.006,0.013,-0.58,-0.01,9.44,0.27,0.01,-0.34,-0.32,-0.19,9.79,0.135,0.0,0.0,0.0,,-1.0,,,
2024-11-27 23:14:24.789000+00:00,,,,,328.688,-1.438,1.438,,-79.75,-18.188,-12.25,-0.001,0.006,0.013,-0.69,-0.35,9.43,0.27,0.01,-0.34,-0.32,-0.19,9.79,0.135,0.0,0.0,0.0,,-1.0,,,
2024-11-27 23:14:25.799000+00:00,,,,,328.688,-1.438,1.438,,-79.75,-18.188,-12.25,-0.001,0.006,0.013,-0.59,-0.2,9.44,0.27,0.01,-0.34,-0.32,-0.19,9.79,0.135,0.0,0.0,0.0,,-1.0,,,
2024-11-27 23:14:26.800000+00:00,,,,,328.688,-1.438,1.438,,-79.75,-18.188,-12.25,-0.001,0.006,0.013,-0.52,0.11,9.39,0.27,0.01,-0.34,-0.32,-0.19,9.79,0.135,0.0,0.0,0.0,,-1.0,,,
2024-11-27 23:14:27.809000+00:00,,,,,328.688,-1.438,1.438,,-79.75,-18.188,-12.25,-0.001,0.006,0.013,-0.64,-0.09,9.43,0.27,0.01,-0.34,-0.32,-0.19,9.79,0.135,0.0,0.0,0.0,,-1.0,,,
2024-11-27 23:14:28.829000+00:00,,,,,328.688,-1.438,1.438,,-79.75,-18.188,-12.25,-0.001,0.006,0.013,0.03,0.22,9.42,0.27,0.01,-0.34,-0.32,-0.19,9.79,0.135,0.0,0.0,0.0,,-1.0,,,
2024-11-27 23:14:29.860000+00:00,,,,,328.688,-1.438,1.438,,-79.75,-18.188,-12.25,-0.001,0.006,0.013,-0.71,0.3,9.44,0.27,0.01,-0.34,-0.32,-0.19,9.79,0.135,0.0,0.0,0.0,,-1.0,,,
2024-11-27 23:14:30.839000+00:00,,,,,328.688,-1.438,1.438,,-79.75,-18.188,-12.25,-0.001,0.006,0.013,-0.87,0.16,9.43,0.27,0.01,-0.34,-0.32,-0.19,9.79,0.135,0.0,0.0,0.0,,-1.0,,,
2024-11-27 23:13:32.341000+00:00,,,,,328.688,-1.438,1.438,,-79.75,-18.188,-12.25,-0.001,0.006,0.013,-0.87,0.16,9.43,0.27,0.01,-0.34,-0.32,-0.19,9.79,0.135,0.0,0.0,0.0,,-1.0,,,
2024-11-27 23:13:33.361000+00:00,,,,,328.688,-1.438,1.438,,-79.75,-18.188,-12.25,-0.001,0.006,0.013,-0.87,0.16,9.43,-0.22,-0.5,-0.42,-0.32,-0.19,9.79,0.135,0.0,0.0,0.0,,-1.0,,,
2024-11-27 23:13:34.362000+00:00,,,,,328.688,-1.438,1.438,,-79.75,-18.188,-12.25,-0.001,0.006,0.013,-0.87,0.16,9.43,0.2,0.14,-0.39,-0.32,-0.19,9.79,0.135,0.0,0.0,0.0,,-1.0,,,
2024-11-27 23:13:35.381000+00:00,,,,,328.688,-1.438,1.438,,-79.75,-18.188,-12.25,-0.001,0.006,0.013,-0.87,0.16,9.43,-0.62,0.54,-0.39,-0.32,-0.19,9.79,0.135,0.0,0.0,0.0,,-1.0,,,
2024-11-27 23:13:36.381000+00:00,,,,,328.688,-1.438,1.438,,-79.75,-18.188,-12.25,-0.001,0.006,0.013,-0.87,0.16,9.43,0.32,-0.02,-0.32,-0.32,-0.19,9.79,0.135,0.0,0.0,0.0,,-1.0,,,
2024-11-27 23:13:37.400000+00:00,,,,,328.688,-1.438,1.438,,-79.75,-18.188,-12.25,-0.001,0.006,0.013,-0.87,0.16,9.43,-0.07,-0.17,-0.38,-0.32,-0.19,9.79,0.135,0.0,0.0,0.0,,-1.0,,,
2024-11-27 23:13:38.401000+00:00,,,,,328.688,-1.438,1.438,,-79.75,-18.188,-12.25,-0.001,0.006,0.013,-0.87,0.16,9.43,0.37,0.05,-0.34,-0.32,-0.19,9.79,0.135,0.0,0.0,0.0,,-1.0,,,
2024-11-27 23:13:39.421000+00:00,,,,,328.688,-1.438,1.438,,-79.75,-18.188,-12.25,-0.001,0.006,0.013,-0.87,0.16,9.43,-0.08,0.28,-0.39,-0.32,-0.19,9.79,0.135,0.0,0.0,0.0,,-1.0,,,
2024-11-27 23:13:40.420000+00:00,,,,,328.688,-1.438,1.438,,-79.75,-18.188,-12.25,-0.001,0.006,0.013,-0.87,0.16,9.43,-0.04,0.34,-0.38,-0.32,-0.19,9.79,0.135,0.0,0.0,0.0,,-1.0,,,
2024-11-27 23:13:41.441000+00:00,,,,,328.688,-1.438,1.438,,-79.75,-18.188,-12.25,-0.001,0.006,0.013,-0.87,0.16,9.43,-0.9,-0.23,-0.39,-0.32,-0.19,9.79,0.135,0.0,0.0,0.0,,-1.0,,,
2024-11-27 23:13:42.440000+00:00,,,,,328.688,-1.438,1.438,,-79.75,-18.188,-12.25,-0.001,0.006,0.013,-0.87,0.16,9.43,-0.15,0.58,-0.42,-0.32,-0.19,9.79,0.135,0.0,0.0,0.0,,-1.0,,,
2024-11-27 23:13:43.450000+00:00,,,,,328.688,-1.438,1.438,,-79.75,-18.188,-12.25,-0.001,0.006,0.013,-0.87,0.16,9.43,-0.04,-0.1,-0.44,-0.32,-0.19,9.79,0.135,0.0,0.0,0.0,,-1.0,,,
2024-11-27 23:13:44.501000+00:00,,,,,328.688,-1.438,1.438,,-79.75,-18.188,-12.25,-0.001,0.006,0.013,-0.87,0.16,9.43,-0.21,0.68,-0.29,-0.32,-0.19,9.79,0.135,0.0,0.0,0.0,,-1.0,,,
2024-11-27 23:13:45.470000+00:00,,,,,328.688,-1.438,1.438,,-79.75,-18.188,-12.25,-0.001,0.006,0.013,-0.87,0.16,9.43,-0.35,0.14,-0.44,-0.32,-0.19,9.79,0.135,0.0,0.0,0.0,,-1.0,,,
2024-11-27 23:13:46.480000+00:00,,,,,328.688,-1.438,1.438,,-79.75,-18.188,-12.25,-0.001,0.006,0.013,-0.87,0.16,9.43,-0.01,-0.13,-0.29,-0.32,-0.19,9.79,0.135,0.0,0.0,0.0,,-1.0,,,
2024-11-27 23:13:47.490000+00:00,,,,,328.688,-1.438,1.438,,-79.75,-18.188,-12.25,-0.001,0.006,0.013,-0.87,0.16,9.43,-0.4,0.24,-0.28,-0.32,-0.19,9.79,0.135,0.0,0.0,0.0,,-1.0,,,
2024-11-27 23:13:48.500000+00:00,,,,,328.688,-1.438,1.438,,-79.75,-18.188,-12.25,-0.001,0.006,0.013,-0.87,0.16,9.43,0.32,0.2,-0.36,-0.32,-0.19,9.79,0.135,0.0,0.0,0.0,,-1.0,,,
2024-11-27 23:13:49.509000+00:00,,,,,328.688,-1.438,1.438,,-79.75,-18.188,-12.25,-0.001,0.006,0.013,-0.87,0.16,9.43,-0.4,-0.03,-0.31,-0.32,-0.19,9.79,0.135,0.0,0.0,0.0,,-1.0,,,
2024-11-27 23:13:50.519000+00:00,,,,,328.688,-1.438,1.438,,-79.75,-18.188,-12.25,-0.001,0.006,0.013,-0.87,0.16,9.43,0.51,0.08,-0.31,-0.32,-0.19,9.79,0.135,0.0,0.0,0.0,,-1.0,,,
2024-11-27 23:13:51.520000+00:00,,,,,328.688,-1.438,1.438,,-79.75,-18.188,-12.25,-0.001,0.006,0.013,-0.87,0.16,9.43,-0.45,0.25,-0.2,-0.32,-0.19,9.79,0.135,0.0,0.0,0.0,,-1.0,,,
2024-11-27 23:13:52.530000+00:00,,,,,328.688,-1.438,1.438,,-79.75,-18.188,-12.25,-0.001,0.006,0.013,-0.87,0.16,9.43,-0.39,0.08,-0.44,-0.32,-0.19,9.79,0.135,0.0,0.0,0.0,,-1.0,,,
2024-11-27 23:13:53.541000+00:00,,,,,328.688,-1.438,1.438,,-79.75,-18.188,-12.25,-0.001,0.006,0.013,-0.87,0.16,9.43,-0.1,0.14,-0.45,-0.32,-0.19,9.79,0.135,0.0,0.0,0.0,,-1.0,,,
2024-11-27 23:13:54.550000+00:00,,,,,328.688,-1.438,1.438,,-79.75,-18.188,-12.25,-0.001,0.006,0.013,-0.87,0.16,9.43,-0.79,0.07,-0.34,-0.32,-0.19,9.79,0.135,0.0,0.0,0.0,,-1.0,,,
2024-11-27 23:13:55.562000+00:00,,,,,328.688,-1.438,1.438,,-79.75,-18.188,-12.25,-0.001,0.006,0.013,-0.87,0.16,9.43,-0.06,0.14,-0.37,-0.32,-0.19,9.79,0.135,0.0,0.0,0.0,,-1.0,,,
2024-11-27 23:13:56.571000+00:00,,,,,328.688,-1.438,1.438,,-79.75,-18.188,-12.25,-0.001,0.006,0.013,-0.87,0.16,9.43,-0.7,0.46,-0.36,-0.32,-0.19,9.79,0.135,0.0,0.0,0.0,,-1.0,,,
2024-11-27 23:13:57.581000+00:00,,,,,328.688,-1.438,1.438,,-79.75,-18.188,-12.25,-0.001,0.006,0.013,-0.87,0.16,9.43,-0.24,0.12,-0.36,-0.32,-0.19,9.79,0.135,0.0,0.0,0.0,,-1.0,,,
2024-11-27 23:13:58.591000+00:00,,,,,328.688,-1.438,1.438,,-79.75,-18.188,-12.25,-0.001,0.006,0.013,-0.87,0.16,9.43,0.01,0.2,-0.32,-0.32,-0.19,9.79,0.135,0.0,0.0,0.0,,-1.0,,,
2024-11-27 23:13:59.601000+00:00,,,,,328.688,-1.438,1.438,,-79.75,-18.188,-12.25,-0.001,0.006,0.013,-0.87,0.16,9.43,0.0,0.05,-0.36,-0.32,-0.19,9.79,0.135,0.0,0.0,0.0,,-1.0,,,
2024-11-27 23:14:00.612000+00:00,,,,,328.688,-1.438,1.438,,-79.75,-18.188,-12.25,-0.001,0.006,0.013,-0.87,0.16,9.43,0.39,0.16,-0.36,-0.32,-0.19,9.79,0.135,0.0,0.0,0.0,,-1.0,,,
2024-11-27 23:14:01.620000+00:00,,,,,328.688,-1.438,1.438,,-79.75,-18.188,-12.25,-0.001,0.006,0.013,-0.87,0.16,9.43,0.32,-0.31,-0.32,-0.32,-0.19,9.79,0.135,0.0,0.0,0.0,,-1.0,,,
2024-11-27 23:14:02.650000+00:00,,,,,328.688,-1.438,1.438,,-79.75,-18.188,-12.25,-0.001,0.006,0.013,-0.87,0.16,9.43,-0.32,0.08,-0.39,-0.32,-0.19,9.79,0.135,0.0,0.0,0.0,,-1.0,,,
2024-11-27 23:14:03.639000+00:00,,,,,328.688,-1.438,1.438,,-79.75,-18.188,-12.25,-0.001,0.006,0.013,-0.87,0.16,9.43,0.16,0.32,-0.35,-0.32,-0.19,9.79,0.135,0.0,0.0,0.0,,-1.0,,,
2024-11-27 23:14:04.660000+00:00,,,,,328.688,-1.438,1.438,,-79.75,-18.188,-12.25,-0.001,0.006,0.013,-0.87,0.16,9.43,0.57,0.0,-0.34,-0.32,-0.19,9.79,0.135,0.0,0.0,0.0,,-1.0,,,
2024-11-27 23:14:05.678000+00:00,,,,,328.688,-1.438,1.438,,-79.75,-18.188,-12.25,-0.001,0.006,0.013,-0.87,0.16,9.43,-0.17,-0.22,-0.36,-0.32,-0.19,9.79,0.135,0.0,0.0,0.0,,-1.0,,,
2024-11-27 23:14:06.660000+00:00,,,,,328.688,-1.438,1.438,,-79.75,-18.188,-12.25,-0.001,0.006,0.013,-0.87,0.16,9.43,-0.1,-0.16,-0.36,-0.32,-0.19,9.79,0.135,0.0,0.0,0.0,,-1.0,,,
2024-11-27 23:14:07.694000+00:00,,,,,328.688,-1.438,1.438,,-79.75,-18.188,-12.25,-0.001,0.006,0.013,-0.87,0.16,9.43,-0.16,0.19,-0.35,-0.32,-0.19,9.79,0.135,0.0,0.0,0.0,,-1.0,,,
2024-11-27 23:14:08.691000+00:00,,,,,328.688,-1.438,1.438,,-79.75,-18.188,-12.25,-0.001,0.006,0.013,-0.87,0.16,9.43,0.1,0.6,-0.38,-0.32,-0.19,9.79,0.135,0.0,0.0,0.0,,-1.0,,,
2024-11-27 23:14:09.710000+00:00,,,,,328.688,-1.438,1.438,,-79.75,-18.188,-12.25,-0.001,0.006,0.013,-0.87,0.16,9.43,-0.13,0.15,-0.34,-0.32,-0.19,9.79,0.135,0.0,0.0,0.0,,-1.0,,,
2024-11-27 23:14:10.699000+00:00,,,,,328.688,-1.438,1.438,,-79.75,-18.188,-12.25,-0.001,0.006,0.013,-0.87,0.16,9.43,0.26,-0.12,-0.38,-0.32,-0.19,9.79,0.135,0.0,0.0,0.0,,-1.0,,,
2024-11-27 23:14:11.709000+00:00,,,,,328.688,-1.438,1.438,,-79.75,-18.188,-12.25,-0.001,0.006,0.013,-0.87,0.16,9.43,0.21,-0.06,-0.34,-0.32,-0.19,9.79,0.135,0.0,0.0,0.0,,-1.0,,,
2024-11-27 23:14:12.719000+00:00,,,,,328.688,-1.438,1.438,,-79.75,-18.188,-12.25,-0.001,0.006,0.013,-0.87,0.16,9.43,-0.51,0.52,-0.35,-0.32,-0.19,9.79,0.135,0.0,0.0,0.0,,-1.0,,,
2024-11-27 23:14:13.730000+00:00,,,,,328.688,-1.438,1.438,,-79.75,-18.188,-12.25,-0.001,0.006,0.013,-0.87,0.16,9.43,-0.17,0.27,-0.4,-0.32,-0.19,9.79,0.135,0.0,0.0,0.0,,-1.0,,,
2024-11-27 23:14:14.740000+00:00,,,,,328.688,-1.438,1.438,,-79.75,-18.188,-12.25,-0.001,0.006,0.013,-0.87,0.16,9.43,-0.26,0.1,-0.39,-0.32,-0.19,9.79,0.135,0.0,0.0,0.0,,-1.0,,,
2024-11-27 23:14:15.762000+00:00,,,,,328.688,-1.438,1.438,,-79.75,-18.188,-12.25,-0.001,0.006,0.013,-0.87,0.16,9.43,0.0,0.25,-0.31,-0.32,-0.19,9.79,0.135,0.0,0.0,0.0,,-1.0,,,
2024-11-27 23:14:16.759000+00:00,,,,,328.688,-1.438,1.438,,-79.75,-18.188,-12.25,-0.001,0.006,0.013,-0.87,0.16,9.43,-0.39,0.03,-0.42,-0.32,-0.19,9.79,0.135,0.0,0.0,0.0,,-1.0,,,
2024-11-27 23:14:17.769000+00:00,,,,,328.688,-1.438,1.438,,-79.75,-18.188,-12.25,-0.001,0.006,0.013,-0.87,0.16,9.43,-0.1,0.41,-0.36,-0.32,-0.19,9.79,0.135,0.0,0.0,0.0,,-1.0,,,
2024-11-27 23:14:18.799000+00:00,,,,,328.688,-1.438,1.438,,-79.75,-18.188,-12.25,-0.001,0.006,0.013,-0.87,0.16,9.43,0.03,0.04,-0.35,-0.32,-0.19,9.79,0.135,0.0,0.0,0.0,,-1.0,,,
2024-11-27 23:14:19.798000+00:00,,,,,328.688,-1.438,1.438,,-79.75,-18.188,-12.25,-0.001,0.006,0.013,-0.87,0.16,9.43,-0.3,0.28,-0.42,-0.32,-0.19,9.79,0.135,0.0,0.0,0.0,,-1.0,,,
2024-11-27 23:14:20.799000+00:00,,,,,328.688,-1.438,1.438,,-79.75,-18.188,-12.25,-0.001,0.006,0.013,-0.87,0.16,9.43,0.53,-0.3,-0.39,-0.32,-0.19,9.79,0.135,0.0,0.0,0.0,,-1.0,,,
2024-11-27 23:14:21.810000+00:00,,,,,328.688,-1.438,1.438,,-79.75,-18.188,-12.25,-0.001,0.006,0.013,-0.87,0.16,9.43,-0.08,-0.11,-0.31,-0.32,-0.19,9.79,0.135,0.0,0.0,0.0,,-1.0,,,
2024-11-27 23:14:22.819000+00:00,,,,,328.688,-1.438,1.438,,-79.75,-18.188,-12.25,-0.001,0.006,0.013,-0.87,0.16,9.43,-0.18,-0.4,-0.38,-0.32,-0.19,9.79,0.135,0.0,0.0,0.0,,-1.0,,,
2024-11-27 23:14:23.830000+00:00,,,,,328.688,-1.438,1.438,,-79.75,-18.188,-12.25,-0.001,0.006,0.013,-0.87,0.16,9.43,-0.28,0.21,-0.35,-0.32,-0.19,9.79,0.135,0.0,0.0,0.0,,-1.0,,,
2024-11-27 23:14:24.840000+00:00,,,,,328.688,-1.438,1.438,,-79.75,-18.188,-12.25,-0.001,0.006,0.013,-0.87,0.16,9.43,-0.39,-0.13,-0.36,-0.32,-0.19,9.79,0.135,0.0,0.0,0.0,,-1.0,,,
2024-11-27 23:14:25.849000+00:00,,,,,328.688,-1.438,1.438,,-79.75,-18.188,-12.25,-0.001,0.006,0.013,-0.87,0.16,9.43,-0.3,0.0,-0.35,-0.32,-0.19,9.79,0.135,0.0,0.0,0.0,,-1.0,,,
2024-11-27 23:14:26.849000+00:00,,,,,328.688,-1.438,1.438,,-79.75,-18.188,-12.25,-0.001,0.006,0.013,-0.87,0.16,9.43,-0.25,0.34,-0.4,-0.32,-0.19,9.79,0.135,0.0,0.0,0.0,,-1.0,,,
2024-11-27 23:14:27.861000+00:00,,,,,328.688,-1.438,1.438,,-79.75,-18.188,-12.25,-0.001,0.006,0.013,-0.87,0.16,9.43,-0.39,0.13,-0.36,-0.32,-0.19,9.79,0.135,0.0,0.0,0.0,,-1.0,,,
2024-11-27 23:14:28.879000+00:00,,,,,328.688,-1.438,1.438,,-79.75,-18.188,-12.25,-0.001,0.006,0.013,-0.87,0.16,9.43,0.27,0.45,-0.37,-0.32,-0.19,9.79,0.135,0.0,0.0,0.0,,-1.0,,,
2024-11-27 23:14:29.909000+00:00,,,,,328.688,-1.438,1.438,,-79.75,-18.188,-12.25,-0.001,0.006,0.013,-0.87,0.16,9.43,-0.5,0.56,-0.35,-0.32,-0.19,9.79,0.135,0.0,0.0,0.0,,-1.0,,,
2024-11-27 23:14:30.889000+00:00,,,,,328.688,-1.438,1.438,,-79.75,-18.188,-12.25,-0.001,0.006,0.013,-0.87,0.16,9.43,-0.61,0.41,-0.36,-0.32,-0.19,9.79,0.135,0.0,0.0,0.0,,-1.0,,,
2024-11-27 23:14:31.898000+00:00,,,,,328.688,-1.438,1.438,,-79.75,-18.188,-12.25,-0.001,0.006,0.013,-0.87,0.16,9.43,-0.61,-0.07,-0.37,-0.32,-0.19,9.79,0.135,0.0,0.0,0.0,,-1.0,,,
2024-11-27 23:13:32.392000+00:00,,,,,328.688,-1.438,1.438,,-79.75,-18.188,-12.25,-0.001,0.006,0.013,-0.87,0.16,9.43,-0.61,-0.07,-0.37,-0.32,-0.19,9.79,0.135,0.0,0.0,0.0,,-1.0,,,
2024-11-27 23:13:33.411000+00:00,,,,,328.688,-1.438,1.438,,-79.75,-18.188,-12.25,-0.001,0.006,0.013,-0.87,0.16,9.43,-0.61,-0.07,-0.37,-0.32,-0.2,9.79,0.135,0.0,0.0,0.0,,-1.0,,,
2024-11-27 23:13:34.412000+00:00,,,,,328.688,-1.438,1.438,,-79.75,-18.188,-12.25,-0.001,0.006,0.013,-0.87,0.16,9.43,-0.61,-0.07,-0.37,-0.32,-0.2,9.79,0.135,0.0,0.0,0.0,,-1.0,,,
2024-11-27 23:13:35.431000+00:00,,,,,328.688,-1.438,1.438,,-79.75,-18.188,-12.25,-0.001,0.006,0.013,-0.87,0.16,9.43,-0.61,-0.07,-0.37,-0.32,-0.21,9.79,0.135,0.0,0.0,0.0,,-1.0,,,
2024-11-27 23:13:36.434000+00:00,,,,,328.688,-1.438,1.438,,-79.75,-18.188,-12.25,-0.001,0.006,0.013,-0.87,0.16,9.43,-0.61,-0.07,-0.37,-0.3,-0.2,9.79,0.135,0.0,0.0,0.0,,-1.0,,,
2024-11-27 23:13:37.451000+00:00,,,,,328.688,-1.438,1.438,,-79.75,-18.188,-12.25,-0.001,0.006,0.013,-0.87,0.16,9.43,-0.61,-0.07,-0.37,-0.33,-0.2,9.79,0.135,0.0,0.0,0.0,,-1.0,,,
2024-11-27 23:13:38.451000+00:00,,,,,328.688,-1.438,1.438,,-79.75,-18.188,-12.25,-0.001,0.006,0.013,-0.87,0.16,9.43,-0.61,-0.07,-0.37,-0.31,-0.2,9.79,0.135,0.0,0.0,0.0,,-1.0,,,
2024-11-27 23:13:39.470000+00:00,,,,,328.688,-1.438,1.438,,-79.75,-18.188,-12.25,-0.001,0.006,0.013,-0.87,0.16,9.43,-0.61,-0.07,-0.37,-0.33,-0.19,9.79,0.135,0.0,0.0,0.0,,-1.0,,,
2024-11-27 23:13:40.471000+00:00,,,,,328.688,-1.438,1.438,,-79.75,-18.188,-12.25,-0.001,0.006,0.013,-0.87,0.16,9.43,-0.61,-0.07,-0.37,-0.33,-0.19,9.79,0.135,0.0,0.0,0.0,,-1.0,,,
2024-11-27 23:13:41.491000+00:00,,,,,328.688,-1.438,1.438,,-79.75,-18.188,-12.25,-0.001,0.006,0.013,-0.87,0.16,9.43,-0.61,-0.07,-0.37,-0.3,-0.21,9.79,0.135,0.0,0.0,0.0,,-1.0,,,
2024-11-27 23:13:42.492000+00:00,,,,,328.688,-1.438,1.438,,-79.75,-18.188,-12.25,-0.001,0.006,0.013,-0.87,0.16,9.43,-0.61,-0.07,-0.37,-0.27,-0.23,9.8,0.135,0.0,0.0,0.0,,-1.0,,,
2024-11-27 23:13:43.501000+00:00,,,,,328.688,-1.438,1.438,,-79.75,-18.188,-12.25,-0.001,0.006,0.013,-0.87,0.16,9.43,-0.61,-0.07,-0.37,-0.26,-0.24,9.79,0.135,0.0,0.0,0.0,,-1.0,,,
2024-11-27 23:13:44.551000+00:00,,,,,328.688,-1.438,1.438,,-79.75,-18.188,-12.25,-0.001,0.006,0.013,-0.87,0.16,9.43,-0.61,-0.07,-0.37,-0.24,-0.24,9.8,0.135,0.0,0.0,0.0,,-1.0,,,
2024-11-27 23:13:45.520000+00:00,,,,,328.688,-1.438,1.438,,-79.75,-18.188,-12.25,-0.001,0.006,0.013,-0.87,0.16,9.43,-0.61,-0.07,-0.37,-0.25,-0.24,9.8,0.135,0.0,0.0,0.0,,-1.0,,,
2024-11-27 23:13:46.533000+00:00,,,,,328.688,-1.438,1.438,,-79.75,-18.188,-12.25,-0.001,0.006,0.013,-0.87,0.16,9.43,-0.61,-0.07,-0.37,-0.25,-0.27,9.79,0.135,0.0,0.0,0.0,,-1.0,,,
2024-11-27 23:13:47.541000+00:00,,,,,328.688,-1.438,1.438,,-79.75,-18.188,-12.25,-0.001,0.006,0.013,-0.87,0.16,9.43,-0.61,-0.07,-0.37,-0.22,-0.26,9.8,0.135,0.0,0.0,0.0,,-1.0,,,
2024-11-27 23:13:48.550000+00:00,,,,,328.688,-1.438,1.438,,-79.75,-18.188,-12.25,-0.001,0.006,0.013,-0.87,0.16,9.43,-0.61,-0.07,-0.37,-0.19,-0.26,9.8,0.135,0.0,0.0,0.0,,-1.0,,,
2024-11-27 23:13:49.562000+00:00,,,,,328.688,-1.438,1.438,,-79.75,-18.188,-12.25,-0.001,0.006,0.013,-0.87,0.16,9.43,-0.61,-0.07,-0.37,-0.19,-0.27,9.8,0.135,0.0,0.0,0.0,,-1.0,,,
2024-11-27 23:13:50.570000+00:00,,,,,328.688,-1.438,1.438,,-79.75,-18.188,-12.25,-0.001,0.006,0.013,-0.87,0.16,9.43,-0.61,-0.07,-0.37,-0.24,-0.24,9.8,0.135,0.0,0.0,0.0,,-1.0,,,
2024-11-27 23:13:51.570000+00:00,,,,,328.688,-1.438,1.438,,-79.75,-18.188,-12.25,-0.001,0.006,0.013,-0.87,0.16,9.43,-0.61,-0.07,-0.37,-0.27,-0.24,9.79,0.135,0.0,0.0,0.0,,-1.0,,,
2024-11-27 23:13:52.580000+00:00,,,,,328.688,-1.438,1.438,,-79.75,-18.188,-12.25,-0.001,0.006,0.013,-0.87,0.16,9.43,-0.61,-0.07,-0.37,-0.28,-0.24,9.79,0.135,0.0,0.0,0.0,,-1.0,,,
2024-11-27 23:13:53.590000+00:00,,,,,328.688,-1.438,1.438,,-79.75,-18.188,-12.25,-0.001,0.006,0.013,-0.87,0.16,9.43,-0.61,-0.07,-0.37,-0.26,-0.22,9.8,0.135,0.0,0.0,0.0,,-1.0,,,
2024-11-27 23:13:54.600000+00:00,,,,,328.688,-1.438,1.438,,-79.75,-18.188,-12.25,-0.001,0.006,0.013,-0.87,0.16,9.43,-0.61,-0.07,-0.37,-0.27,-0.22,9.8,0.135,0.0,0.0,0.0,,-1.0,,,
2024-11-27 23:13:55.610000+00:00,,,,,328.688,-1.438,1.438,,-79.75,-18.188,-12.25,-0.001,0.006,0.013,-0.87,0.16,9.43,-0.61,-0.07,-0.37,-0.23,-0.22,9.8,0.135,0.0,0.0,0.0,,-1.0,,,
2024-11-27 23:13:56.619000+00:00,,,,,328.688,-1.438,1.438,,-79.75,-18.188,-12.25,-0.001,0.006,0.013,-0.87,0.16,9.43,-0.61,-0.07,-0.37,-0.24,-0.22,9.8,0.135,0.0,0.0,0.0,,-1.0,,,
2024-11-27 23:13:57.630000+00:00,,,,,328.688,-1.438,1.438,,-79.75,-18.188,-12.25,-0.001,0.006,0.013,-0.87,0.16,9.43,-0.61,-0.07,-0.37,-0.22,-0.23,9.8,0.135,0.0,0.0,0.0,,-1.0,,,
2024-11-27 23:13:58.639000+00:00,,,,,328.688,-1.438,1.438,,-79.75,-18.188,-12.25,-0.001,0.006,0.013,-0.87,0.16,9.43,-0.61,-0.07,-0.37,-0.22,-0.23,9.8,0.135,0.0,0.0,0.0,,-1.0,,,
2024-11-27 23:13:59.649000+00:00,,,,,328.688,-1.438,1.438,,-79.75,-18.188,-12.25,-0.001,0.006,0.013,-0.87,0.16,9.43,-0.61,-0.07,-0.37,-0.29,-0.2,9.79,0.135,0.0,0.0,0.0,,-1.0,,,
2024-11-27 23:14:00.660000+00:00,,,,,328.688,-1.438,1.438,,-79.75,-18.188,-12.25,-0.001,0.006,0.013,-0.87,0.16,9.43,-0.61,-0.07,-0.37,-0.3,-0.21,9.79,0.135,0.0,0.0,0.0,,-1.0,,,
2024-11-27 23:14:01.669000+00:00,,,,,328.688,-1.438,1.438,,-79.75,-18.188,-12.25,-0.001,0.006,0.013,-0.87,0.16,9.43,-0.61,-0.07,-0.37,-0.29,-0.23,9.79,0.135,0.0,0.0,0.0,,-1.0,,,
2024-11-27 23:14:02.700000+00:00,,,,,328.688,-1.438,1.438,,-79.75,-18.188,-12.25,-0.001,0.006,0.013,-0.87,0.16,9.43,-0.61,-0.07,-0.37,-0.29,-0.24,9.79,0.135,0.0,0.0,0.0,,-1.0,,,
2024-11-27 23:14:03.690000+00:00,,,,,328.688,-1.438,1.438,,-79.75,-18.188,-12.25,-0.001,0.006,0.013,-0.87,0.16,9.43,-0.61,-0.07,-0.37,-0.31,-0.23,9.79,0.135,0.0,0.0,0.0,,-1.0,,,
2024-11-27 23:14:04.710000+00:00,,,,,328.688,-1.438,1.438,,-79.75,-18.188,-12.25,-0.001,0.006,0.013,-0.87,0.16,9.43,-0.61,-0.07,-0.37,-0.3,-0.22,9.79,0.135,0.0,0.0,0.0,,-1.0,,,
2024-11-27 23:14:05.730000+00:00,,,,,328.688,-1.438,1.438,,-79.75,-18.188,-12.25,-0.001,0.006,0.013,-0.87,0.16,9.43,-0.61,-0.07,-0.37,-0.3,-0.22,9.79,0.135,0.0,0.0,0.0,,-1.0,,,
2024-11-27 23:14:06.709000+00:00,,,,,328.688,-1.438,1.438,,-79.75,-18.188,-12.25,-0.001,0.006,0.013,-0.87,0.16,9.43,-0.61,-0.07,-0.37,-0.29,-0.23,9.79,0.135,0.0,0.0,0.0,,-1.0,,,
2024-11-27 23:14:07.744000+00:00,,,,,328.688,-1.438,1.438,,-79.75,-18.188,-12.25,-0.001,0.006,0.013,-0.87,0.16,9.43,-0.61,-0.07,-0.37,-0.28,-0.24,9.79,0.135,0.0,0.0,0.0,,-1.0,,,
2024-11-27 23:14:08.741000+00:00,,,,,328.688,-1.438,1.438,,-79.75,-18.188,-12.25,-0.001,0.006,0.013,-0.87,0.16,9.43,-0.61,-0.07,-0.37,-0.27,-0.25,9.79,0.135,0.0,0.0,0.0,,-1.0,,,
2024-11-27 23:14:09.760000+00:00,,,,,328.688,-1.438,1.438,,-79.75,-18.188,-12.25,-0.001,0.006,0.013,-0.87,0.16,9.43,-0.61,-0.07,-0.37,-0.27,-0.27,9.79,0.135,0.0,0.0,0.0,,-1.0,,,
2024-11-27 23:14:10.749000+00:00,,,,,328.688,-1.438,1.438,,-79.75,-18.188,-12.25,-0.001,0.006,0.013,-0.87,0.16,9.43,-0.61,-0.07,-0.37,-0.26,-0.26,9.79,0.135,0.0,0.0,0.0,,-1.0,,,
2024-11-27 23:14:11.760000+00:00,,,,,328.688,-1.438,1.438,,-79.75,-18.188,-12.25,-0.001,0.006,0.013,-0.87,0.16,9.43,-0.61,-0.07,-0.37,-0.27,-0.26,9.79,0.135,0.0,0.0,0.0,,-1.0,,,
2024-11-27 23:14:12.770000+00:00,,,,,328.688,-1.438,1.438,,-79.75,-18.188,-12.25,-0.001,0.006,0.013,-0.87,0.16,9.43,-0.61,-0.07,-0.37,-0.29,-0.24,9.79,0.135,0.0,0.0,0.0,,-1.0,,,
2024-11-27 23:14:13.780000+00:00,,,,,328.688,-1.438,1.438,,-79.75,-18.188,-12.25,-0.001,0.006,0.013,-0.87,0.16,9.43,-0.61,-0.07,-0.37,-0.27,-0.24,9.79,0.135,0.0,0.0,0.0,,-1.0,,,
2024-11-27 23:14:14.790000+00:00,,,,,328.688,-1.438,1.438,,-79.75,-18.188,-12.25,-0.001,0.006,0.013,-0.87,0.16,9.43,-0.61,-0.07,-0.37,-0.28,-0.23,9.79,0.135,0.0,0.0,0.0,,-1.0,,,
2024-11-27 23:14:15.811000+00:00,,,,,328.688,-1.438,1.438,,-79.75,-18.188,-12.25,-0.001,0.006,0.013,-0.87,0.16,9.43,-0.61,-0.07,-0.37,-0.27,-0.23,9.79,0.135,0.0,0.0,0.0,,-1.0,,,
2024-11-27 23:14:16.812000+00:00,,,,,328.688,-1.438,1.438,,-79.75,-18.188,-12.25,-0.001,0.006,0.013,-0.87,0.16,9.43,-0.61,-0.07,-0.37,-0.25,-0.22,9.8,0.135,0.0,0.0,0.0,,-1.0,,,
2024-11-27 23:14:17.820000+00:00,,,,,328.688,-1.438,1.438,,-79.75,-18.188,-12.25,-0.001,0.006,0.013,-0.87,0.16,9.43,-0.61,-0.07,-0.37,-0.28,-0.2,9.8,0.135,0.0,0.0,0.0,,-1.0,,,
2024-11-27 23:14:18.849000+00:00,,,,,328.688,-1.438,1.438,,-79.75,-18.188,-12.25,-0.001,0.006,0.013,-0.87,0.16,9.43,-0.61,-0.07,-0.37,-0.26,-0.22,9.8,0.135,0.0,0.0,0.0,,-1.0,,,
2024-11-27 23:14:19.849000+00:00,,,,,328.688,-1.438,1.438,,-79.75,-18.188,-12.25,-0.001,0.006,0.013,-0.87,0.16,9.43,-0.61,-0.07,-0.37,-0.26,-0.22,9.8,0.135,0.0,0.0,0.0,,-1.0,,,
2024-11-27 23:14:20.849000+00:00,,,,,328.688,-1.438,1.438,,-79.75,-18.188,-12.25,-0.001,0.006,0.013,-0.87,0.16,9.43,-0.61,-0.07,-0.37,-0.26,-0.22,9.8,0.135,0.0,0.0,0.0,,-1.0,,,
2024-11-27 23:14:21.859000+00:00,,,,,328.688,-1.438,1.438,,-79.75,-18.188,-12.25,-0.001,0.006,0.013,-0.87,0.16,9.43,-0.61,-0.07,-0.37,-0.28,-0.22,9.79,0.135,0.0,0.0,0.0,,-1.0,,,
2024-11-27 23:14:22.869000+00:00,,,,,328.688,-1.438,1.438,,-79.75,-18.188,-12.25,-0.001,0.006,0.013,-0.87,0.16,9.43,-0.61,-0.07,-0.37,-0.3,-0.22,9.79,0.135,0.0,0.0,0.0,,-1.0,,,
2024-11-27 23:14:23.880000+00:00,,,,,328.688,-1.438,1.438,,-79.75,-18.188,-12.25,-0.001,0.006,0.013,-0.87,0.16,9.43,-0.61,-0.07,-0.37,-0.29,-0.22,9.79,0.135,0.0,0.0,0.0,,-1.0,,,
2024-11-27 23:14:24.889000+00:00,,,,,328.688,-1.438,1.438,,-79.75,-18.188,-12.25,-0.001,0.006,0.013,-0.87,0.16,9.43,-0.61,-0.07,-0.37,-0.3,-0.21,9.79,0.135,0.0,0.0,0.0,,-1.0,,,
2024-11-27 23:14:25.899000+00:00,,,,,328.688,-1.438,1.438,,-79.75,-18.188,-12.25,-0.001,0.006,0.013,-0.87,0.16,9.43,-0.61,-0.07,-0.37,-0.29,-0.21,9.79,0.135,0.0,0.0,0.0,,-1.0,,,
2024-11-27 23:14:26.900000+00:00,,,,,328.688,-1.438,1.438,,-79.75,-18.188,-12.25,-0.001,0.006,0.013,-0.87,0.16,9.43,-0.61,-0.07,-0.37,-0.26,-0.22,9.8,0.135,0.0,0.0,0.0,,-1.0,,,
2024-11-27 23:14:27.912000+00:00,,,,,328.688,-1.438,1.438,,-79.75,-18.188,-12.25,-0.001,0.006,0.013,-0.87,0.16,9.43,-0.61,-0.07,-0.37,-0.24,-0.22,9.8,0.135,0.0,0.0,0.0,,-1.0,,,
2024-11-27 23:14:28.929000+00:00,,,,,328.688,-1.438,1.438,,-79.75,-18.188,-12.25,-0.001,0.006,0.013,-0.87,0.16,9.43,-0.61,-0.07,-0.37,-0.24,-0.23,9.8,0.135,0.0,0.0,0.0,,-1.0,,,
2024-11-27 23:14:29.959000+00:00,,,,,328.688,-1.438,1.438,,-79.75,-18.188,-12.25,-0.001,0.006,0.013,-0.87,0.16,9.43,-0.61,-0.07,-0.37,-0.21,-0.25,9.8,0.135,0.0,0.0,0.0,,-1.0,,,
2024-11-27 23:14:30.938000+00:00,,,,,328.688,-1.438,1.438,,-79.75,-18.188,-12.25,-0.001,0.006,0.013,-0.87,0.16,9.43,-0.61,-0.07,-0.37,-0.25,-0.24,9.8,0.135,0.0,0.0,0.0,,-1.0,,,
2024-11-27 23:14:31.959000+00:00,,,,,328.688,-1.438,1.438,,-79.75,-18.188,-12.25,-0.001,0.006,0.013,-0.87,0.16,9.43,-0.61,-0.07,-0.37,-0.25,-0.25,9.79,0.135,0.0,0.0,0.0,,-1.0,,,
2024-11-27 23:13:32.695000+00:00,,,,,328.688,-1.438,1.438,,-79.75,-18.188,-12.25,-0.001,0.006,0.013,-0.87,0.16,9.43,-0.61,-0.07,-0.37,-0.25,-0.25,9.79,0.135,0.0,0.0,0.0,,-1.0,,,
2024-11-27 23:13:33.684000+00:00,,,,,328.688,-1.438,1.438,,-79.75,-18.188,-12.25,-0.001,0.006,0.013,-0.87,0.16,9.43,-0.61,-0.07,-0.37,-0.25,-0.25,9.79,0.13625,0.0,0.0,0.0,,-1.0,,,
2024-11-27 23:13:34.683000+00:00,,,,,328.688,-1.438,1.438,,-79.75,-18.188,-12.25,-0.001,0.006,0.013,-0.87,0.16,9.43,-0.61,-0.07,-0.37,-0.25,-0.25,9.79,0.1275,0.0,0.0,0.0,,-1.0,,,
2024-11-27 23:13:35.695000+00:00,,,,,328.688,-1.438,1.438,,-79.75,-18.188,-12.25,-0.001,0.006,0.013,-0.87,0.16,9.43,-0.61,-0.07,-0.37,-0.25,-0.25,9.79,0.1475,0.0,0.0,0.0,,-1.0,,,
2024-11-27 23:13:36.693000+00:00,,,,,328.688,-1.438,1.438,,-79.75,-18.188,-12.25,-0.001,0.006,0.013,-0.87,0.16,9.43,-0.61,-0.07,-0.37,-0.25,-0.25,9.79,0.13125,0.0,0.0,0.0,,-1.0,,,
2024-11-27 23:13:37.701000+00:00,,,,,328.688,-1.438,1.438,,-79.75,-18.188,-12.25,-0.001,0.006,0.013,-0.87,0.16,9.43,-0.61,-0.07,-0.37,-0.25,-0.25,9.79,0.0,0.0,0.0,0.0,,-1.0,,,
2024-11-27 23:13:38.702000+00:00,,,,,328.688,-1.438,1.438,,-79.75,-18.188,-12.25,-0.001,0.006,0.013,-0.87,0.16,9.43,-0.61,-0.07,-0.37,-0.25,-0.25,9.79,0.03,0.0,0.0,0.0,,-1.0,,,
2024-11-27 23:13:39.700000+00:00,,,,,328.688,-1.438,1.438,,-79.75,-18.188,-12.25,-0.001,0.006,0.013,-0.87,0.16,9.43,-0.61,-0.07,-0.37,-0.25,-0.25,9.79,0.04125,0.0,0.0,0.0,,-1.0,,,
2024-11-27 23:13:40.713000+00:00,,,,,328.688,-1.438,1.438,,-79.75,-18.188,-12.25,-0.001,0.006,0.013,-0.87,0.16,9.43,-0.61,-0.07,-0.37,-0.25,-0.25,9.79,0.085,0.0,0.0,0.0,,-1.0,,,
2024-11-27 23:13:41.711000+00:00,,,,,328.688,-1.438,1.438,,-79.75,-18.188,-12.25,-0.001,0.006,0.013,-0.87,0.16,9.43,-0.61,-0.07,-0.37,-0.25,-0.25,9.79,0.075,0.0,0.0,0.0,,-1.0,,,
2024-11-27 23:13:42.714000+00:00,,,,,328.688,-1.438,1.438,,-79.75,-18.188,-12.25,-0.001,0.006,0.013,-0.87,0.16,9.43,-0.61,-0.07,-0.37,-0.25,-0.25,9.79,0.105,0.0,0.0,0.0,,-1.0,,,
2024-11-27 23:13:43.720000+00:00,,,,,328.688,-1.438,1.438,,-79.75,-18.188,-12.25,-0.001,0.006,0.013,-0.87,0.16,9.43,-0.61,-0.07,-0.37,-0.25,-0.25,9.79,0.14375000000000002,0.0,0.0,0.0,,-1.0,,,
2024-11-27 23:13:44.723000+00:00,,,,,328.688,-1.438,1.438,,-79.75,-18.188,-12.25,-0.001,0.006,0.013,-0.87,0.16,9.43,-0.61,-0.07,-0.37,-0.25,-0.25,9.79,0.1325,0.0,0.0,0.0,,-1.0,,,
2024-11-27 23:13:45.732000+00:00,,,,,328.688,-1.438,1.438,,-79.75,-18.188,-12.25,-0.001,0.006,0.013,-0.87,0.16,9.43,-0.61,-0.07,-0.37,-0.25,-0.25,9.79,0.15375,0.0,0.0,0.0,,-1.0,,,
2024-11-27 23:13:46.732000+00:00,,,,,328.688,-1.438,1.438,,-79.75,-18.188,-12.25,-0.001,0.006,0.013,-0.87,0.16,9.43,-0.61,-0.07,-0.37,-0.25,-0.25,9.79,0.13875,0.0,0.0,0.0,,-1.0,,,
2024-11-27 23:13:47.732000+00:00,,,,,328.688,-1.438,1.438,,-79.75,-18.188,-12.25,-0.001,0.006,0.013,-0.87,0.16,9.43,-0.61,-0.07,-0.37,-0.25,-0.25,9.79,0.0,0.0,0.0,0.0,,-1.0,,,
2024-11-27 23:13:48.742000+00:00,,,,,328.688,-1.438,1.438,,-79.75,-18.188,-12.25,-0.001,0.006,0.013,-0.87,0.16,9.43,-0.61,-0.07,-0.37,-0.25,-0.25,9.79,0.01875,0.0,0.0,0.0,,-1.0,,,
2024-11-27 23:13:49.741000+00:00,,,,,328.688,-1.438,1.438,,-79.75,-18.188,-12.25,-0.001,0.006,0.013,-0.87,0.16,9.43,-0.61,-0.07,-0.37,-0.25,-0.25,9.79,0.005,0.0,0.0,0.0,,-1.0,,,
2024-11-27 23:13:50.746000+00:00,,,,,328.688,-1.438,1.438,,-79.75,-18.188,-12.25,-0.001,0.006,0.013,-0.87,0.16,9.43,-0.61,-0.07,-0.37,-0.25,-0.25,9.79,0.06,0.0,0.0,0.0,,-1.0,,,
2024-11-27 23:13:51.750000+00:00,,,,,328.688,-1.438,1.438,,-79.75,-18.188,-12.25,-0.001,0.006,0.013,-0.87,0.16,9.43,-0.61,-0.07,-0.37,-0.25,-0.25,9.79,0.0475,0.0,0.0,0.0,,-1.0,,,
2024-11-27 23:13:52.753000+00:00,,,,,328.688,-1.438,1.438,,-79.75,-18.188,-12.25,-0.001,0.006,0.013,-0.87,0.16,9.43,-0.61,-0.07,-0.37,-0.25,-0.25,9.79,0.0825,0.0,0.0,0.0,,-1.0,,,
2024-11-27 23:13:53.750000+00:00,,,,,328.688,-1.438,1.438,,-79.75,-18.188,-12.25,-0.001,0.006,0.013,-0.87,0.16,9.43,-0.61,-0.07,-0.37,-0.25,-0.25,9.79,0.12125,0.0,0.0,0.0,,-1.0,,,
2024-11-27 23:13:54.760000+00:00,,,,,328.688,-1.438,1.438,,-79.75,-18.188,-12.25,-0.001,0.006,0.013,-0.87,0.16,9.43,-0.61,-0.07,-0.37,-0.25,-0.25,9.79,0.13875,0.0,0.0,0.0,,-1.0,,,
2024-11-27 23:13:55.764000+00:00,,,,,328.688,-1.438,1.438,,-79.75,-18.188,-12.25,-0.001,0.006,0.013,-0.87,0.16,9.43,-0.61,-0.07,-0.37,-0.25,-0.25,9.79,0.1375,0.0,0.0,0.0,,-1.0,,,
2024-11-27 23:13:56.772000+00:00,,,,,328.688,-1.438,1.438,,-79.75,-18.188,-12.25,-0.001,0.006,0.013,-0.87,0.16,9.43,-0.61,-0.07,-0.37,-0.25,-0.25,9.79,0.1475,0.0,0.0,0.0,,-1.0,,,
2024-11-27 23:13:57.770000+00:00,,,,,328.688,-1.438,1.438,,-79.75,-18.188,-12.25,-0.001,0.006,0.013,-0.87,0.16,9.43,-0.61,-0.07,-0.37,-0.25,-0.25,9.79,0.14375000000000002,0.0,0.0,0.0,,-1.0,,,
2024-11-27 23:13:58.791000+00:00,,,,,328.688,-1.438,1.438,,-79.75,-18.188,-12.25,-0.001,0.006,0.013,-0.87,0.16,9.43,-0.61,-0.07,-0.37,-0.25,-0.25,9.79,0.0075,0.0,0.0,0.0,,-1.0,,,
2024-11-27 23:13:59.781000+00:00,,,,,328.688,-1.438,1.438,,-79.75,-18.188,-12.25,-0.001,0.006,0.013,-0.87,0.16,9.43,-0.61,-0.07,-0.37,-0.25,-0.25,9.79,0.005,0.0,0.0,0.0,,-1.0,,,
2024-11-27 23:14:00.783000+00:00,,,,,328.688,-1.438,1.438,,-79.75,-18.188,-12.25,-0.001,0.006,0.013,-0.87,0.16,9.43,-0.61,-0.07,-0.37,-0.25,-0.25,9.79,0.00625,0.0,0.0,0.0,,-1.0,,,
2024-11-27 23:14:01.780000+00:00,,,,,328.688,-1.438,1.438,,-79.75,-18.188,-12.25,-0.001,0.006,0.013,-0.87,0.16,9.43,-0.61,-0.07,-0.37,-0.25,-0.25,9.79,0.03875,0.0,0.0,0.0,,-1.0,,,
2024-11-27 23:14:02.800000+00:00,,,,,328.688,-1.438,1.438,,-79.75,-18.188,-12.25,-0.001,0.006,0.013,-0.87,0.16,9.43,-0.61,-0.07,-0.37,-0.25,-0.25,9.79,0.07125000000000001,0.0,0.0,0.0,,-1.0,,,
2024-11-27 23:14:03.840000+00:00,,,,,328.688,-1.438,1.438,,-79.75,-18.188,-12.25,-0.001,0.006,0.013,-0.87,0.16,9.43,-0.61,-0.07,-0.37,-0.25,-0.25,9.79,0.10875,0.0,0.0,0.0,,-1.0,,,
2024-11-27 23:14:04.810000+00:00,,,,,328.688,-1.438,1.438,,-79.75,-18.188,-12.25,-0.001,0.006,0.013,-0.87,0.16,9.43,-0.61,-0.07,-0.37,-0.25,-0.25,9.79,0.10375000000000001,0.0,0.0,0.0,,-1.0,,,
2024-11-27 23:14:05.830000+00:00,,,,,328.688,-1.438,1.438,,-79.75,-18.188,-12.25,-0.001,0.006,0.013,-0.87,0.16,9.43,-0.61,-0.07,-0.37,-0.25,-0.25,9.79,0.15125,0.0,0.0,0.0,,-1.0,,,
2024-11-27 23:14:06.865000+00:00,,,,,328.688,-1.438,1.438,,-79.75,-18.188,-12.25,-0.001,0.006,0.013,-0.87,0.16,9.43,-0.61,-0.07,-0.37,-0.25,-0.25,9.79,0.11875000000000001,0.0,0.0,0.0,,-1.0,,,
2024-11-27 23:14:07.840000+00:00,,,,,328.688,-1.438,1.438,,-79.75,-18.188,-12.25,-0.001,0.006,0.013,-0.87,0.16,9.43,-0.61,-0.07,-0.37,-0.25,-0.25,9.79,0.12625,0.0,0.0,0.0,,-1.0,,,
2024-11-27 23:14:08.890000+00:00,,,,,328.688,-1.438,1.438,,-79.75,-18.188,-12.25,-0.001,0.006,0.013,-0.87,0.16,9.43,-0.61,-0.07,-0.37,-0.25,-0.25,9.79,0.1775,0.0,0.0,0.0,,-1.0,,,
2024-11-27 23:14:09.861000+00:00,,,,,328.688,-1.438,1.438,,-79.75,-18.188,-12.25,-0.001,0.006,0.013,-0.87,0.16,9.43,-0.61,-0.07,-0.37,-0.25,-0.25,9.79,0.13375,0.0,0.0,0.0,,-1.0,,,
2024-11-27 23:14:10.849000+00:00,,,,,328.688,-1.438,1.438,,-79.75,-18.188,-12.25,-0.001,0.006,0.013,-0.87,0.16,9.43,-0.61,-0.07,-0.37,-0.25,-0.25,9.79,0.12,0.0,0.0,0.0,,-1.0,,,
2024-11-27 23:14:11.859000+00:00,,,,,328.688,-1.438,1.438,,-79.75,-18.188,-12.25,-0.001,0.006,0.013,-0.87,0.16,9.43,-0.61,-0.07,-0.37,-0.25,-0.25,9.79,0.1275,0.0,0.0,0.0,,-1.0,,,
2024-11-27 23:14:12.870000+00:00,,,,,328.688,-1.438,1.438,,-79.75,-18.188,-12.25,-0.001,0.006,0.013,-0.87,0.16,9.43,-0.61,-0.07,-0.37,-0.25,-0.25,9.79,0.14250000000000002,0.0,0.0,0.0,,-1.0,,,
2024-11-27 23:14:13.930000+00:00,,,,,328.688,-1.438,1.438,,-79.75,-18.188,-12.25,-0.001,0.006,0.013,-0.87,0.16,9.43,-0.61,-0.07,-0.37,-0.25,-0.25,9.79,0.0025,0.0,0.0,0.0,,-1.0,,,
2024-11-27 23:14:14.890000+00:00,,,,,328.688,-1.438,1.438,,-79.75,-18.188,-12.25,-0.001,0.006,0.013,-0.87,0.16,9.43,-0.61,-0.07,-0.37,-0.25,-0.25,9.79,0.01125,0.0,0.0,0.0,,-1.0,,,
2024-11-27 23:14:15.909000+00:00,,,,,328.688,-1.438,1.438,,-79.75,-18.188,-12.25,-0.001,0.006,0.013,-0.87,0.16,9.43,-0.61,-0.07,-0.37,-0.25,-0.25,9.79,0.03,0.0,0.0,0.0,,-1.0,,,
2024-11-27 23:14:16.909000+00:00,,,,,328.688,-1.438,1.438,,-79.75,-18.188,-12.25,-0.001,0.006,0.013,-0.87,0.16,9.43,-0.61,-0.07,-0.37,-0.25,-0.25,9.79,0.085,0.0,0.0,0.0,,-1.0,,,
2024-11-27 23:14:17.918000+00:00,,,,,328.688,-1.438,1.438,,-79.75,-18.188,-12.25,-0.001,0.006,0.013,-0.87,0.16,9.43,-0.61,-0.07,-0.37,-0.25,-0.25,9.79,0.10250000000000001,0.0,0.0,0.0,,-1.0,,,
2024-11-27 23:14:18.949000+00:00,,,,,328.688,-1.438,1.438,,-79.75,-18.188,-12.25,-0.001,0.006,0.013,-0.87,0.16,9.43,-0.61,-0.07,-0.37,-0.25,-0.25,9.79,0.1775,0.0,0.0,0.0,,-1.0,,,
2024-11-27 23:14:19.948000+00:00,,,,,328.688,-1.438,1.438,,-79.75,-18.188,-12.25,-0.001,0.006,0.013,-0.87,0.16,9.43,-0.61,-0.07,-0.37,-0.25,-0.25,9.79,0.1525,0.0,0.0,0.0,,-1.0,,,
2024-11-27 23:14:20.948000+00:00,,,,,328.688,-1.438,1.438,,-79.75,-18.188,-12.25,-0.001,0.006,0.013,-0.87,0.16,9.43,-0.61,-0.07,-0.37,-0.25,-0.25,9.79,0.1325,0.0,0.0,0.0,,-1.0,,,
2024-11-27 23:14:21.959000+00:00,,,,,328.688,-1.438,1.438,,-79.75,-18.188,-12.25,-0.001,0.006,0.013,-0.87,0.16,9.43,-0.61,-0.07,-0.37,-0.25,-0.25,9.79,0.0,0.0,0.0,0.0,,-1.0,,,
2024-11-27 23:14:22.968000+00:00,,,,,328.688,-1.438,1.438,,-79.75,-18.188,-12.25,-0.001,0.006,0.013,-0.87,0.16,9.43,-0.61,-0.07,-0.37,-0.25,-0.25,9.79,0.0,0.0,0.0,0.0,,-1.0,,,
2024-11-27 23:14:23.980000+00:00,,,,,328.688,-1.438,1.438,,-79.75,-18.188,-12.25,-0.001,0.006,0.013,-0.87,0.16,9.43,-0.61,-0.07,-0.37,-0.25,-0.25,9.79,0.0225,0.0,0.0,0.0,,-1.0,,,
2024-11-27 23:14:24.989000+00:00,,,,,328.688,-1.438,1.438,,-79.75,-18.188,-12.25,-0.001,0.006,0.013,-0.87,0.16,9.43,-0.61,-0.07,-0.37,-0.25,-0.25,9.79,0.085,0.0,0.0,0.0,,-1.0,,,
2024-11-27 23:14:25.998000+00:00,,,,,328.688,-1.438,1.438,,-79.75,-18.188,-12.25,-0.001,0.006,0.013,-0.87,0.16,9.43,-0.61,-0.07,-0.37,-0.25,-0.25,9.79,0.1,0.0,0.0,0.0,,-1.0,,,
2024-11-27 23:14:26.999000+00:00,,,,,328.688,-1.438,1.438,,-79.75,-18.188,-12.25,-0.001,0.006,0.013,-0.87,0.16,9.43,-0.61,-0.07,-0.37,-0.25,-0.25,9.79,0.13625,0.0,0.0,0.0,,-1.0,,,
2024-11-27 23:14:28.010000+00:00,,,,,328.688,-1.438,1.438,,-79.75,-18.188,-12.25,-0.001,0.006,0.013,-0.87,0.16,9.43,-0.61,-0.07,-0.37,-0.25,-0.25,9.79,0.1325,0.0,0.0,0.0,,-1.0,,,
2024-11-27 23:14:29.078000+00:00,,,,,328.688,-1.438,1.438,,-79.75,-18.188,-12.25,-0.001,0.006,0.013,-0.87,0.16,9.43,-0.61,-0.07,-0.37,-0.25,-0.25,9.79,0.13875,0.0,0.0,0.0,,-1.0,,,
2024-11-27 23:14:30.060000+00:00,,,,,328.688,-1.438,1.438,,-79.75,-18.188,-12.25,-0.001,0.006,0.013,-0.87,0.16,9.43,-0.61,-0.07,-0.37,-0.25,-0.25,9.79,0.1675,0.0,0.0,0.0,,-1.0,,,
2024-11-27 23:14:31.038000+00:00,,,,,328.688,-1.438,1.438,,-79.75,-18.188,-12.25,-0.001,0.006,0.013,-0.87,0.16,9.43,-0.61,-0.07,-0.37,-0.25,-0.25,9.79,0.0025,0.0,0.0,0.0,,-1.0,,,
2024-11-27 23:14:32.060000+00:00,,,,,328.688,-1.438,1.438,,-79.75,-18.188,-12.25,-0.001,0.006,0.013,-0.87,0.16,9.43,-0.61,-0.07,-0.37,-0.25,-0.25,9.79,0.0,0.0,0.0,0.0,,-1.0,,,
2024-11-27 23:13:32.629000+00:00,,,,,328.688,-1.438,1.438,,-79.75,-18.188,-12.25,-0.001,0.006,0.013,-0.87,0.16,9.43,-0.61,-0.07,-0.37,-0.25,-0.25,9.79,0.0,0.0,0.0,0.0,,-1.0,,,
2024-11-27 23:13:33.633000+00:00,,,,,328.688,-1.438,1.438,,-79.75,-18.188,-12.25,-0.001,0.006,0.013,-0.87,0.16,9.43,-0.61,-0.07,-0.37,-0.25,-0.25,9.79,0.0,0.0,0.0,0.0,,-1.0,,,
2024-11-27 23:13:34.637000+00:00,,,,,328.688,-1.438,1.438,,-79.75,-18.188,-12.25,-0.001,0.006,0.013,-0.87,0.16,9.43,-0.61,-0.07,-0.37,-0.25,-0.25,9.79,0.0,1.25,0.0,0.0,,-1.0,,,
2024-11-27 23:13:35.640000+00:00,,,,,328.688,-1.438,1.438,,-79.75,-18.188,-12.25,-0.001,0.006,0.013,-0.87,0.16,9.43,-0.61,-0.07,-0.37,-0.25,-0.25,9.79,0.0,-1.25,0.0,0.0,,-1.0,,,
2024-11-27 23:13:36.644000+00:00,,,,,328.688,-1.438,1.438,,-79.75,-18.188,-12.25,-0.001,0.006,0.013,-0.87,0.16,9.43,-0.61,-0.07,-0.37,-0.25,-0.25,9.79,0.0,0.0,0.0,0.0,,-1.0,,,
2024-11-27 23:13:37.647000+00:00,,,,,328.688,-1.438,1.438,,-79.75,-18.188,-12.25,-0.001,0.006,0.013,-0.87,0.16,9.43,-0.61,-0.07,-0.37,-0.25,-0.25,9.79,0.0,-1.25,0.0,0.0,,-1.0,,,
2024-11-27 23:13:38.651000+00:00,,,,,328.688,-1.438,1.438,,-79.75,-18.188,-12.25,-0.001,0.006,0.013,-0.87,0.16,9.43,-0.61,-0.07,-0.37,-0.25,-0.25,9.79,0.0,0.0,0.0,0.0,,-1.0,,,
2024-11-27 23:13:39.655000+00:00,,,,,328.688,-1.438,1.438,,-79.75,-18.188,-12.25,-0.001,0.006,0.013,-0.87,0.16,9.43,-0.61,-0.07,-0.37,-0.25,-0.25,9.79,0.0,-1.25,0.0,0.0,,-1.0,,,
2024-11-27 23:13:40.659000+00:00,,,,,328.688,-1.438,1.438,,-79.75,-18.188,-12.25,-0.001,0.006,0.013,-0.87,0.16,9.43,-0.61,-0.07,-0.37,-0.25,-0.25,9.79,0.0,0.0,0.0,0.0,,-1.0,,,
2024-11-27 23:13:41.662000+00:00,,,,,328.688,-1.438,1.438,,-79.75,-18.188,-12.25,-0.001,0.006,0.013,-0.87,0.16,9.43,-0.61,-0.07,-0.37,-0.25,-0.25,9.79,0.0,1.25,0.0,0.0,,-1.0,,,
2024-11-27 23:13:42.666000+00:00,,,,,328.688,-1.438,1.438,,-79.75,-18.188,-12.25,-0.001,0.006,0.013,-0.87,0.16,9.43,-0.61,-0.07,-0.37,-0.25,-0.25,9.79,0.0,0.0,0.0,0.0,,-1.0,,,
2024-11-27 23:13:43.669000+00:00,,,,,328.688,-1.438,1.438,,-79.75,-18.188,-12.25,-0.001,0.006,0.013,-0.87,0.16,9.43,-0.61,-0.07,-0.37,-0.25,-0.25,9.79,0.0,0.0,0.0,0.0,,-1.0,,,
2024-11-27 23:13:44.673000+00:00,,,,,328.688,-1.438,1.438,,-79.75,-18.188,-12.25,-0.001,0.006,0.013,-0.87,0.16,9.43,-0.61,-0.07,-0.37,-0.25,-0.25,9.79,0.0,1.25,0.0,0.0,,-1.0,,,
2024-11-27 23:13:45.677000+00:00,,,,,328.688,-1.438,1.438,,-79.75,-18.188,-12.25,-0.001,0.006,0.013,-0.87,0.16,9.43,-0.61,-0.07,-0.37,-0.25,-0.25,9.79,0.0,-1.25,0.0,0.0,,-1.0,,,
2024-11-27 23:13:46.681000+00:00,,,,,328.688,-1.438,1.438,,-79.75,-18.188,-12.25,-0.001,0.006,0.013,-0.87,0.16,9.43,-0.61,-0.07,-0.37,-0.25,-0.25,9.79,0.0,0.0,0.0,0.0,,-1.0,,,
2024-11-27 23:13:47.684000+00:00,,,,,328.688,-1.438,1.438,,-79.75,-18.188,-12.25,-0.001,0.006,0.013,-0.87,0.16,9.43,-0.61,-0.07,-0.37,-0.25,-0.25,9.79,0.0,0.0,0.0,0.0,,-1.0,,,
2024-11-27 23:13:48.687000+00:00,,,,,328.688,-1.438,1.438,,-79.75,-18.188,-12.25,-0.001,0.006,0.013,-0.87,0.16,9.43,-0.61,-0.07,-0.37,-0.25,-0.25,9.79,0.0,1.25,0.0,0.0,,-1.0,,,
2024-11-27 23:13:49.692000+00:00,,,,,328.688,-1.438,1.438,,-79.75,-18.188,-12.25,-0.001,0.006,0.013,-0.87,0.16,9.43,-0.61,-0.07,-0.37,-0.25,-0.25,9.79,0.0,0.0,0.0,0.0,,-1.0,,,
2024-11-27 23:13:50.696000+00:00,,,,,328.688,-1.438,1.438,,-79.75,-18.188,-12.25,-0.001,0.006,0.013,-0.87,0.16,9.43,-0.61,-0.07,-0.37,-0.25,-0.25,9.79,0.0,0.0,0.0,0.0,,-1.0,,,
2024-11-27 23:13:51.699000+00:00,,,,,328.688,-1.438,1.438,,-79.75,-18.188,-12.25,-0.001,0.006,0.013,-0.87,0.16,9.43,-0.61,-0.07,-0.37,-0.25,-0.25,9.79,0.0,-1.25,0.0,0.0,,-1.0,,,
2024-11-27 23:13:52.702000+00:00,,,,,328.688,-1.438,1.438,,-79.75,-18.188,-12.25,-0.001,0.006,0.013,-0.87,0.16,9.43,-0.61,-0.07,-0.37,-0.25,-0.25,9.79,0.0,1.25,0.0,0.0,,-1.0,,,
2024-11-27 23:13:53.706000+00:00,,,,,328.688,-1.438,1.438,,-79.75,-18.188,-12.25,-0.001,0.006,0.013,-0.87,0.16,9.43,-0.61,-0.07,-0.37,-0.25,-0.25,9.79,0.0,0.0,0.0,0.0,,-1.0,,,
2024-11-27 23:13:54.710000+00:00,,,,,328.688,-1.438,1.438,,-79.75,-18.188,-12.25,-0.001,0.006,0.013,-0.87,0.16,9.43,-0.61,-0.07,-0.37,-0.25,-0.25,9.79,0.0,1.25,0.0,0.0,,-1.0,,,
2024-11-27 23:13:55.713000+00:00,,,,,328.688,-1.438,1.438,,-79.75,-18.188,-12.25,-0.001,0.006,0.013,-0.87,0.16,9.43,-0.61,-0.07,-0.37,-0.25,-0.25,9.79,0.0,0.0,0.0,0.0,,-1.0,,,
2024-11-27 23:13:56.717000+00:00,,,,,328.688,-1.438,1.438,,-79.75,-18.188,-12.25,-0.001,0.006,0.013,-0.87,0.16,9.43,-0.61,-0.07,-0.37,-0.25,-0.25,9.79,0.0,-1.25,0.0,0.0,,-1.0,,,
2024-11-27 23:13:57.720000+00:00,,,,,328.688,-1.438,1.438,,-79.75,-18.188,-12.25,-0.001,0.006,0.013,-0.87,0.16,9.43,-0.61,-0.07,-0.37,-0.25,-0.25,9.79,0.0,1.25,0.0,0.0,,-1.0,,,
2024-11-27 23:13:58.740000+00:00,,,,,328.688,-1.438,1.438,,-79.75,-18.188,-12.25,-0.001,0.006,0.013,-0.87,0.16,9.43,-0.61,-0.07,-0.37,-0.25,-0.25,9.79,0.0,-1.25,0.0,0.0,,-1.0,,,
2024-11-27 23:13:59.728000+00:00,,,,,328.688,-1.438,1.438,,-79.75,-18.188,-12.25,-0.001,0.006,0.013,-0.87,0.16,9.43,-0.61,-0.07,-0.37,-0.25,-0.25,9.79,0.0,0.0,0.0,0.0,,-1.0,,,
2024-11-27 23:14:00.732000+00:00,,,,,328.688,-1.438,1.438,,-79.75,-18.188,-12.25,-0.001,0.006,0.013,-0.87,0.16,9.43,-0.61,-0.07,-0.37,-0.25,-0.25,9.79,0.0,-1.25,0.0,0.0,,-1.0,,,
2024-11-27 23:14:01.736000+00:00,,,,,328.688,-1.438,1.438,,-79.75,-18.188,-12.25,-0.001,0.006,0.013,-0.87,0.16,9.43,-0.61,-0.07,-0.37,-0.25,-0.25,9.79,0.0,0.0,0.0,0.0,,-1.0,,,
2024-11-27 23:14:02.750000+00:00,,,,,328.688,-1.438,1.438,,-79.75,-18.188,-12.25,-0.001,0.006,0.013,-0.87,0.16,9.43,-0.61,-0.07,-0.37,-0.25,-0.25,9.79,0.0,0.0,0.0,0.0,,-1.0,,,
2024-11-27 23:14:03.794000+00:00,,,,,328.688,-1.438,1.438,,-79.75,-18.188,-12.25,-0.001,0.006,0.013,-0.87,0.16,9.43,-0.61,-0.07,-0.37,-0.25,-0.25,9.79,0.0,-1.25,0.0,0.0,,-1.0,,,
2024-11-27 23:14:04.761000+00:00,,,,,328.688,-1.438,1.438,,-79.75,-18.188,-12.25,-0.001,0.006,0.013,-0.87,0.16,9.43,-0.61,-0.07,-0.37,-0.25,-0.25,9.79,0.0,-1.25,0.0,0.0,,-1.0,,,
2024-11-27 23:14:05.781000+00:00,,,,,328.688,-1.438,1.438,,-79.75,-18.188,-12.25,-0.001,0.006,0.013,-0.87,0.16,9.43,-0.61,-0.07,-0.37,-0.25,-0.25,9.79,0.0,-2.5,0.0,0.0,,-1.0,,,
2024-11-27 23:14:06.812000+00:00,,,,,328.688,-1.438,1.438,,-79.75,-18.188,-12.25,-0.001,0.006,0.013,-0.87,0.16,9.43,-0.61,-0.07,-0.37,-0.25,-0.25,9.79,0.0,-1.25,0.0,0.0,,-1.0,,,
2024-11-27 23:14:07.790000+00:00,,,,,328.688,-1.438,1.438,,-79.75,-18.188,-12.25,-0.001,0.006,0.013,-0.87,0.16,9.43,-0.61,-0.07,-0.37,-0.25,-0.25,9.79,0.0,2.5,0.0,0.0,,-1.0,,,
2024-11-27 23:14:08.839000+00:00,,,,,328.688,-1.438,1.438,,-79.75,-18.188,-12.25,-0.001,0.006,0.013,-0.87,0.16,9.43,-0.61,-0.07,-0.37,-0.25,-0.25,9.79,0.0,-1.25,0.0,0.0,,-1.0,,,
2024-11-27 23:14:09.810000+00:00,,,,,328.688,-1.438,1.438,,-79.75,-18.188,-12.25,-0.001,0.006,0.013,-0.87,0.16,9.43,-0.61,-0.07,-0.37,-0.25,-0.25,9.79,0.0,0.0,0.0,0.0,,-1.0,,,
2024-11-27 23:14:10.799000+00:00,,,,,328.688,-1.438,1.438,,-79.75,-18.188,-12.25,-0.001,0.006,0.013,-0.87,0.16,9.43,-0.61,-0.07,-0.37,-0.25,-0.25,9.79,0.0,0.0,0.0,0.0,,-1.0,,,
2024-11-27 23:14:11.810000+00:00,,,,,328.688,-1.438,1.438,,-79.75,-18.188,-12.25,-0.001,0.006,0.013,-0.87,0.16,9.43,-0.61,-0.07,-0.37,-0.25,-0.25,9.79,0.0,0.0,0.0,0.0,,-1.0,,,
2024-11-27 23:14:12.819000+00:00,,,,,328.688,-1.438,1.438,,-79.75,-18.188,-12.25,-0.001,0.006,0.013,-0.87,0.16,9.43,-0.61,-0.07,-0.37,-0.25,-0.25,9.79,0.0,0.0,0.0,0.0,,-1.0,,,
2024-11-27 23:14:13.880000+00:00,,,,,328.688,-1.438,1.438,,-79.75,-18.188,-12.25,-0.001,0.006,0.013,-0.87,0.16,9.43,-0.61,-0.07,-0.37,-0.25,-0.25,9.79,0.0,0.0,0.0,0.0,,-1.0,,,
2024-11-27 23:14:14.841000+00:00,,,,,328.688,-1.438,1.438,,-79.75,-18.188,-12.25,-0.001,0.006,0.013,-0.87,0.16,9.43,-0.61,-0.07,-0.37,-0.25,-0.25,9.79,0.0,0.0,0.0,0.0,,-1.0,,,
2024-11-27 23:14:15.860000+00:00,,,,,328.688,-1.438,1.438,,-79.75,-18.188,-12.25,-0.001,0.006,0.013,-0.87,0.16,9.43,-0.61,-0.07,-0.37,-0.25,-0.25,9.79,0.0,-1.25,0.0,0.0,,-1.0,,,
2024-11-27 23:14:16.862000+00:00,,,,,328.688,-1.438,1.438,,-79.75,-18.188,-12.25,-0.001,0.006,0.013,-0.87,0.16,9.43,-0.61,-0.07,-0.37,-0.25,-0.25,9.79,0.0,-1.25,0.0,0.0,,-1.0,,,
2024-11-27 23:14:17.870000+00:00,,,,,328.688,-1.438,1.438,,-79.75,-18.188,-12.25,-0.001,0.006,0.013,-0.87,0.16,9.43,-0.61,-0.07,-0.37,-0.25,-0.25,9.79,0.0,0.0,0.0,0.0,,-1.0,,,
2024-11-27 23:14:18.900000+00:00,,,,,328.688,-1.438,1.438,,-79.75,-18.188,-12.25,-0.001,0.006,0.013,-0.87,0.16,9.43,-0.61,-0.07,-0.37,-0.25,-0.25,9.79,0.0,-1.25,0.0,0.0,,-1.0,,,
2024-11-27 23:14:19.899000+00:00,,,,,328.688,-1.438,1.438,,-79.75,-18.188,-12.25,-0.001,0.006,0.013,-0.87,0.16,9.43,-0.61,-0.07,-0.37,-0.25,-0.25,9.79,0.0,-1.25,0.0,0.0,,-1.0,,,
2024-11-27 23:14:20.900000+00:00,,,,,328.688,-1.438,1.438,,-79.75,-18.188,-12.25,-0.001,0.006,0.013,-0.87,0.16,9.43,-0.61,-0.07,-0.37,-0.25,-0.25,9.79,0.0,2.5,0.0,0.0,,-1.0,,,
2024-11-27 23:14:21.910000+00:00,,,,,328.688,-1.438,1.438,,-79.75,-18.188,-12.25,-0.001,0.006,0.013,-0.87,0.16,9.43,-0.61,-0.07,-0.37,-0.25,-0.25,9.79,0.0,1.25,0.0,0.0,,-1.0,,,
2024-11-27 23:14:22.918000+00:00,,,,,328.688,-1.438,1.438,,-79.75,-18.188,-12.25,-0.001,0.006,0.013,-0.87,0.16,9.43,-0.61,-0.07,-0.37,-0.25,-0.25,9.79,0.0,1.25,0.0,0.0,,-1.0,,,
2024-11-27 23:14:23.930000+00:00,,,,,328.688,-1.438,1.438,,-79.75,-18.188,-12.25,-0.001,0.006,0.013,-0.87,0.16,9.43,-0.61,-0.07,-0.37,-0.25,-0.25,9.79,0.0,0.0,0.0,0.0,,-1.0,,,
2024-11-27 23:14:24.939000+00:00,,,,,328.688,-1.438,1.438,,-79.75,-18.188,-12.25,-0.001,0.006,0.013,-0.87,0.16,9.43,-0.61,-0.07,-0.37,-0.25,-0.25,9.79,0.0,-1.25,0.0,0.0,,-1.0,,,
2024-11-27 23:14:25.949000+00:00,,,,,328.688,-1.438,1.438,,-79.75,-18.188,-12.25,-0.001,0.006,0.013,-0.87,0.16,9.43,-0.61,-0.07,-0.37,-0.25,-0.25,9.79,0.0,1.25,0.0,0.0,,-1.0,,,
2024-11-27 23:14:26.948000+00:00,,,,,328.688,-1.438,1.438,,-79.75,-18.188,-12.25,-0.001,0.006,0.013,-0.87,0.16,9.43,-0.61,-0.07,-0.37,-0.25,-0.25,9.79,0.0,0.0,0.0,0.0,,-1.0,,,
2024-11-27 23:14:27.960000+00:00,,,,,328.688,-1.438,1.438,,-79.75,-18.188,-12.25,-0.001,0.006,0.013,-0.87,0.16,9.43,-0.61,-0.07,-0.37,-0.25,-0.25,9.79,0.0,0.0,0.0,0.0,,-1.0,,,
2024-11-27 23:14:29.029000+00:00,,,,,328.688,-1.438,1.438,,-79.75,-18.188,-12.25,-0.001,0.006,0.013,-0.87,0.16,9.43,-0.61,-0.07,-0.37,-0.25,-0.25,9.79,0.0,-2.5,0.0,0.0,,-1.0,,,
2024-11-27 23:14:30.010000+00:00,,,,,328.688,-1.438,1.438,,-79.75,-18.188,-12.25,-0.001,0.006,0.013,-0.87,0.16,9.43,-0.61,-0.07,-0.37,-0.25,-0.25,9.79,0.0,-2.5,0.0,0.0,,-1.0,,,
2024-11-27 23:14:30.988000+00:00,,,,,328.688,-1.438,1.438,,-79.75,-18.188,-12.25,-0.001,0.006,0.013,-0.87,0.16,9.43,-0.61,-0.07,-0.37,-0.25,-0.25,9.79,0.0,0.0,0.0,0.0,,-1.0,,,
2024-11-27 23:14:32.008000+00:00,,,,,328.688,-1.438,1.438,,-79.75,-18.188,-12.25,-0.001,0.006,0.013,-0.87,0.16,9.43,-0.61,-0.07,-0.37,-0.25,-0.25,9.79,0.0,-1.25,0.0,0.0,,-1.0,,,
2024-11-27 23:13:32.740000+00:00,,,,,328.688,-1.438,1.438,,-79.75,-18.188,-12.25,-0.001,0.006,0.013,-0.87,0.16,9.43,-0.61,-0.07,-0.37,-0.25,-0.25,9.79,0.0,-1.25,0.0,0.0,,-1.0,,,
2024-11-27 23:13:33.731000+00:00,,,,,328.688,-1.438,1.438,,-79.75,-18.188,-12.25,-0.001,0.006,0.013,-0.87,0.16,9.43,-0.61,-0.07,-0.37,-0.25,-0.25,9.79,0.0,-1.25,0.0,0.0,,-1.0,,,
2024-11-27 23:13:34.733000+00:00,,,,,328.688,-1.438,1.438,,-79.75,-18.188,-12.25,-0.001,0.006,0.013,-0.87,0.16,9.43,-0.61,-0.07,-0.37,-0.25,-0.25,9.79,0.0,-1.25,0.0,0.0,,-1.0,,,
2024-11-27 23:13:35.742000+00:00,,,,,328.688,-1.438,1.438,,-79.75,-18.188,-12.25,-0.001,0.006,0.013,-0.87,0.16,9.43,-0.61,-0.07,-0.37,-0.25,-0.25,9.79,0.0,-1.25,0.0,0.0,,-1.0,,,
2024-11-27 23:13:36.743000+00:00,,,,,328.688,-1.438,1.438,,-79.75,-18.188,-12.25,-0.001,0.006,0.013,-0.87,0.16,9.43,-0.61,-0.07,-0.37,-0.25,-0.25,9.79,0.0,-1.25,0.0,0.0,,-1.0,,,
2024-11-27 23:13:37.751000+00:00,,,,,328.688,-1.438,1.438,,-79.75,-18.188,-12.25,-0.001,0.006,0.013,-0.87,0.16,9.43,-0.61,-0.07,-0.37,-0.25,-0.25,9.79,0.0,-1.25,0.0,0.0,,-1.0,,,
2024-11-27 23:13:38.751000+00:00,,,,,328.688,-1.438,1.438,,-79.75,-18.188,-12.25,-0.001,0.006,0.013,-0.87,0.16,9.43,-0.61,-0.07,-0.37,-0.25,-0.25,9.79,0.0,-1.25,0.0,0.0,,-1.0,,,
2024-11-27 23:13:39.750000+00:00,,,,,328.688,-1.438,1.438,,-79.75,-18.188,-12.25,-0.001,0.006,0.013,-0.87,0.16,9.43,-0.61,-0.07,-0.37,-0.25,-0.25,9.79,0.0,-1.25,0.0,0.0,,-1.0,,,
2024-11-27 23:13:40.764000+00:00,,,,,328.688,-1.438,1.438,,-79.75,-18.188,-12.25,-0.001,0.006,0.013,-0.87,0.16,9.43,-0.61,-0.07,-0.37,-0.25,-0.25,9.79,0.0,-1.25,0.0,0.0,,-1.0,,,
2024-11-27 23:13:41.761000+00:00,,,,,328.688,-1.438,1.438,,-79.75,-18.188,-12.25,-0.001,0.006,0.013,-0.87,0.16,9.43,-0.61,-0.07,-0.37,-0.25,-0.25,9.79,0.0,-1.25,0.0,0.0,,-1.0,,,
2024-11-27 23:13:42.762000+00:00,,,,,328.688,-1.438,1.438,,-79.75,-18.188,-12.25,-0.001,0.006,0.013,-0.87,0.16,9.43,-0.61,-0.07,-0.37,-0.25,-0.25,9.79,0.0,-1.25,0.0,0.0,,-1.0,,,
2024-11-27 23:13:43.771000+00:00,,,,,328.688,-1.438,1.438,,-79.75,-18.188,-12.25,-0.001,0.006,0.013,-0.87,0.16,9.43,-0.61,-0.07,-0.37,-0.25,-0.25,9.79,0.0,-1.25,0.0,0.0,,-1.0,,,
2024-11-27 23:13:44.771000+00:00,,,,,328.688,-1.438,1.438,,-79.75,-18.188,-12.25,-0.001,0.006,0.013,-0.87,0.16,9.43,-0.61,-0.07,-0.37,-0.25,-0.25,9.79,0.0,-1.25,0.0,0.0,,-1.0,,,
2024-11-27 23:13:45.781000+00:00,,,,,328.688,-1.438,1.438,,-79.75,-18.188,-12.25,-0.001,0.006,0.013,-0.87,0.16,9.43,-0.61,-0.07,-0.37,-0.25,-0.25,9.79,0.0,-1.25,0.0,0.0,,-1.0,,,
2024-11-27 23:13:46.780000+00:00,,,,,328.688,-1.438,1.438,,-79.75,-18.188,-12.25,-0.001,0.006,0.013,-0.87,0.16,9.43,-0.61,-0.07,-0.37,-0.25,-0.25,9.79,0.0,-1.25,0.0,0.0,,-1.0,,,
2024-11-27 23:13:47.781000+00:00,,,,,328.688,-1.438,1.438,,-79.75,-18.188,-12.25,-0.001,0.006,0.013,-0.87,0.16,9.43,-0.61,-0.07,-0.37,-0.25,-0.25,9.79,0.0,-1.25,0.0,0.0,,-1.0,,,
2024-11-27 23:13:48.790000+00:00,,,,,328.688,-1.438,1.438,,-79.75,-18.188,-12.25,-0.001,0.006,0.013,-0.87,0.16,9.43,-0.61,-0.07,-0.37,-0.25,-0.25,9.79,0.0,-1.25,0.0,0.0,,-1.0,,,
2024-11-27 23:13:49.790000+00:00,,,,,328.688,-1.438,1.438,,-79.75,-18.188,-12.25,-0.001,0.006,0.013,-0.87,0.16,9.43,-0.61,-0.07,-0.37,-0.25,-0.25,9.79,0.0,-1.25,0.0,0.0,,-1.0,,,
2024-11-27 23:13:50.791000+00:00,,,,,328.688,-1.438,1.438,,-79.75,-18.188,-12.25,-0.001,0.006,0.013,-0.87,0.16,9.43,-0.61,-0.07,-0.37,-0.25,-0.25,9.79,0.0,-1.25,0.0,0.0,,-1.0,,,
2024-11-27 23:13:51.800000+00:00,,,,,328.688,-1.438,1.438,,-79.75,-18.188,-12.25,-0.001,0.006,0.013,-0.87,0.16,9.43,-0.61,-0.07,-0.37,-0.25,-0.25,9.79,0.0,-1.25,0.0,0.0,,-1.0,,,
2024-11-27 23:13:52.799000+00:00,,,,,328.688,-1.438,1.438,,-79.75,-18.188,-12.25,-0.001,0.006,0.013,-0.87,0.16,9.43,-0.61,-0.07,-0.37,-0.25,-0.25,9.79,0.0,-1.25,0.0,0.0,,-1.0,,,
2024-11-27 23:13:53.801000+00:00,,,,,328.688,-1.438,1.438,,-79.75,-18.188,-12.25,-0.001,0.006,0.013,-0.87,0.16,9.43,-0.61,-0.07,-0.37,-0.25,-0.25,9.79,0.0,-1.25,0.0,0.0,,-1.0,,,
2024-11-27 23:13:54.812000+00:00,,,,,328.688,-1.438,1.438,,-79.75,-18.188,-12.25,-0.001,0.006,0.013,-0.87,0.16,9.43,-0.61,-0.07,-0.37,-0.25,-0.25,9.79,0.0,-1.25,0.0,0.0,,-1.0,,,
2024-11-27 23:13:55.811000+00:00,,,,,328.688,-1.438,1.438,,-79.75,-18.188,-12.25,-0.001,0.006,0.013,-0.87,0.16,9.43,-0.61,-0.07,-0.37,-0.25,-0.25,9.79,0.0,-1.25,0.0,0.0,,-1.0,,,
2024-11-27 23:13:56.821000+00:00,,,,,328.688,-1.438,1.438,,-79.75,-18.188,-12.25,-0.001,0.006,0.013,-0.87,0.16,9.43,-0.61,-0.07,-0.37,-0.25,-0.25,9.79,0.0,-1.25,0.0,0.0,,-1.0,,,
2024-11-27 23:13:57.821000+00:00,,,,,328.688,-1.438,1.438,,-79.75,-18.188,-12.25,-0.001,0.006,0.013,-0.87,0.16,9.43,-0.61,-0.07,-0.37,-0.25,-0.25,9.79,0.0,-1.25,0.0,0.0,,-1.0,,,
2024-11-27 23:13:58.842000+00:00,,,,,328.688,-1.438,1.438,,-79.75,-18.188,-12.25,-0.001,0.006,0.013,-0.87,0.16,9.43,-0.61,-0.07,-0.37,-0.25,-0.25,9.79,0.0,-1.25,0.0,0.0,,-1.0,,,
2024-11-27 23:13:59.830000+00:00,,,,,328.688,-1.438,1.438,,-79.75,-18.188,-12.25,-0.001,0.006,0.013,-0.87,0.16,9.43,-0.61,-0.07,-0.37,-0.25,-0.25,9.79,0.0,-1.25,0.0,0.0,,-1.0,,,
2024-11-27 23:14:00.832000+00:00,,,,,328.688,-1.438,1.438,,-79.75,-18.188,-12.25,-0.001,0.006,0.013,-0.87,0.16,9.43,-0.61,-0.07,-0.37,-0.25,-0.25,9.79,0.0,-1.25,0.0,0.0,,-1.0,,,
2024-11-27 23:14:01.831000+00:00,,,,,328.688,-1.438,1.438,,-79.75,-18.188,-12.25,-0.001,0.006,0.013,-0.87,0.16,9.43,-0.61,-0.07,-0.37,-0.25,-0.25,9.79,0.0,-1.25,0.0,0.0,,-1.0,,,
2024-11-27 23:14:02.849000+00:00,,,,,328.688,-1.438,1.438,,-79.75,-18.188,-12.25,-0.001,0.006,0.013,-0.87,0.16,9.43,-0.61,-0.07,-0.37,-0.25,-0.25,9.79,0.0,-1.25,0.0,0.0,,-1.0,,,
2024-11-27 23:14:03.892000+00:00,,,,,328.688,-1.438,1.438,,-79.75,-18.188,-12.25,-0.001,0.006,0.013,-0.87,0.16,9.43,-0.61,-0.07,-0.37,-0.25,-0.25,9.79,0.0,-1.25,0.0,0.0,,-1.0,,,
2024-11-27 23:14:04.863000+00:00,,,,,328.688,-1.438,1.438,,-79.75,-18.188,-12.25,-0.001,0.006,0.013,-0.87,0.16,9.43,-0.61,-0.07,-0.37,-0.25,-0.25,9.79,0.0,-1.25,0.0,0.0,,-1.0,,,
2024-11-27 23:14:05.880000+00:00,,,,,328.688,-1.438,1.438,,-79.75,-18.188,-12.25,-0.001,0.006,0.013,-0.87,0.16,9.43,-0.61,-0.07,-0.37,-0.25,-0.25,9.79,0.0,-1.25,0.0,0.0,,-1.0,,,
2024-11-27 23:14:06.911000+00:00,,,,,328.688,-1.438,1.438,,-79.75,-18.188,-12.25,-0.001,0.006,0.013,-0.87,0.16,9.43,-0.61,-0.07,-0.37,-0.25,-0.25,9.79,0.0,-1.25,0.0,0.0,,-1.0,,,
2024-11-27 23:14:07.890000+00:00,,,,,328.688,-1.438,1.438,,-79.75,-18.188,-12.25,-0.001,0.006,0.013,-0.87,0.16,9.43,-0.61,-0.07,-0.37,-0.25,-0.25,9.79,0.0,-1.25,0.0,0.0,,-1.0,,,
2024-11-27 23:14:08.942000+00:00,,,,,328.688,-1.438,1.438,,-79.75,-18.188,-12.25,-0.001,0.006,0.013,-0.87,0.16,9.43,-0.61,-0.07,-0.37,-0.25,-0.25,9.79,0.0,-1.25,0.0,0.0,,-1.0,,,
2024-11-27 23:14:09.912000+00:00,,,,,328.688,-1.438,1.438,,-79.75,-18.188,-12.25,-0.001,0.006,0.013,-0.87,0.16,9.43,-0.61,-0.07,-0.37,-0.25,-0.25,9.79,0.0,-1.25,0.0,0.0,,-1.0,,,
2024-11-27 23:14:10.900000+00:00,,,,,328.688,-1.438,1.438,,-79.75,-18.188,-12.25,-0.001,0.006,0.013,-0.87,0.16,9.43,-0.61,-0.07,-0.37,-0.25,-0.25,9.79,0.0,-1.25,0.0,0.0,,-1.0,,,
2024-11-27 23:14:11.910000+00:00,,,,,328.688,-1.438,1.438,,-79.75,-18.188,-12.25,-0.001,0.006,0.013,-0.87,0.16,9.43,-0.61,-0.07,-0.37,-0.25,-0.25,9.79,0.0,-1.25,0.0,0.0,,-1.0,,,
2024-11-27 23:14:12.920000+00:00,,,,,328.688,-1.438,1.438,,-79.75,-18.188,-12.25,-0.001,0.006,0.013,-0.87,0.16,9.43,-0.61,-0.07,-0.37,-0.25,-0.25,9.79,0.0,-1.25,0.0,0.0,,-1.0,,,
2024-11-27 23:14:13.990000+00:00,,,,,328.688,-1.438,1.438,,-79.75,-18.188,-12.25,-0.001,0.006,0.013,-0.87,0.16,9.43,-0.61,-0.07,-0.37,-0.25,-0.25,9.79,0.0,-1.25,0.0,0.0,,-1.0,,,
2024-11-27 23:14:14.939000+00:00,,,,,328.688,-1.438,1.438,,-79.75,-18.188,-12.25,-0.001,0.006,0.013,-0.87,0.16,9.43,-0.61,-0.07,-0.37,-0.25,-0.25,9.79,0.0,-1.25,0.0,0.0,,-1.0,,,
2024-11-27 23:14:15.961000+00:00,,,,,328.688,-1.438,1.438,,-79.75,-18.188,-12.25,-0.001,0.006,0.013,-0.87,0.16,9.43,-0.61,-0.07,-0.37,-0.25,-0.25,9.79,0.0,-1.25,0.0,0.0,,-1.0,,,
2024-11-27 23:14:16.960000+00:00,,,,,328.688,-1.438,1.438,,-79.75,-18.188,-12.25,-0.001,0.006,0.013,-0.87,0.16,9.43,-0.61,-0.07,-0.37,-0.25,-0.25,9.79,0.0,-1.25,0.0,0.0,,-1.0,,,
2024-11-27 23:14:17.970000+00:00,,,,,328.688,-1.438,1.438,,-79.75,-18.188,-12.25,-0.001,0.006,0.013,-0.87,0.16,9.43,-0.61,-0.07,-0.37,-0.25,-0.25,9.79,0.0,-1.25,0.0,0.0,,-1.0,,,
2024-11-27 23:14:19+00:00,,,,,328.688,-1.438,1.438,,-79.75,-18.188,-12.25,-0.001,0.006,0.013,-0.87,0.16,9.43,-0.61,-0.07,-0.37,-0.25,-0.25,9.79,0.0,-1.25,0.0,0.0,,-1.0,,,
2024-11-27 23:14:19.999000+00:00,,,,,328.688,-1.438,1.438,,-79.75,-18.188,-12.25,-0.001,0.006,0.013,-0.87,0.16,9.43,-0.61,-0.07,-0.37,-0.25,-0.25,9.79,0.0,-1.25,0.0,0.0,,-1.0,,,
2024-11-27 23:14:21+00:00,,,,,328.688,-1.438,1.438,,-79.75,-18.188,-12.25,-0.001,0.006,0.013,-0.87,0.16,9.43,-0.61,-0.07,-0.37,-0.25,-0.25,9.79,0.0,-1.25,0.0,0.0,,-1.0,,,
2024-11-27 23:14:22.009000+00:00,,,,,328.688,-1.438,1.438,,-79.75,-18.188,-12.25,-0.001,0.006,0.013,-0.87,0.16,9.43,-0.61,-0.07,-0.37,-0.25,-0.25,9.79,0.0,-1.25,0.0,0.0,,-1.0,,,
2024-11-27 23:14:23.019000+00:00,,,,,328.688,-1.438,1.438,,-79.75,-18.188,-12.25,-0.001,0.006,0.013,-0.87,0.16,9.43,-0.61,-0.07,-0.37,-0.25,-0.25,9.79,0.0,-1.25,0.0,0.0,,-1.0,,,
2024-11-27 23:14:24.029000+00:00,,,,,328.688,-1.438,1.438,,-79.75,-18.188,-12.25,-0.001,0.006,0.013,-0.87,0.16,9.43,-0.61,-0.07,-0.37,-0.25,-0.25,9.79,0.0,-1.25,0.0,0.0,,-1.0,,,
2024-11-27 23:14:25.039000+00:00,,,,,328.688,-1.438,1.438,,-79.75,-18.188,-12.25,-0.001,0.006,0.013,-0.87,0.16,9.43,-0.61,-0.07,-0.37,-0.25,-0.25,9.79,0.0,-1.25,0.0,0.0,,-1.0,,,
2024-11-27 23:14:26.049000+00:00,,,,,328.688,-1.438,1.438,,-79.75,-18.188,-12.25,-0.001,0.006,0.013,-0.87,0.16,9.43,-0.61,-0.07,-0.37,-0.25,-0.25,9.79,0.0,-1.25,0.0,0.0,,-1.0,,,
2024-11-27 23:14:27.048000+00:00,,,,,328.688,-1.438,1.438,,-79.75,-18.188,-12.25,-0.001,0.006,0.013,-0.87,0.16,9.43,-0.61,-0.07,-0.37,-0.25,-0.25,9.79,0.0,-1.25,0.0,0.0,,-1.0,,,
2024-11-27 23:14:28.059000+00:00,,,,,328.688,-1.438,1.438,,-79.75,-18.188,-12.25,-0.001,0.006,0.013,-0.87,0.16,9.43,-0.61,-0.07,-0.37,-0.25,-0.25,9.79,0.0,-1.25,0.0,0.0,,-1.0,,,
2024-11-27 23:14:29.128000+00:00,,,,,328.688,-1.438,1.438,,-79.75,-18.188,-12.25,-0.001,0.006,0.013,-0.87,0.16,9.43,-0.61,-0.07,-0.37,-0.25,-0.25,9.79,0.0,-1.25,0.0,0.0,,-1.0,,,
2024-11-27 23:14:30.110000+00:00,,,,,328.688,-1.438,1.438,,-79.75,-18.188,-12.25,-0.001,0.006,0.013,-0.87,0.16,9.43,-0.61,-0.07,-0.37,-0.25,-0.25,9.79,0.0,-1.25,0.0,0.0,,-1.0,,,
2024-11-27 23:14:31.088000+00:00,,,,,328.688,-1.438,1.438,,-79.75,-18.188,-12.25,-0.001,0.006,0.013,-0.87,0.16,9.43,-0.61,-0.07,-0.37,-0.25,-0.25,9.79,0.0,-1.25,0.0,0.0,,-1.0,,,
2024-11-27 23:14:32.108000+00:00,,,,,328.688,-1.438,1.438,,-79.75,-18.188,-12.25,-0.001,0.006,0.013,-0.87,0.16,9.43,-0.61,-0.07,-0.37,-0.25,-0.25,9.79,0.0,-1.25,0.0,0.0,,-1.0,,,
2024-11-27 23:13:33.549000+00:00,,,,,328.688,-1.438,1.438,,-79.75,-18.188,-12.25,-0.001,0.006,0.013,-0.87,0.16,9.43,-0.61,-0.07,-0.37,-0.25,-0.25,9.79,0.0,-1.25,0.0,0.0,,-1.0,,,
2024-11-27 23:13:38.549000+00:00,,,,,328.688,-1.438,1.438,,-79.75,-18.188,-12.25,-0.001,0.006,0.013,-0.87,0.16,9.43,-0.61,-0.07,-0.37,-0.25,-0.25,9.79,0.0,-1.25,0.0,0.0,,-1.0,,,
2024-11-27 23:13:43.550000+00:00,,,,,328.688,-1.438,1.438,,-79.75,-18.188,-12.25,-0.001,0.006,0.013,-0.87,0.16,9.43,-0.61,-0.07,-0.37,-0.25,-0.25,9.79,0.0,-1.25,0.0,0.0,,-1.0,,,
2024-11-27 23:13:48.601000+00:00,,,,,328.688,-1.438,1.438,,-79.75,-18.188,-12.25,-0.001,0.006,0.013,-0.87,0.16,9.43,-0.61,-0.07,-0.37,-0.25,-0.25,9.79,0.0,-1.25,0.0,0.0,,-1.0,,,
2024-11-27 23:13:53.641000+00:00,,,,,328.688,-1.438,1.438,,-79.75,-18.188,-12.25,-0.001,0.006,0.013,-0.87,0.16,9.43,-0.61,-0.07,-0.37,-0.25,-0.25,9.79,0.0,-1.25,0.0,0.0,,-1.0,,,
2024-11-27 23:13:58.691000+00:00,,,,,328.688,-1.438,1.438,,-79.75,-18.188,-12.25,-0.001,0.006,0.013,-0.87,0.16,9.43,-0.61,-0.07,-0.37,-0.25,-0.25,9.79,0.0,-1.25,0.0,0.0,,-1.0,,,
2024-11-27 23:14:03.740000+00:00,,,,,328.688,-1.438,1.438,,-79.75,-18.188,-12.25,-0.001,0.006,0.013,-0.87,0.16,9.43,-0.61,-0.07,-0.37,-0.25,-0.25,9.79,0.0,-1.25,0.0,0.0,,-1.0,,,
2024-11-27 23:14:08.790000+00:00,,,,,328.688,-1.438,1.438,,-79.75,-18.188,-12.25,-0.001,0.006,0.013,-0.87,0.16,9.43,-0.61,-0.07,-0.37,-0.25,-0.25,9.79,0.0,-1.25,0.0,0.0,,-1.0,,,
2024-11-27 23:14:13.831000+00:00,,,,,328.688,-1.438,1.438,,-79.75,-18.188,-12.25,-0.001,0.006,0.013,-0.87,0.16,9.43,-0.61,-0.07,-0.37,-0.25,-0.25,9.79,0.0,-1.25,0.0,0.0,,-1.0,,,
2024-11-27 23:14:18.551000+00:00,,,,,328.688,-1.438,1.438,,-79.75,-18.188,-12.25,-0.001,0.006,0.013,-0.87,0.16,9.43,-0.61,-0.07,-0.37,-0.25,-0.25,9.79,0.0,-1.25,0.0,0.0,,-1.0,,,
2024-11-27 23:14:23.551000+00:00,,,,,328.688,-1.438,1.438,,-79.75,-18.188,-12.25,-0.001,0.006,0.013,-0.87,0.16,9.43,-0.61,-0.07,-0.37,-0.25,-0.25,9.79,0.0,-1.25,0.0,0.0,,-1.0,,,
2024-11-27 23:14:28.551000+00:00,,,,,328.688,-1.438,1.438,,-79.75,-18.188,-12.25,-0.001,0.006,0.013,-0.87,0.16,9.43,-0.61,-0.07,-0.37,-0.25,-0.25,9.79,0.0,-1.25,0.0,0.0,,-1.0,,,
2024-11-27 23:13:44.614000+00:00,,,,,328.688,-1.438,1.438,,-79.75,-18.188,-12.25,-0.001,0.006,0.013,-0.87,0.16,9.43,-0.61,-0.07,-0.37,-0.25,-0.25,9.79,0.0,-1.25,0.0,0.0,,-1.0,,,
2024-11-27 23:14:06.760000+00:00,,,,,328.688,-1.438,1.438,,-79.75,-18.188,-12.25,-0.001,0.006,0.013,-0.87,0.16,9.43,-0.61,-0.07,-0.37,-0.25,-0.25,9.79,0.0,-1.25,0.0,0.0,,-1.0,,,
2024-11-27 23:14:28.979000+00:00,,,,,328.688,-1.438,1.438,,-79.75,-18.188,-12.25,-0.001,0.006,0.013,-0.87,0.16,9.43,-0.61,-0.07,-0.37,-0.25,-0.25,9.79,0.0,-1.25,0.0,0.0,,-1.0,,,
