timestamp,rpm_value,orientation_heading,orientation_roll,orientation_pitch,temperature_temp_c,magnetometer_mx,magnetometer_my,magnetometer_mz,gyroscope_gx,gyroscope_gy,gyroscope_gz,accelerometer_ax,accelerometer_ay,accelerometer_az,linear_acceleration_lx,linear_acceleration_ly,linear_acceleration_lz,gravity_grx,gravity_gry,gravity_grz,voltage_value,current_value,power_value,servo_value,weatherstation_speed,weatherstation_direction,weatherstation_humidity,weatherstation_pressure,weatherstation_altitude
2025-04-10 18:52:41.966354+00:00,0,,,,,,,,,,,,,,,,,,,,,,,,,,,,
2025-04-10 18:52:51.982473+00:00,0,,,,,,,,,,,,,,,,,,,,,,,,,,,,
2025-04-10 18:53:01.996938+00:00,0,,,,,,,,,,,,,,,,,,,,,,,,,,,,
2025-04-10 18:53:12.001345+00:00,0,,,,,,,,,,,,,,,,,,,,,,,,,,,,
2025-04-10 18:53:22.021022+00:00,0,,,,,,,,,,,,,,,,,,,,,,,,,,,,
2025-04-10 18:53:32.039076+00:00,0,,,,,,,,,,,,,,,,,,,,,,,,,,,,
2025-04-10 18:52:36.797000+00:00,,342.5,-2.25,-1.5625,,,,,,,,,,,,,,,,,,,,,,,,,
2025-04-10 18:52:37.842000+00:00,,342.5625,-2.25,-1.5625,,,,,,,,,,,,,,,,,,,,,,,,,
2025-04-10 18:52:38.892000+00:00,,342.5625,-2.25,-1.5625,,,,,,,,,,,,,,,,,,,,,,,,,
2025-04-10 18:52:39.938000+00:00,,342.5,-2.25,-1.5,,,,,,,,,,,,,,,,,,,,,,,,,
2025-04-10 18:52:40.987000+00:00,,342.5,-2.1875,-1.5625,,,,,,,,,,,,,,,,,,,,,,,,,
2025-04-10 18:52:42.033000+00:00,,342.5,-2.25,-1.5625,,,,,,,,,,,,,,,,,,,,,,,,,
2025-04-10 18:52:43.065000+00:00,,342.375,-2.375,-1.6875,,,,,,,,,,,,,,,,,,,,,,,,,
2025-04-10 18:52:44.116000+00:00,,342.375,-2.3125,-1.625,,,,,,,,,,,,,,,,,,,,,,,,,
2025-04-10 18:52:45.167000+00:00,,342.3125,-2.4375,-1.5,,,,,,,,,,,,,,,,,,,,,,,,,
2025-04-10 18:52:46.208000+00:00,,342.3125,-2.3125,-1.5,,,,,,,,,,,,,,,,,,,,,,,,,
2025-04-10 18:52:47.251000+00:00,,342.3125,-2.375,-1.5625,,,,,,,,,,,,,,,,,,,,,,,,,
2025-04-10 18:52:48.299000+00:00,,342.3125,-2.25,-1.5,,,,,,,,,,,,,,,,,,,,,,,,,
2025-04-10 18:52:49.344000+00:00,,342.25,-2.1875,-1.5625,,,,,,,,,,,,,,,,,,,,,,,,,
2025-04-10 18:52:50.393000+00:00,,342.25,-2.125,-1.5625,,,,,,,,,,,,,,,,,,,,,,,,,
2025-04-10 18:52:51.439000+00:00,,342.25,-2.125,-1.5,,,,,,,,,,,,,,,,,,,,,,,,,
2025-04-10 18:52:52.488000+00:00,,342.25,-2.25,-1.4375,,,,,,,,,,,,,,,,,,,,,,,,,
2025-04-10 18:52:53.536000+00:00,,342.25,-2.1875,-1.5,,,,,,,,,,,,,,,,,,,,,,,,,
2025-04-10 18:52:54.583000+00:00,,342.1875,-2.25,-1.5,,,,,,,,,,,,,,,,,,,,,,,,,
2025-04-10 18:52:55.618000+00:00,,342.1875,-2.375,-1.5,,,,,,,,,,,,,,,,,,,,,,,,,
2025-04-10 18:52:56.663000+00:00,,342.1875,-2.3125,-1.5,,,,,,,,,,,,,,,,,,,,,,,,,
2025-04-10 18:52:57.712000+00:00,,342.1875,-2.25,-1.5625,,,,,,,,,,,,,,,,,,,,,,,,,
2025-04-10 18:52:58.746000+00:00,,342.25,-2.3125,-1.5625,,,,,,,,,,,,,,,,,,,,,,,,,
2025-04-10 18:52:59.792000+00:00,,342.1875,-2.1875,-1.5625,,,,,,,,,,,,,,,,,,,,,,,,,
2025-04-10 18:53:00.839000+00:00,,342.125,-2.1875,-1.5625,,,,,,,,,,,,,,,,,,,,,,,,,
2025-04-10 18:53:01.872000+00:00,,342.125,-2.3125,-1.5625,,,,,,,,,,,,,,,,,,,,,,,,,
2025-04-10 18:53:02.917000+00:00,,342,-2.25,-1.5,,,,,,,,,,,,,,,,,,,,,,,,,
2025-04-10 18:53:03.967000+00:00,,342,-2.25,-1.5625,,,,,,,,,,,,,,,,,,,,,,,,,
2025-04-10 18:53:05.010000+00:00,,341.875,-2.1875,-1.5,,,,,,,,,,,,,,,,,,,,,,,,,
2025-04-10 18:53:06.060000+00:00,,341.875,-2.25,-1.4375,,,,,,,,,,,,,,,,,,,,,,,,,
2025-04-10 18:53:07.111000+00:00,,341.875,-2.1875,-1.4375,,,,,,,,,,,,,,,,,,,,,,,,,
2025-04-10 18:53:08.161000+00:00,,341.9375,-2.1875,-1.5,,,,,,,,,,,,,,,,,,,,,,,,,
2025-04-10 18:53:09.210000+00:00,,341.8125,-2.1875,-1.5,,,,,,,,,,,,,,,,,,,,,,,,,
2025-04-10 18:53:10.245000+00:00,,341.8125,-2.125,-1.5625,,,,,,,,,,,,,,,,,,,,,,,,,
2025-04-10 18:53:11.280000+00:00,,341.8125,-2.3125,-1.5625,,,,,,,,,,,,,,,,,,,,,,,,,
2025-04-10 18:53:12.313000+00:00,,341.75,-2.375,-1.625,,,,,,,,,,,,,,,,,,,,,,,,,
2025-04-10 18:53:13.350000+00:00,,341.75,-2.3125,-1.5,,,,,,,,,,,,,,,,,,,,,,,,,
2025-04-10 18:53:14.386000+00:00,,341.75,-2.3125,-1.5,,,,,,,,,,,,,,,,,,,,,,,,,
2025-04-10 18:53:15.424000+00:00,,341.75,-2.25,-1.5,,,,,,,,,,,,,,,,,,,,,,,,,
2025-04-10 18:53:16.463000+00:00,,341.75,-2.4375,-1.5625,,,,,,,,,,,,,,,,,,,,,,,,,
2025-04-10 18:53:17.513000+00:00,,341.75,-2.5,-1.5,,,,,,,,,,,,,,,,,,,,,,,,,
2025-04-10 18:53:18.559000+00:00,,341.75,-2.4375,-1.5625,,,,,,,,,,,,,,,,,,,,,,,,,
2025-04-10 18:53:19.603000+00:00,,341.6875,-2.375,-1.5,,,,,,,,,,,,,,,,,,,,,,,,,
2025-04-10 18:53:20.654000+00:00,,341.625,-2.25,-1.5,,,,,,,,,,,,,,,,,,,,,,,,,
2025-04-10 18:53:21.700000+00:00,,341.6875,-2.3125,-1.5,,,,,,,,,,,,,,,,,,,,,,,,,
2025-04-10 18:53:22.737000+00:00,,341.625,-2.25,-1.5,,,,,,,,,,,,,,,,,,,,,,,,,
2025-04-10 18:53:23.785000+00:00,,341.625,-2.3125,-1.5,,,,,,,,,,,,,,,,,,,,,,,,,
2025-04-10 18:53:24.834000+00:00,,341.625,-2.3125,-1.5,,,,,,,,,,,,,,,,,,,,,,,,,
2025-04-10 18:53:25.880000+00:00,,341.5625,-2.3125,-1.5,,,,,,,,,,,,,,,,,,,,,,,,,
2025-04-10 18:53:26.931000+00:00,,341.5,-2.3125,-1.5,,,,,,,,,,,,,,,,,,,,,,,,,
2025-04-10 18:53:27.981000+00:00,,341.5,-2.25,-1.4375,,,,,,,,,,,,,,,,,,,,,,,,,
2025-04-10 18:53:29.031000+00:00,,341.4375,-2.3125,-1.4375,,,,,,,,,,,,,,,,,,,,,,,,,
2025-04-10 18:53:30.079000+00:00,,341.4375,-2.25,-1.5,,,,,,,,,,,,,,,,,,,,,,,,,
2025-04-10 18:53:31.128000+00:00,,341.375,-2.125,-1.5625,,,,,,,,,,,,,,,,,,,,,,,,,
2025-04-10 18:53:32.176000+00:00,,341.4375,-2.25,-1.5,,,,,,,,,,,,,,,,,,,,,,,,,
2025-04-10 18:53:33.212000+00:00,,341.375,-2.3125,-1.5,,,,,,,,,,,,,,,,,,,,,,,,,
2025-04-10 18:53:34.260000+00:00,,341.4375,-2.125,-1.5625,,,,,,,,,,,,,,,,,,,,,,,,,
2025-04-10 18:53:35.308000+00:00,,341.375,-2.0625,-1.5,,,,,,,,,,,,,,,,,,,,,,,,,
2025-04-10 18:52:36.812000+00:00,,,,,23,,,,,,,,,,,,,,,,,,,,,,,,
2025-04-10 18:52:37.861000+00:00,,,,,23,,,,,,,,,,,,,,,,,,,,,,,,
2025-04-10 18:52:38.908000+00:00,,,,,23,,,,,,,,,,,,,,,,,,,,,,,,
2025-04-10 18:52:39.953000+00:00,,,,,23,,,,,,,,,,,,,,,,,,,,,,,,
2025-04-10 18:52:41.002000+00:00,,,,,23,,,,,,,,,,,,,,,,,,,,,,,,
2025-04-10 18:52:42.037000+00:00,,,,,23,,,,,,,,,,,,,,,,,,,,,,,,
2025-04-10 18:52:43.085000+00:00,,,,,23,,,,,,,,,,,,,,,,,,,,,,,,
2025-04-10 18:52:44.136000+00:00,,,,,23,,,,,,,,,,,,,,,,,,,,,,,,
2025-04-10 18:52:45.182000+00:00,,,,,23,,,,,,,,,,,,,,,,,,,,,,,,
2025-04-10 18:52:46.224000+00:00,,,,,23,,,,,,,,,,,,,,,,,,,,,,,,
2025-04-10 18:52:47.270000+00:00,,,,,23,,,,,,,,,,,,,,,,,,,,,,,,
2025-04-10 18:52:48.310000+00:00,,,,,23,,,,,,,,,,,,,,,,,,,,,,,,
2025-04-10 18:52:49.363000+00:00,,,,,23,,,,,,,,,,,,,,,,,,,,,,,,
2025-04-10 18:52:50.409000+00:00,,,,,23,,,,,,,,,,,,,,,,,,,,,,,,
2025-04-10 18:52:51.456000+00:00,,,,,23,,,,,,,,,,,,,,,,,,,,,,,,
2025-04-10 18:52:52.503000+00:00,,,,,23,,,,,,,,,,,,,,,,,,,,,,,,
2025-04-10 18:52:53.552000+00:00,,,,,23,,,,,,,,,,,,,,,,,,,,,,,,
2025-04-10 18:52:54.588000+00:00,,,,,23,,,,,,,,,,,,,,,,,,,,,,,,
2025-04-10 18:52:55.634000+00:00,,,,,23,,,,,,,,,,,,,,,,,,,,,,,,
2025-04-10 18:52:56.678000+00:00,,,,,23,,,,,,,,,,,,,,,,,,,,,,,,
2025-04-10 18:52:57.718000+00:00,,,,,23,,,,,,,,,,,,,,,,,,,,,,,,
2025-04-10 18:52:58.763000+00:00,,,,,23,,,,,,,,,,,,,,,,,,,,,,,,
2025-04-10 18:52:59.810000+00:00,,,,,23,,,,,,,,,,,,,,,,,,,,,,,,
2025-04-10 18:53:00.845000+00:00,,,,,23,,,,,,,,,,,,,,,,,,,,,,,,
2025-04-10 18:53:01.888000+00:00,,,,,23,,,,,,,,,,,,,,,,,,,,,,,,
2025-04-10 18:53:02.937000+00:00,,,,,23,,,,,,,,,,,,,,,,,,,,,,,,
2025-04-10 18:53:03.985000+00:00,,,,,23,,,,,,,,,,,,,,,,,,,,,,,,
2025-04-10 18:53:05.031000+00:00,,,,,23,,,,,,,,,,,,,,,,,,,,,,,,
2025-04-10 18:53:06.081000+00:00,,,,,23,,,,,,,,,,,,,,,,,,,,,,,,
2025-04-10 18:53:07.131000+00:00,,,,,23,,,,,,,,,,,,,,,,,,,,,,,,
2025-04-10 18:53:08.181000+00:00,,,,,23,,,,,,,,,,,,,,,,,,,,,,,,
2025-04-10 18:53:09.217000+00:00,,,,,23,,,,,,,,,,,,,,,,,,,,,,,,
2025-04-10 18:53:10.249000+00:00,,,,,23,,,,,,,,,,,,,,,,,,,,,,,,
2025-04-10 18:53:11.284000+00:00,,,,,23,,,,,,,,,,,,,,,,,,,,,,,,
2025-04-10 18:53:12.318000+00:00,,,,,23,,,,,,,,,,,,,,,,,,,,,,,,
2025-04-10 18:53:13.356000+00:00,,,,,23,,,,,,,,,,,,,,,,,,,,,,,,
2025-04-10 18:53:14.396000+00:00,,,,,23,,,,,,,,,,,,,,,,,,,,,,,,
2025-04-10 18:53:15.433000+00:00,,,,,23,,,,,,,,,,,,,,,,,,,,,,,,
2025-04-10 18:53:16.483000+00:00,,,,,23,,,,,,,,,,,,,,,,,,,,,,,,
2025-04-10 18:53:17.530000+00:00,,,,,23,,,,,,,,,,,,,,,,,,,,,,,,
2025-04-10 18:53:18.570000+00:00,,,,,23,,,,,,,,,,,,,,,,,,,,,,,,
2025-04-10 18:53:19.623000+00:00,,,,,23,,,,,,,,,,,,,,,,,,,,,,,,
2025-04-10 18:53:20.670000+00:00,,,,,23,,,,,,,,,,,,,,,,,,,,,,,,
2025-04-10 18:53:21.709000+00:00,,,,,23,,,,,,,,,,,,,,,,,,,,,,,,
2025-04-10 18:53:22.753000+00:00,,,,,23,,,,,,,,,,,,,,,,,,,,,,,,
2025-04-10 18:53:23.805000+00:00,,,,,23,,,,,,,,,,,,,,,,,,,,,,,,
2025-04-10 18:53:24.853000+00:00,,,,,23,,,,,,,,,,,,,,,,,,,,,,,,
2025-04-10 18:53:25.901000+00:00,,,,,23,,,,,,,,,,,,,,,,,,,,,,,,
2025-04-10 18:53:26.951000+00:00,,,,,23,,,,,,,,,,,,,,,,,,,,,,,,
2025-04-10 18:53:28.001000+00:00,,,,,23,,,,,,,,,,,,,,,,,,,,,,,,
2025-04-10 18:53:29.052000+00:00,,,,,23,,,,,,,,,,,,,,,,,,,,,,,,
2025-04-10 18:53:30.099000+00:00,,,,,23,,,,,,,,,,,,,,,,,,,,,,,,
2025-04-10 18:53:31.148000+00:00,,,,,23,,,,,,,,,,,,,,,,,,,,,,,,
2025-04-10 18:53:32.181000+00:00,,,,,23,,,,,,,,,,,,,,,,,,,,,,,,
2025-04-10 18:53:33.228000+00:00,,,,,23,,,,,,,,,,,,,,,,,,,,,,,,
2025-04-10 18:53:34.279000+00:00,,,,,23,,,,,,,,,,,,,,,,,,,,,,,,
2025-04-10 18:53:35.324000+00:00,,,,,23,,,,,,,,,,,,,,,,,,,,,,,,
2025-04-10 18:52:36.817000+00:00,,,,,,-3.375,-20.875,-28.875,,,,,,,,,,,,,,,,,,,,,
2025-04-10 18:52:37.866000+00:00,,,,,,-3.375,-22.25,-29.1875,,,,,,,,,,,,,,,,,,,,,
2025-04-10 18:52:38.913000+00:00,,,,,,-4.1875,-22.25,-29.1875,,,,,,,,,,,,,,,,,,,,,
2025-04-10 18:52:39.959000+00:00,,,,,,-3.75,-22.25,-29.5625,,,,,,,,,,,,,,,,,,,,,
2025-04-10 18:52:41.007000+00:00,,,,,,-3.375,-22,-28.5,,,,,,,,,,,,,,,,,,,,,
2025-04-10 18:52:42.041000+00:00,,,,,,-3.75,-21.5625,-29.5,,,,,,,,,,,,,,,,,,,,,
2025-04-10 18:52:43.090000+00:00,,,,,,-3.75,-21.1875,-29.0625,,,,,,,,,,,,,,,,,,,,,
2025-04-10 18:52:44.141000+00:00,,,,,,-4.1875,-21.1875,-29.875,,,,,,,,,,,,,,,,,,,,,
2025-04-10 18:52:45.186000+00:00,,,,,,-3.375,-22,-28.75,,,,,,,,,,,,,,,,,,,,,
2025-04-10 18:52:46.229000+00:00,,,,,,-3.0625,-22.25,-29.5,,,,,,,,,,,,,,,,,,,,,
2025-04-10 18:52:47.275000+00:00,,,,,,-3.375,-21.1875,-29.0625,,,,,,,,,,,,,,,,,,,,,
2025-04-10 18:52:48.320000+00:00,,,,,,-2.6875,-22.25,-29.5,,,,,,,,,,,,,,,,,,,,,
2025-04-10 18:52:49.369000+00:00,,,,,,-4.875,-21.5625,-30.25,,,,,,,,,,,,,,,,,,,,,
2025-04-10 18:52:50.413000+00:00,,,,,,-3.0625,-21.0625,-29.0625,,,,,,,,,,,,,,,,,,,,,
2025-04-10 18:52:51.461000+00:00,,,,,,-3.0625,-21.5625,-29.5,,,,,,,,,,,,,,,,,,,,,
2025-04-10 18:52:52.509000+00:00,,,,,,-2.6875,-22,-28.6875,,,,,,,,,,,,,,,,,,,,,
2025-04-10 18:52:53.556000+00:00,,,,,,-3.25,-21.5625,-29.5,,,,,,,,,,,,,,,,,,,,,
2025-04-10 18:52:54.593000+00:00,,,,,,-4.75,-22,-30.25,,,,,,,,,,,,,,,,,,,,,
2025-04-10 18:52:55.638000+00:00,,,,,,-3.375,-21.5,-28.875,,,,,,,,,,,,,,,,,,,,,
2025-04-10 18:52:56.686000+00:00,,,,,,-3.6875,-22.25,-29.5625,,,,,,,,,,,,,,,,,,,,,
2025-04-10 18:52:57.723000+00:00,,,,,,-4.0625,-22.6875,-30,,,,,,,,,,,,,,,,,,,,,
2025-04-10 18:52:58.768000+00:00,,,,,,-2.1875,-20.5,-28.375,,,,,,,,,,,,,,,,,,,,,
2025-04-10 18:52:59.815000+00:00,,,,,,-3.25,-22.25,-30.375,,,,,,,,,,,,,,,,,,,,,
2025-04-10 18:53:00.849000+00:00,,,,,,-3.6875,-22.6875,-30,,,,,,,,,,,,,,,,,,,,,
2025-04-10 18:53:01.892000+00:00,,,,,,-2.5625,-21.1875,-29.1875,,,,,,,,,,,,,,,,,,,,,
2025-04-10 18:53:02.942000+00:00,,,,,,-3.25,-22,-30.375,,,,,,,,,,,,,,,,,,,,,
2025-04-10 18:53:03.989000+00:00,,,,,,-1.75,-20.875,-30,,,,,,,,,,,,,,,,,,,,,
2025-04-10 18:53:05.036000+00:00,,,,,,-3.6875,-22,-29.0625,,,,,,,,,,,,,,,,,,,,,
2025-04-10 18:53:06.086000+00:00,,,,,,-2.5625,-21.5625,-29.5,,,,,,,,,,,,,,,,,,,,,
2025-04-10 18:53:07.136000+00:00,,,,,,-3.6875,-21.1875,-29.0625,,,,,,,,,,,,,,,,,,,,,
2025-04-10 18:53:08.187000+00:00,,,,,,-3.0625,-22,-30.25,,,,,,,,,,,,,,,,,,,,,
2025-04-10 18:53:09.221000+00:00,,,,,,-3,-20.0625,-29.5,,,,,,,,,,,,,,,,,,,,,
2025-04-10 18:53:10.253000+00:00,,,,,,-3,-21.1875,-28.25,,,,,,,,,,,,,,,,,,,,,
2025-04-10 18:53:11.288000+00:00,,,,,,-3.6875,-21.5625,-29.5625,,,,,,,,,,,,,,,,,,,,,
2025-04-10 18:53:12.323000+00:00,,,,,,-12.375,-16.375,-43.1875,,,,,,,,,,,,,,,,,,,,,
2025-04-10 18:53:13.362000+00:00,,,,,,-11.875,-16.0625,-43.0625,,,,,,,,,,,,,,,,,,,,,
2025-04-10 18:53:14.400000+00:00,,,,,,-11.875,-16.875,-42.25,,,,,,,,,,,,,,,,,,,,,
2025-04-10 18:53:15.438000+00:00,,,,,,-11.5625,-16.875,-43.0625,,,,,,,,,,,,,,,,,,,,,
2025-04-10 18:53:16.487000+00:00,,,,,,-11.5625,-16.875,-42.25,,,,,,,,,,,,,,,,,,,,,
2025-04-10 18:53:17.536000+00:00,,,,,,-11.25,-16.5,-43.5,,,,,,,,,,,,,,,,,,,,,
2025-04-10 18:53:18.577000+00:00,,,,,,-12,-16.875,-42.25,,,,,,,,,,,,,,,,,,,,,
2025-04-10 18:53:19.628000+00:00,,,,,,-12.375,-16.0625,-42.6875,,,,,,,,,,,,,,,,,,,,,
2025-04-10 18:53:20.675000+00:00,,,,,,-11.6875,-16.5,-42.25,,,,,,,,,,,,,,,,,,,,,
2025-04-10 18:53:21.713000+00:00,,,,,,-12.25,-15.375,-42.25,,,,,,,,,,,,,,,,,,,,,
2025-04-10 18:53:22.758000+00:00,,,,,,-11.875,-16.5,-43.5,,,,,,,,,,,,,,,,,,,,,
2025-04-10 18:53:23.810000+00:00,,,,,,-12.25,-17.1875,-41.875,,,,,,,,,,,,,,,,,,,,,
2025-04-10 18:53:24.857000+00:00,,,,,,-11.875,-15.375,-43.875,,,,,,,,,,,,,,,,,,,,,
2025-04-10 18:53:25.905000+00:00,,,,,,-10.75,-17.1875,-42.75,,,,,,,,,,,,,,,,,,,,,
2025-04-10 18:53:26.956000+00:00,,,,,,-11.875,-16.875,-42,,,,,,,,,,,,,,,,,,,,,
2025-04-10 18:53:28.006000+00:00,,,,,,-12,-16.875,-42.75,,,,,,,,,,,,,,,,,,,,,
2025-04-10 18:53:29.057000+00:00,,,,,,-12,-16.5,-41.6875,,,,,,,,,,,,,,,,,,,,,
2025-04-10 18:53:30.105000+00:00,,,,,,-12,-16.1875,-42.0625,,,,,,,,,,,,,,,,,,,,,
2025-04-10 18:53:31.154000+00:00,,,,,,-12.75,-15.375,-42,,,,,,,,,,,,,,,,,,,,,
2025-04-10 18:53:32.185000+00:00,,,,,,-12.375,-15.375,-44.375,,,,,,,,,,,,,,,,,,,,,
2025-04-10 18:53:33.233000+00:00,,,,,,-12.375,-16.0625,-42.375,,,,,,,,,,,,,,,,,,,,,
2025-04-10 18:53:34.284000+00:00,,,,,,-12,-16.875,-42.25,,,,,,,,,,,,,,,,,,,,,
2025-04-10 18:53:35.329000+00:00,,,,,,-12,-16.5,-42.375,,,,,,,,,,,,,,,,,,,,,
2025-04-10 18:52:36.821000+00:00,,,,,,,,,-0.003333333,0.023333333333333334,0.001111111,,,,,,,,,,,,,,,,,,
2025-04-10 18:52:37.872000+00:00,,,,,,,,,-0.008888889,0.013333333333333334,0.022222222222222223,,,,,,,,,,,,,,,,,,
2025-04-10 18:52:38.917000+00:00,,,,,,,,,0.001111111,0.003333333,0.024444444444444446,,,,,,,,,,,,,,,,,,
2025-04-10 18:52:39.963000+00:00,,,,,,,,,-0.006666667,-0.008888889,0.003333333,,,,,,,,,,,,,,,,,,
2025-04-10 18:52:41.012000+00:00,,,,,,,,,0.002222222,-0.003333333,-0.003333333,,,,,,,,,,,,,,,,,,
2025-04-10 18:52:42.045000+00:00,,,,,,,,,-0.004444444,-0.003333333,0.001111111,,,,,,,,,,,,,,,,,,
2025-04-10 18:52:43.095000+00:00,,,,,,,,,-0.001111111,-0.013333333,0.008888889,,,,,,,,,,,,,,,,,,
2025-04-10 18:52:44.146000+00:00,,,,,,,,,-0.002222222,0,0.015555555555555555,,,,,,,,,,,,,,,,,,
2025-04-10 18:52:45.190000+00:00,,,,,,,,,0.003333333,-0.014444444,-0.07,,,,,,,,,,,,,,,,,,
2025-04-10 18:52:46.232000+00:00,,,,,,,,,0.005555556,0.004444444,-0.064444444,,,,,,,,,,,,,,,,,,
2025-04-10 18:52:47.279000+00:00,,,,,,,,,-0.013333333,-0.008888889,0,,,,,,,,,,,,,,,,,,
2025-04-10 18:52:48.325000+00:00,,,,,,,,,-0.013333333,-0.027777778,-0.013333333,,,,,,,,,,,,,,,,,,
2025-04-10 18:52:49.373000+00:00,,,,,,,,,-0.007777778,0.012222222222222223,0.008888889,,,,,,,,,,,,,,,,,,
2025-04-10 18:52:50.418000+00:00,,,,,,,,,-0.011111111,0.016666666666666666,0.015555555555555555,,,,,,,,,,,,,,,,,,
2025-04-10 18:52:51.466000+00:00,,,,,,,,,0.004444444,0.021111111111111112,0.013333333333333334,,,,,,,,,,,,,,,,,,
2025-04-10 18:52:52.513000+00:00,,,,,,,,,0.011111111111111112,0.032222222,0,,,,,,,,,,,,,,,,,,
2025-04-10 18:52:53.561000+00:00,,,,,,,,,-0.011111111,0.015555555555555555,0,,,,,,,,,,,,,,,,,,
2025-04-10 18:52:54.597000+00:00,,,,,,,,,-0.013333333,0.013333333333333334,-0.005555556,,,,,,,,,,,,,,,,,,
2025-04-10 18:52:55.642000+00:00,,,,,,,,,0.015555555555555555,-0.013333333,0.041111111,,,,,,,,,,,,,,,,,,
2025-04-10 18:52:56.690000+00:00,,,,,,,,,0.006666667,-0.011111111,-0.017777778,,,,,,,,,,,,,,,,,,
2025-04-10 18:52:57.727000+00:00,,,,,,,,,0.006666667,0.01,-0.025555556,,,,,,,,,,,,,,,,,,
2025-04-10 18:52:58.773000+00:00,,,,,,,,,0.002222222,-0.026666667,0.037777778,,,,,,,,,,,,,,,,,,
2025-04-10 18:52:59.819000+00:00,,,,,,,,,0.01,0.008888889,0.007777778,,,,,,,,,,,,,,,,,,
2025-04-10 18:53:00.853000+00:00,,,,,,,,,-0.011111111,0.017777777777777778,-0.031111111,,,,,,,,,,,,,,,,,,
2025-04-10 18:53:01.896000+00:00,,,,,,,,,-0.013333333,-0.017777778,0.016666666666666666,,,,,,,,,,,,,,,,,,
2025-04-10 18:53:02.946000+00:00,,,,,,,,,0.001111111,0.024444444444444446,-0.03,,,,,,,,,,,,,,,,,,
2025-04-10 18:53:03.993000+00:00,,,,,,,,,0,0.021111111111111112,0.006666667,,,,,,,,,,,,,,,,,,
2025-04-10 18:53:05.040000+00:00,,,,,,,,,-0.001111111,-0.002222222,0.043333333333333335,,,,,,,,,,,,,,,,,,
2025-04-10 18:53:06.090000+00:00,,,,,,,,,-0.004444444,0.004444444,-0.004444444,,,,,,,,,,,,,,,,,,
2025-04-10 18:53:07.140000+00:00,,,,,,,,,0.01,0.01,-0.04,,,,,,,,,,,,,,,,,,
2025-04-10 18:53:08.191000+00:00,,,,,,,,,0.003333333,-0.005555556,-0.002222222,,,,,,,,,,,,,,,,,,
2025-04-10 18:53:09.225000+00:00,,,,,,,,,0.005555556,-0.005555556,-0.023333333,,,,,,,,,,,,,,,,,,
2025-04-10 18:53:10.258000+00:00,,,,,,,,,-0.011111111,0.012222222222222223,0.02,,,,,,,,,,,,,,,,,,
2025-04-10 18:53:11.293000+00:00,,,,,,,,,0.004444444,-0.002222222,0.005555556,,,,,,,,,,,,,,,,,,
2025-04-10 18:53:12.328000+00:00,,,,,,,,,-0.007777778,-0.012222222,-0.004444444,,,,,,,,,,,,,,,,,,
2025-04-10 18:53:13.366000+00:00,,,,,,,,,0.01,-0.005555556,0.007777778,,,,,,,,,,,,,,,,,,
2025-04-10 18:53:14.405000+00:00,,,,,,,,,0,-0.003333333,0.016666666666666666,,,,,,,,,,,,,,,,,,
2025-04-10 18:53:15.443000+00:00,,,,,,,,,-0.006666667,0.004444444,0.012222222222222223,,,,,,,,,,,,,,,,,,
2025-04-10 18:53:16.492000+00:00,,,,,,,,,0.004444444,-0.004444444,0.023333333333333334,,,,,,,,,,,,,,,,,,
2025-04-10 18:53:17.540000+00:00,,,,,,,,,-0.002222222,-0.003333333,-0.003333333,,,,,,,,,,,,,,,,,,
2025-04-10 18:53:18.583000+00:00,,,,,,,,,-0.002222222,-0.007777778,0.024444444444444446,,,,,,,,,,,,,,,,,,
2025-04-10 18:53:19.633000+00:00,,,,,,,,,0.003333333,0.001111111,0.023333333333333334,,,,,,,,,,,,,,,,,,
2025-04-10 18:53:20.679000+00:00,,,,,,,,,-0.006666667,0.024444444444444446,-0.054444444,,,,,,,,,,,,,,,,,,
2025-04-10 18:53:21.717000+00:00,,,,,,,,,0,-0.011111111,-0.026666667,,,,,,,,,,,,,,,,,,
2025-04-10 18:53:22.763000+00:00,,,,,,,,,0.01,0.011111111111111112,0.01,,,,,,,,,,,,,,,,,,
2025-04-10 18:53:23.814000+00:00,,,,,,,,,-0.012222222,0.016666666666666666,-0.037777778,,,,,,,,,,,,,,,,,,
2025-04-10 18:53:24.861000+00:00,,,,,,,,,0.005555556,0.021111111111111112,-0.007777778,,,,,,,,,,,,,,,,,,
2025-04-10 18:53:25.910000+00:00,,,,,,,,,-0.005555556,-0.003333333,0.01,,,,,,,,,,,,,,,,,,
2025-04-10 18:53:26.961000+00:00,,,,,,,,,-0.004444444,0.008888889,0.001111111,,,,,,,,,,,,,,,,,,
2025-04-10 18:53:28.010000+00:00,,,,,,,,,0.007777778,-0.006666667,0.036666667,,,,,,,,,,,,,,,,,,
2025-04-10 18:53:29.061000+00:00,,,,,,,,,-0.007777778,-0.024444444,-0.024444444,,,,,,,,,,,,,,,,,,
2025-04-10 18:53:30.108000+00:00,,,,,,,,,-0.004444444,0.018888889,-0.011111111,,,,,,,,,,,,,,,,,,
2025-04-10 18:53:31.158000+00:00,,,,,,,,,0.002222222,0.017777777777777778,-0.036666667,,,,,,,,,,,,,,,,,,
2025-04-10 18:53:32.190000+00:00,,,,,,,,,-0.001111111,0.011111111111111112,-0.002222222,,,,,,,,,,,,,,,,,,
2025-04-10 18:53:33.237000+00:00,,,,,,,,,-0.011111111,0.006666667,0.004444444,,,,,,,,,,,,,,,,,,
2025-04-10 18:53:34.288000+00:00,,,,,,,,,0.002222222,0.024444444444444446,-0.014444444,,,,,,,,,,,,,,,,,,
2025-04-10 18:53:35.334000+00:00,,,,,,,,,0.002222222,0.023333333333333334,0.003333333,,,,,,,,,,,,,,,,,,
2025-04-10 18:52:36.825000+00:00,,,,,,,,,,,,-0.54,0.19,9.46,,,,,,,,,,,,,,,
2025-04-10 18:52:37.875000+00:00,,,,,,,,,,,,-0.81,0.42,9.43,,,,,,,,,,,,,,,
2025-04-10 18:52:38.922000+00:00,,,,,,,,,,,,-0.29,0.28,9.48,,,,,,,,,,,,,,,
2025-04-10 18:52:39.968000+00:00,,,,,,,,,,,,-0.19,0.33,9.45,,,,,,,,,,,,,,,
2025-04-10 18:52:41.016000+00:00,,,,,,,,,,,,-0.33,0.3,9.41,,,,,,,,,,,,,,,
2025-04-10 18:52:42.049000+00:00,,,,,,,,,,,,-0.55,0.57,9.47,,,,,,,,,,,,,,,
2025-04-10 18:52:43.099000+00:00,,,,,,,,,,,,-0.72,0.27,9.45,,,,,,,,,,,,,,,
2025-04-10 18:52:44.151000+00:00,,,,,,,,,,,,-0.53,0.2,9.39,,,,,,,,,,,,,,,
2025-04-10 18:52:45.193000+00:00,,,,,,,,,,,,-0.38,0.21,9.44,,,,,,,,,,,,,,,
2025-04-10 18:52:46.236000+00:00,,,,,,,,,,,,-0.39,0.03,9.43,,,,,,,,,,,,,,,
2025-04-10 18:52:47.283000+00:00,,,,,,,,,,,,-0.1,0.2,9.52,,,,,,,,,,,,,,,
2025-04-10 18:52:48.329000+00:00,,,,,,,,,,,,-0.09,0.28,9.5,,,,,,,,,,,,,,,
2025-04-10 18:52:49.377000+00:00,,,,,,,,,,,,-0.54,0.5,9.46,,,,,,,,,,,,,,,
2025-04-10 18:52:50.422000+00:00,,,,,,,,,,,,-0.38,0.1,9.27,,,,,,,,,,,,,,,
2025-04-10 18:52:51.470000+00:00,,,,,,,,,,,,-0.33,0.33,9.37,,,,,,,,,,,,,,,
2025-04-10 18:52:52.518000+00:00,,,,,,,,,,,,-0.47,0.25,9.42,,,,,,,,,,,,,,,
2025-04-10 18:52:53.565000+00:00,,,,,,,,,,,,-0.24,0.21,9.39,,,,,,,,,,,,,,,
2025-04-10 18:52:54.602000+00:00,,,,,,,,,,,,-0.08,0.12,9.56,,,,,,,,,,,,,,,
2025-04-10 18:52:55.646000+00:00,,,,,,,,,,,,-0.78,0.53,9.42,,,,,,,,,,,,,,,
2025-04-10 18:52:56.695000+00:00,,,,,,,,,,,,-0.03,-0.16,9.42,,,,,,,,,,,,,,,
2025-04-10 18:52:57.732000+00:00,,,,,,,,,,,,-0.22,0.06,9.46,,,,,,,,,,,,,,,
2025-04-10 18:52:58.776000+00:00,,,,,,,,,,,,-0.41,0.64,9.42,,,,,,,,,,,,,,,
2025-04-10 18:52:59.824000+00:00,,,,,,,,,,,,-0.43,0.28,9.51,,,,,,,,,,,,,,,
2025-04-10 18:53:00.857000+00:00,,,,,,,,,,,,-0.37,0.28,9.42,,,,,,,,,,,,,,,
2025-04-10 18:53:01.900000+00:00,,,,,,,,,,,,-0.04,-0.27,9.37,,,,,,,,,,,,,,,
2025-04-10 18:53:02.949000+00:00,,,,,,,,,,,,-0.62,0.32,9.41,,,,,,,,,,,,,,,
2025-04-10 18:53:03.997000+00:00,,,,,,,,,,,,-0.13,0.25,9.47,,,,,,,,,,,,,,,
2025-04-10 18:53:05.044000+00:00,,,,,,,,,,,,-0.93,0.37,9.23,,,,,,,,,,,,,,,
2025-04-10 18:53:06.094000+00:00,,,,,,,,,,,,-0.62,0.44,9.47,,,,,,,,,,,,,,,
2025-04-10 18:53:07.144000+00:00,,,,,,,,,,,,-0.33,0.28,9.41,,,,,,,,,,,,,,,
2025-04-10 18:53:08.195000+00:00,,,,,,,,,,,,-0.6,0.17,9.33,,,,,,,,,,,,,,,
2025-04-10 18:53:09.230000+00:00,,,,,,,,,,,,-0.3,0.22,9.36,,,,,,,,,,,,,,,
2025-04-10 18:53:10.262000+00:00,,,,,,,,,,,,-0.75,0.43,9.39,,,,,,,,,,,,,,,
2025-04-10 18:53:11.297000+00:00,,,,,,,,,,,,-0.33,0.43,9.28,,,,,,,,,,,,,,,
2025-04-10 18:53:12.333000+00:00,,,,,,,,,,,,-0.14,0.37,9.36,,,,,,,,,,,,,,,
2025-04-10 18:53:13.371000+00:00,,,,,,,,,,,,-0.36,0.08,9.53,,,,,,,,,,,,,,,
2025-04-10 18:53:14.408000+00:00,,,,,,,,,,,,-0.63,0.07,9.42,,,,,,,,,,,,,,,
2025-04-10 18:53:15.447000+00:00,,,,,,,,,,,,-0.78,0.38,9.51,,,,,,,,,,,,,,,
2025-04-10 18:53:16.496000+00:00,,,,,,,,,,,,-0.54,0.22,9.5,,,,,,,,,,,,,,,
2025-04-10 18:53:17.544000+00:00,,,,,,,,,,,,-0.22,0.17,9.38,,,,,,,,,,,,,,,
2025-04-10 18:53:18.587000+00:00,,,,,,,,,,,,-0.23,0.24,9.46,,,,,,,,,,,,,,,
2025-04-10 18:53:19.637000+00:00,,,,,,,,,,,,-0.33,0.41,9.48,,,,,,,,,,,,,,,
2025-04-10 18:53:20.683000+00:00,,,,,,,,,,,,-0.64,0.25,9.38,,,,,,,,,,,,,,,
2025-04-10 18:53:21.721000+00:00,,,,,,,,,,,,-0.48,0.03,9.46,,,,,,,,,,,,,,,
2025-04-10 18:53:22.768000+00:00,,,,,,,,,,,,-0.44,0.38,9.46,,,,,,,,,,,,,,,
2025-04-10 18:53:23.817000+00:00,,,,,,,,,,,,-0.63,0.09,9.42,,,,,,,,,,,,,,,
2025-04-10 18:53:24.865000+00:00,,,,,,,,,,,,-0.57,0.71,9.34,,,,,,,,,,,,,,,
2025-04-10 18:53:25.914000+00:00,,,,,,,,,,,,-0.18,0.16,9.37,,,,,,,,,,,,,,,
2025-04-10 18:53:26.964000+00:00,,,,,,,,,,,,-0.38,0,9.4,,,,,,,,,,,,,,,
2025-04-10 18:53:28.014000+00:00,,,,,,,,,,,,-0.48,0.45,9.53,,,,,,,,,,,,,,,
2025-04-10 18:53:29.065000+00:00,,,,,,,,,,,,-0.36,0.64,9.48,,,,,,,,,,,,,,,
2025-04-10 18:53:30.113000+00:00,,,,,,,,,,,,-0.11,0.56,9.5,,,,,,,,,,,,,,,
2025-04-10 18:53:31.161000+00:00,,,,,,,,,,,,-0.36,0.25,9.44,,,,,,,,,,,,,,,
2025-04-10 18:53:32.195000+00:00,,,,,,,,,,,,-0.46,0.32,9.43,,,,,,,,,,,,,,,
2025-04-10 18:53:33.243000+00:00,,,,,,,,,,,,-0.78,0.54,9.4,,,,,,,,,,,,,,,
2025-04-10 18:53:34.293000+00:00,,,,,,,,,,,,-0.73,0.22,9.39,,,,,,,,,,,,,,,
2025-04-10 18:53:35.338000+00:00,,,,,,,,,,,,-0.56,0.34,9.42,,,,,,,,,,,,,,,
2025-04-10 18:53:36.385000+00:00,,,,,,,,,,,,,,9.38,,,,,,,,,,,,,,,
2025-04-10 18:52:36.830000+00:00,,,,,,,,,,,,,,,-0.14,-0.07,-0.33,,,,,,,,,,,,
2025-04-10 18:52:37.880000+00:00,,,,,,,,,,,,,,,-0.41,0.15,-0.35,,,,,,,,,,,,
2025-04-10 18:52:38.926000+00:00,,,,,,,,,,,,,,,-0.29,0.06,-0.37,,,,,,,,,,,,
2025-04-10 18:52:39.975000+00:00,,,,,,,,,,,,,,,-0.1,-0.06,-0.32,,,,,,,,,,,,
2025-04-10 18:52:41.021000+00:00,,,,,,,,,,,,,,,0.04,0.03,-0.37,,,,,,,,,,,,
2025-04-10 18:52:42.054000+00:00,,,,,,,,,,,,,,,-0.15,0.3,-0.31,,,,,,,,,,,,
2025-04-10 18:52:43.104000+00:00,,,,,,,,,,,,,,,-0.31,-0.01,-0.33,,,,,,,,,,,,
2025-04-10 18:52:44.156000+00:00,,,,,,,,,,,,,,,-0.13,-0.07,-0.39,,,,,,,,,,,,
2025-04-10 18:52:45.197000+00:00,,,,,,,,,,,,,,,-0.3,-0.01,-0.37,,,,,,,,,,,,
2025-04-10 18:52:46.240000+00:00,,,,,,,,,,,,,,,0.17,0.03,-0.38,,,,,,,,,,,,
2025-04-10 18:52:47.288000+00:00,,,,,,,,,,,,,,,0.3,-0.07,-0.26,,,,,,,,,,,,
2025-04-10 18:52:48.333000+00:00,,,,,,,,,,,,,,,0.28,0.03,-0.29,,,,,,,,,,,,
2025-04-10 18:52:49.381000+00:00,,,,,,,,,,,,,,,-0.31,-0.07,-0.33,,,,,,,,,,,,
2025-04-10 18:52:50.427000+00:00,,,,,,,,,,,,,,,0,-0.17,-0.51,,,,,,,,,,,,
2025-04-10 18:52:51.475000+00:00,,,,,,,,,,,,,,,-0.04,-0.01,-0.4,,,,,,,,,,,,
2025-04-10 18:52:52.522000+00:00,,,,,,,,,,,,,,,0.15,0.5,-0.31,,,,,,,,,,,,
2025-04-10 18:52:53.570000+00:00,,,,,,,,,,,,,,,0.13,-0.04,-0.4,,,,,,,,,,,,
2025-04-10 18:52:54.606000+00:00,,,,,,,,,,,,,,,-0.17,-0.54,-0.4,,,,,,,,,,,,
2025-04-10 18:52:55.651000+00:00,,,,,,,,,,,,,,,-0.38,0.27,-0.36,,,,,,,,,,,,
2025-04-10 18:52:56.699000+00:00,,,,,,,,,,,,,,,0.36,-0.42,-0.37,,,,,,,,,,,,
2025-04-10 18:52:57.735000+00:00,,,,,,,,,,,,,,,0,0.01,-0.4,,,,,,,,,,,,
2025-04-10 18:52:58.781000+00:00,,,,,,,,,,,,,,,-0.01,0.37,-0.37,,,,,,,,,,,,
2025-04-10 18:52:59.827000+00:00,,,,,,,,,,,,,,,-0.08,0.05,-0.49,,,,,,,,,,,,
2025-04-10 18:53:00.860000+00:00,,,,,,,,,,,,,,,0.25,-0.06,-0.41,,,,,,,,,,,,
2025-04-10 18:53:01.904000+00:00,,,,,,,,,,,,,,,0.35,-0.54,-0.41,,,,,,,,,,,,
2025-04-10 18:53:02.953000+00:00,,,,,,,,,,,,,,,-0.21,0.05,-0.38,,,,,,,,,,,,
2025-04-10 18:53:04+00:00,,,,,,,,,,,,,,,-0.06,-0.15,-0.37,,,,,,,,,,,,
2025-04-10 18:53:05.048000+00:00,,,,,,,,,,,,,,,-0.54,0.12,-0.56,,,,,,,,,,,,
2025-04-10 18:53:06.099000+00:00,,,,,,,,,,,,,,,-0.22,0.18,-0.31,,,,,,,,,,,,
2025-04-10 18:53:07.149000+00:00,,,,,,,,,,,,,,,0.05,0.03,-0.37,,,,,,,,,,,,
2025-04-10 18:53:08.198000+00:00,,,,,,,,,,,,,,,-0.21,-0.08,-0.46,,,,,,,,,,,,
2025-04-10 18:53:09.234000+00:00,,,,,,,,,,,,,,,0.06,-0.15,-0.42,,,,,,,,,,,,
2025-04-10 18:53:10.266000+00:00,,,,,,,,,,,,,,,-0.1,0.14,-0.37,,,,,,,,,,,,
2025-04-10 18:53:11.302000+00:00,,,,,,,,,,,,,,,0.07,0.16,-0.5,,,,,,,,,,,,
2025-04-10 18:53:12.338000+00:00,,,,,,,,,,,,,,,0.57,0,-0.32,,,,,,,,,,,,
2025-04-10 18:53:13.374000+00:00,,,,,,,,,,,,,,,-0.32,0.41,-0.47,,,,,,,,,,,,
2025-04-10 18:53:14.412000+00:00,,,,,,,,,,,,,,,-0.22,-0.17,-0.36,,,,,,,,,,,,
2025-04-10 18:53:15.450000+00:00,,,,,,,,,,,,,,,-0.38,0.12,-0.27,,,,,,,,,,,,
2025-04-10 18:53:16.500000+00:00,,,,,,,,,,,,,,,-0.12,-0.05,-0.29,,,,,,,,,,,,
2025-04-10 18:53:17.548000+00:00,,,,,,,,,,,,,,,0.2,0.05,-0.36,,,,,,,,,,,,
2025-04-10 18:53:18.591000+00:00,,,,,,,,,,,,,,,-0.15,0.22,-0.38,,,,,,,,,,,,
2025-04-10 18:53:19.642000+00:00,,,,,,,,,,,,,,,0.01,-0.13,-0.31,,,,,,,,,,,,
2025-04-10 18:53:20.687000+00:00,,,,,,,,,,,,,,,-0.24,0,-0.4,,,,,,,,,,,,
2025-04-10 18:53:21.725000+00:00,,,,,,,,,,,,,,,-0.08,-0.22,-0.33,,,,,,,,,,,,
2025-04-10 18:53:22.772000+00:00,,,,,,,,,,,,,,,-0.01,-0.1,-0.37,,,,,,,,,,,,
2025-04-10 18:53:23.821000+00:00,,,,,,,,,,,,,,,-0.03,0.03,-0.35,,,,,,,,,,,,
2025-04-10 18:53:24.869000+00:00,,,,,,,,,,,,,,,-0.17,0.45,-0.45,,,,,,,,,,,,
2025-04-10 18:53:25.919000+00:00,,,,,,,,,,,,,,,0.21,-0.08,-0.41,,,,,,,,,,,,
2025-04-10 18:53:26.969000+00:00,,,,,,,,,,,,,,,0.01,-0.26,-0.38,,,,,,,,,,,,
2025-04-10 18:53:28.018000+00:00,,,,,,,,,,,,,,,-0.08,0.19,-0.25,,,,,,,,,,,,
2025-04-10 18:53:29.068000+00:00,,,,,,,,,,,,,,,0.02,0.38,-0.31,,,,,,,,,,,,
2025-04-10 18:53:30.117000+00:00,,,,,,,,,,,,,,,-0.04,-0.25,-0.36,,,,,,,,,,,,
2025-04-10 18:53:31.165000+00:00,,,,,,,,,,,,,,,0,-0.01,-0.34,,,,,,,,,,,,
2025-04-10 18:53:32.200000+00:00,,,,,,,,,,,,,,,-0.14,0.21,-0.36,,,,,,,,,,,,
2025-04-10 18:53:33.247000+00:00,,,,,,,,,,,,,,,-0.19,-0.19,-0.45,,,,,,,,,,,,
2025-04-10 18:53:34.297000+00:00,,,,,,,,,,,,,,,-0.36,-0.03,-0.4,,,,,,,,,,,,
2025-04-10 18:53:35.343000+00:00,,,,,,,,,,,,,,,-0.2,0.08,-0.37,,,,,,,,,,,,
2025-04-10 18:53:36.389000+00:00,,,,,,,,,,,,,,,0.53,-0.09,-0.35,,,,,,,,,,,,
2025-04-10 18:52:36.833000+00:00,,,,,,,,,,,,,,,,,,-0.39,0.27,9.79,,,,,,,,,
2025-04-10 18:52:37.884000+00:00,,,,,,,,,,,,,,,,,,-0.39,0.26,9.79,,,,,,,,,
2025-04-10 18:52:38.931000+00:00,,,,,,,,,,,,,,,,,,-0.38,0.27,9.79,,,,,,,,,
2025-04-10 18:52:39.979000+00:00,,,,,,,,,,,,,,,,,,-0.38,0.26,9.79,,,,,,,,,
2025-04-10 18:52:41.025000+00:00,,,,,,,,,,,,,,,,,,-0.37,0.27,9.79,,,,,,,,,
2025-04-10 18:52:42.057000+00:00,,,,,,,,,,,,,,,,,,-0.39,0.27,9.79,,,,,,,,,
2025-04-10 18:52:43.108000+00:00,,,,,,,,,,,,,,,,,,-0.41,0.28,9.79,,,,,,,,,
2025-04-10 18:52:44.160000+00:00,,,,,,,,,,,,,,,,,,-0.4,0.27,9.79,,,,,,,,,
2025-04-10 18:52:45.201000+00:00,,,,,,,,,,,,,,,,,,-0.41,0.26,9.79,,,,,,,,,
2025-04-10 18:52:46.244000+00:00,,,,,,,,,,,,,,,,,,-0.4,0.25,9.79,,,,,,,,,
2025-04-10 18:52:47.292000+00:00,,,,,,,,,,,,,,,,,,-0.4,0.27,9.79,,,,,,,,,
2025-04-10 18:52:48.337000+00:00,,,,,,,,,,,,,,,,,,-0.37,0.25,9.79,,,,,,,,,
2025-04-10 18:52:49.385000+00:00,,,,,,,,,,,,,,,,,,-0.37,0.26,9.79,,,,,,,,,
2025-04-10 18:52:50.431000+00:00,,,,,,,,,,,,,,,,,,-0.37,0.26,9.79,,,,,,,,,
2025-04-10 18:52:51.480000+00:00,,,,,,,,,,,,,,,,,,-0.37,0.26,9.79,,,,,,,,,
2025-04-10 18:52:52.527000+00:00,,,,,,,,,,,,,,,,,,-0.4,0.25,9.79,,,,,,,,,
2025-04-10 18:52:53.574000+00:00,,,,,,,,,,,,,,,,,,-0.37,0.25,9.79,,,,,,,,,
2025-04-10 18:52:54.611000+00:00,,,,,,,,,,,,,,,,,,-0.39,0.25,9.79,,,,,,,,,
2025-04-10 18:52:55.655000+00:00,,,,,,,,,,,,,,,,,,-0.4,0.26,9.79,,,,,,,,,
2025-04-10 18:52:56.704000+00:00,,,,,,,,,,,,,,,,,,-0.4,0.26,9.79,,,,,,,,,
2025-04-10 18:52:57.739000+00:00,,,,,,,,,,,,,,,,,,-0.38,0.27,9.79,,,,,,,,,
2025-04-10 18:52:58.785000+00:00,,,,,,,,,,,,,,,,,,-0.39,0.27,9.79,,,,,,,,,
2025-04-10 18:52:59.832000+00:00,,,,,,,,,,,,,,,,,,-0.37,0.27,9.79,,,,,,,,,
2025-04-10 18:53:00.865000+00:00,,,,,,,,,,,,,,,,,,-0.38,0.27,9.79,,,,,,,,,
2025-04-10 18:53:01.908000+00:00,,,,,,,,,,,,,,,,,,-0.39,0.27,9.79,,,,,,,,,
2025-04-10 18:53:02.957000+00:00,,,,,,,,,,,,,,,,,,-0.4,0.26,9.79,,,,,,,,,
2025-04-10 18:53:04.004000+00:00,,,,,,,,,,,,,,,,,,-0.39,0.26,9.79,,,,,,,,,
2025-04-10 18:53:05.052000+00:00,,,,,,,,,,,,,,,,,,-0.38,0.25,9.79,,,,,,,,,
2025-04-10 18:53:06.103000+00:00,,,,,,,,,,,,,,,,,,-0.39,0.25,9.79,,,,,,,,,
2025-04-10 18:53:07.153000+00:00,,,,,,,,,,,,,,,,,,-0.38,0.25,9.79,,,,,,,,,
2025-04-10 18:53:08.202000+00:00,,,,,,,,,,,,,,,,,,-0.38,0.26,9.79,,,,,,,,,
2025-04-10 18:53:09.238000+00:00,,,,,,,,,,,,,,,,,,-0.37,0.26,9.79,,,,,,,,,
2025-04-10 18:53:10.271000+00:00,,,,,,,,,,,,,,,,,,-0.36,0.26,9.79,,,,,,,,,
2025-04-10 18:53:11.305000+00:00,,,,,,,,,,,,,,,,,,-0.4,0.27,9.79,,,,,,,,,
2025-04-10 18:53:12.343000+00:00,,,,,,,,,,,,,,,,,,-0.4,0.28,9.79,,,,,,,,,
2025-04-10 18:53:13.379000+00:00,,,,,,,,,,,,,,,,,,-0.39,0.26,9.79,,,,,,,,,
2025-04-10 18:53:14.416000+00:00,,,,,,,,,,,,,,,,,,-0.4,0.25,9.79,,,,,,,,,
2025-04-10 18:53:15.455000+00:00,,,,,,,,,,,,,,,,,,-0.39,0.26,9.79,,,,,,,,,
2025-04-10 18:53:16.505000+00:00,,,,,,,,,,,,,,,,,,-0.42,0.27,9.79,,,,,,,,,
2025-04-10 18:53:17.552000+00:00,,,,,,,,,,,,,,,,,,-0.42,0.26,9.79,,,,,,,,,
2025-04-10 18:53:18.595000+00:00,,,,,,,,,,,,,,,,,,-0.42,0.26,9.79,,,,,,,,,
2025-04-10 18:53:19.646000+00:00,,,,,,,,,,,,,,,,,,-0.41,0.26,9.79,,,,,,,,,
2025-04-10 18:53:20.691000+00:00,,,,,,,,,,,,,,,,,,-0.4,0.26,9.79,,,,,,,,,
2025-04-10 18:53:21.729000+00:00,,,,,,,,,,,,,,,,,,-0.4,0.25,9.79,,,,,,,,,
2025-04-10 18:53:22.778000+00:00,,,,,,,,,,,,,,,,,,-0.39,0.25,9.79,,,,,,,,,
2025-04-10 18:53:23.826000+00:00,,,,,,,,,,,,,,,,,,-0.4,0.26,9.79,,,,,,,,,
2025-04-10 18:53:24.872000+00:00,,,,,,,,,,,,,,,,,,-0.4,0.26,9.79,,,,,,,,,
2025-04-10 18:53:25.923000+00:00,,,,,,,,,,,,,,,,,,-0.39,0.25,9.79,,,,,,,,,
2025-04-10 18:53:26.973000+00:00,,,,,,,,,,,,,,,,,,-0.4,0.26,9.79,,,,,,,,,
2025-04-10 18:53:28.023000+00:00,,,,,,,,,,,,,,,,,,-0.39,0.25,9.79,,,,,,,,,
2025-04-10 18:53:29.072000+00:00,,,,,,,,,,,,,,,,,,-0.39,0.25,9.79,,,,,,,,,
2025-04-10 18:53:30.121000+00:00,,,,,,,,,,,,,,,,,,-0.38,0.26,9.79,,,,,,,,,
2025-04-10 18:53:31.169000+00:00,,,,,,,,,,,,,,,,,,-0.37,0.27,9.79,,,,,,,,,
2025-04-10 18:53:32.205000+00:00,,,,,,,,,,,,,,,,,,-0.39,0.26,9.79,,,,,,,,,
2025-04-10 18:53:33.252000+00:00,,,,,,,,,,,,,,,,,,-0.4,0.26,9.79,,,,,,,,,
2025-04-10 18:53:34.301000+00:00,,,,,,,,,,,,,,,,,,-0.37,0.26,9.79,,,,,,,,,
2025-04-10 18:53:35.348000+00:00,,,,,,,,,,,,,,,,,,-0.36,0.26,9.79,,,,,,,,,
2025-04-10 18:53:36.394000+00:00,,,,,,,,,,,,,,,,,,-0.35,0.26,9.79,,,,,,,,,
2025-04-10 18:52:37.553093+00:00,,,,,,,,,,,,,,,,,,,,,0.17625,,,,,,,,
2025-04-10 18:52:38.580702+00:00,,,,,,,,,,,,,,,,,,,,,0.1825,,,,,,,,
2025-04-10 18:52:39.595268+00:00,,,,,,,,,,,,,,,,,,,,,0,,,,,,,,
2025-04-10 18:52:40.619819+00:00,,,,,,,,,,,,,,,,,,,,,0.04875,,,,,,,,
2025-04-10 18:52:41.642297+00:00,,,,,,,,,,,,,,,,,,,,,0.1575,,,,,,,,
2025-04-10 18:52:42.666522+00:00,,,,,,,,,,,,,,,,,,,,,0.0675,,,,,,,,
2025-04-10 18:52:43.679811+00:00,,,,,,,,,,,,,,,,,,,,,0.165,,,,,,,,
2025-04-10 18:52:44.705064+00:00,,,,,,,,,,,,,,,,,,,,,0.1275,,,,,,,,
2025-04-10 18:52:45.731870+00:00,,,,,,,,,,,,,,,,,,,,,0.165,,,,,,,,
2025-04-10 18:52:46.759689+00:00,,,,,,,,,,,,,,,,,,,,,0.0325,,,,,,,,
2025-04-10 18:52:47.774831+00:00,,,,,,,,,,,,,,,,,,,,,0.12375,,,,,,,,
2025-04-10 18:52:48.799644+00:00,,,,,,,,,,,,,,,,,,,,,0.1225,,,,,,,,
2025-04-10 18:52:49.823357+00:00,,,,,,,,,,,,,,,,,,,,,0.1075,,,,,,,,
2025-04-10 18:52:50.847204+00:00,,,,,,,,,,,,,,,,,,,,,0.09875,,,,,,,,
2025-04-10 18:52:51.860552+00:00,,,,,,,,,,,,,,,,,,,,,0.105,,,,,,,,
2025-04-10 18:52:52.884767+00:00,,,,,,,,,,,,,,,,,,,,,0.01125,,,,,,,,
2025-04-10 18:52:53.901275+00:00,,,,,,,,,,,,,,,,,,,,,0.155,,,,,,,,
2025-04-10 18:52:54.925603+00:00,,,,,,,,,,,,,,,,,,,,,0.07625,,,,,,,,
2025-04-10 18:52:55.950458+00:00,,,,,,,,,,,,,,,,,,,,,0.19,,,,,,,,
2025-04-10 18:52:56.978222+00:00,,,,,,,,,,,,,,,,,,,,,0.16375,,,,,,,,
2025-04-10 18:52:58.001969+00:00,,,,,,,,,,,,,,,,,,,,,0.1575,,,,,,,,
2025-04-10 18:52:59.025987+00:00,,,,,,,,,,,,,,,,,,,,,0.01,,,,,,,,
2025-04-10 18:53:00.039226+00:00,,,,,,,,,,,,,,,,,,,,,0.00375,,,,,,,,
2025-04-10 18:53:01.058800+00:00,,,,,,,,,,,,,,,,,,,,,0,,,,,,,,
2025-04-10 18:53:02.083153+00:00,,,,,,,,,,,,,,,,,,,,,0.15875,,,,,,,,
2025-04-10 18:53:03.107062+00:00,,,,,,,,,,,,,,,,,,,,,0.17500000000000002,,,,,,,,
2025-04-10 18:53:04.120490+00:00,,,,,,,,,,,,,,,,,,,,,0.1625,,,,,,,,
2025-04-10 18:53:05.147116+00:00,,,,,,,,,,,,,,,,,,,,,0.15625,,,,,,,,
2025-04-10 18:53:06.163968+00:00,,,,,,,,,,,,,,,,,,,,,0.0975,,,,,,,,
2025-04-10 18:53:07.176984+00:00,,,,,,,,,,,,,,,,,,,,,0.01,,,,,,,,
2025-04-10 18:53:08.190772+00:00,,,,,,,,,,,,,,,,,,,,,0.15375,,,,,,,,
2025-04-10 18:53:09.215485+00:00,,,,,,,,,,,,,,,,,,,,,0.00125,,,,,,,,
2025-04-10 18:53:10.239092+00:00,,,,,,,,,,,,,,,,,,,,,0.12875,,,,,,,,
2025-04-10 18:53:11.263806+00:00,,,,,,,,,,,,,,,,,,,,,0.15875,,,,,,,,
2025-04-10 18:53:12.282627+00:00,,,,,,,,,,,,,,,,,,,,,0,,,,,,,,
2025-04-10 18:53:13.307473+00:00,,,,,,,,,,,,,,,,,,,,,0.11625,,,,,,,,
2025-04-10 18:53:14.334538+00:00,,,,,,,,,,,,,,,,,,,,,0.01375,,,,,,,,
2025-04-10 18:53:15.358320+00:00,,,,,,,,,,,,,,,,,,,,,0.16125,,,,,,,,
2025-04-10 18:53:16.386328+00:00,,,,,,,,,,,,,,,,,,,,,0.14875,,,,,,,,
2025-04-10 18:53:17.411472+00:00,,,,,,,,,,,,,,,,,,,,,0.0025,,,,,,,,
2025-04-10 18:53:18.439030+00:00,,,,,,,,,,,,,,,,,,,,,0.1275,,,,,,,,
2025-04-10 18:53:19.452662+00:00,,,,,,,,,,,,,,,,,,,,,0.16875,,,,,,,,
2025-04-10 18:53:20.465626+00:00,,,,,,,,,,,,,,,,,,,,,0.17875,,,,,,,,
2025-04-10 18:53:21.478633+00:00,,,,,,,,,,,,,,,,,,,,,0.0325,,,,,,,,
2025-04-10 18:53:22.508491+00:00,,,,,,,,,,,,,,,,,,,,,0.18,,,,,,,,
2025-04-10 18:53:23.532398+00:00,,,,,,,,,,,,,,,,,,,,,0.15375,,,,,,,,
2025-04-10 18:53:24.549190+00:00,,,,,,,,,,,,,,,,,,,,,0.13,,,,,,,,
2025-04-10 18:53:25.573788+00:00,,,,,,,,,,,,,,,,,,,,,0.12875,,,,,,,,
2025-04-10 18:53:26.597806+00:00,,,,,,,,,,,,,,,,,,,,,0.155,,,,,,,,
2025-04-10 18:53:27.627591+00:00,,,,,,,,,,,,,,,,,,,,,0.12625,,,,,,,,
2025-04-10 18:53:28.641577+00:00,,,,,,,,,,,,,,,,,,,,,0.15375,,,,,,,,
2025-04-10 18:53:29.670873+00:00,,,,,,,,,,,,,,,,,,,,,0.0025,,,,,,,,
2025-04-10 18:53:30.698042+00:00,,,,,,,,,,,,,,,,,,,,,0.16875,,,,,,,,
2025-04-10 18:53:31.725685+00:00,,,,,,,,,,,,,,,,,,,,,0.06375,,,,,,,,
2025-04-10 18:53:32.738928+00:00,,,,,,,,,,,,,,,,,,,,,0.16875,,,,,,,,
2025-04-10 18:53:33.764477+00:00,,,,,,,,,,,,,,,,,,,,,0.155,,,,,,,,
2025-04-10 18:53:34.790329+00:00,,,,,,,,,,,,,,,,,,,,,0.1675,,,,,,,,
2025-04-10 18:53:35.813989+00:00,,,,,,,,,,,,,,,,,,,,,0,,,,,,,,
2025-04-10 18:53:36.827402+00:00,,,,,,,,,,,,,,,,,,,,,0.16875,,,,,,,,
2025-04-10 18:52:37.538487+00:00,,,,,,,,,,,,,,,,,,,,,,0,,,,,,,
2025-04-10 18:52:38.562631+00:00,,,,,,,,,,,,,,,,,,,,,,-1.25,,,,,,,
2025-04-10 18:52:39.590489+00:00,,,,,,,,,,,,,,,,,,,,,,-1.25,,,,,,,
2025-04-10 18:52:40.605039+00:00,,,,,,,,,,,,,,,,,,,,,,0,,,,,,,
2025-04-10 18:52:41.629994+00:00,,,,,,,,,,,,,,,,,,,,,,0,,,,,,,
2025-04-10 18:52:42.652779+00:00,,,,,,,,,,,,,,,,,,,,,,0,,,,,,,
2025-04-10 18:52:43.675668+00:00,,,,,,,,,,,,,,,,,,,,,,0,,,,,,,
2025-04-10 18:52:44.689065+00:00,,,,,,,,,,,,,,,,,,,,,,0,,,,,,,
2025-04-10 18:52:45.714916+00:00,,,,,,,,,,,,,,,,,,,,,,0,,,,,,,
2025-04-10 18:52:46.742092+00:00,,,,,,,,,,,,,,,,,,,,,,-1.25,,,,,,,
2025-04-10 18:52:47.769886+00:00,,,,,,,,,,,,,,,,,,,,,,0,,,,,,,
2025-04-10 18:52:48.784918+00:00,,,,,,,,,,,,,,,,,,,,,,0,,,,,,,
2025-04-10 18:52:49.809059+00:00,,,,,,,,,,,,,,,,,,,,,,1.25,,,,,,,
2025-04-10 18:52:50.832857+00:00,,,,,,,,,,,,,,,,,,,,,,0,,,,,,,
2025-04-10 18:52:51.856674+00:00,,,,,,,,,,,,,,,,,,,,,,1.25,,,,,,,
2025-04-10 18:52:52.870112+00:00,,,,,,,,,,,,,,,,,,,,,,1.25,,,,,,,
2025-04-10 18:52:53.896651+00:00,,,,,,,,,,,,,,,,,,,,,,1.25,,,,,,,
2025-04-10 18:52:54.910871+00:00,,,,,,,,,,,,,,,,,,,,,,1.25,,,,,,,
2025-04-10 18:52:55.936071+00:00,,,,,,,,,,,,,,,,,,,,,,1.25,,,,,,,
2025-04-10 18:52:56.959983+00:00,,,,,,,,,,,,,,,,,,,,,,0,,,,,,,
2025-04-10 18:52:57.987922+00:00,,,,,,,,,,,,,,,,,,,,,,0,,,,,,,
2025-04-10 18:52:59.011427+00:00,,,,,,,,,,,,,,,,,,,,,,1.25,,,,,,,
2025-04-10 18:53:00.035467+00:00,,,,,,,,,,,,,,,,,,,,,,0,,,,,,,
2025-04-10 18:53:01.048364+00:00,,,,,,,,,,,,,,,,,,,,,,1.25,,,,,,,
2025-04-10 18:53:02.068410+00:00,,,,,,,,,,,,,,,,,,,,,,0,,,,,,,
2025-04-10 18:53:03.092509+00:00,,,,,,,,,,,,,,,,,,,,,,-1.25,,,,,,,
2025-04-10 18:53:04.116459+00:00,,,,,,,,,,,,,,,,,,,,,,0,,,,,,,
2025-04-10 18:53:05.132281+00:00,,,,,,,,,,,,,,,,,,,,,,0,,,,,,,
2025-04-10 18:53:06.156017+00:00,,,,,,,,,,,,,,,,,,,,,,0,,,,,,,
2025-04-10 18:53:07.173883+00:00,,,,,,,,,,,,,,,,,,,,,,0,,,,,,,
2025-04-10 18:53:08.187810+00:00,,,,,,,,,,,,,,,,,,,,,,-1.25,,,,,,,
2025-04-10 18:53:09.199840+00:00,,,,,,,,,,,,,,,,,,,,,,0,,,,,,,
2025-04-10 18:53:10.225059+00:00,,,,,,,,,,,,,,,,,,,,,,-1.25,,,,,,,
2025-04-10 18:53:11.248275+00:00,,,,,,,,,,,,,,,,,,,,,,0,,,,,,,
2025-04-10 18:53:12.278139+00:00,,,,,,,,,,,,,,,,,,,,,,-1.25,,,,,,,
2025-04-10 18:53:13.292354+00:00,,,,,,,,,,,,,,,,,,,,,,-1.25,,,,,,,
2025-04-10 18:53:14.316916+00:00,,,,,,,,,,,,,,,,,,,,,,-1.25,,,,,,,
2025-04-10 18:53:15.343776+00:00,,,,,,,,,,,,,,,,,,,,,,0,,,,,,,
2025-04-10 18:53:16.367726+00:00,,,,,,,,,,,,,,,,,,,,,,0,,,,,,,
2025-04-10 18:53:17.395508+00:00,,,,,,,,,,,,,,,,,,,,,,0,,,,,,,
2025-04-10 18:53:18.420791+00:00,,,,,,,,,,,,,,,,,,,,,,0,,,,,,,
2025-04-10 18:53:19.448669+00:00,,,,,,,,,,,,,,,,,,,,,,0,,,,,,,
2025-04-10 18:53:20.461609+00:00,,,,,,,,,,,,,,,,,,,,,,1.25,,,,,,,
2025-04-10 18:53:21.475408+00:00,,,,,,,,,,,,,,,,,,,,,,0,,,,,,,
2025-04-10 18:53:22.488691+00:00,,,,,,,,,,,,,,,,,,,,,,1.25,,,,,,,
2025-04-10 18:53:23.517863+00:00,,,,,,,,,,,,,,,,,,,,,,0,,,,,,,
2025-04-10 18:53:24.542143+00:00,,,,,,,,,,,,,,,,,,,,,,0,,,,,,,
2025-04-10 18:53:25.559210+00:00,,,,,,,,,,,,,,,,,,,,,,0,,,,,,,
2025-04-10 18:53:26.583145+00:00,,,,,,,,,,,,,,,,,,,,,,-1.25,,,,,,,
2025-04-10 18:53:27.607184+00:00,,,,,,,,,,,,,,,,,,,,,,1.25,,,,,,,
2025-04-10 18:53:28.637326+00:00,,,,,,,,,,,,,,,,,,,,,,0,,,,,,,
2025-04-10 18:53:29.651433+00:00,,,,,,,,,,,,,,,,,,,,,,0,,,,,,,
2025-04-10 18:53:30.680449+00:00,,,,,,,,,,,,,,,,,,,,,,-1.25,,,,,,,
2025-04-10 18:53:31.707699+00:00,,,,,,,,,,,,,,,,,,,,,,1.25,,,,,,,
2025-04-10 18:53:32.735228+00:00,,,,,,,,,,,,,,,,,,,,,,1.25,,,,,,,
2025-04-10 18:53:33.748504+00:00,,,,,,,,,,,,,,,,,,,,,,-1.25,,,,,,,
2025-04-10 18:53:34.774000+00:00,,,,,,,,,,,,,,,,,,,,,,-1.25,,,,,,,
2025-04-10 18:53:35.799783+00:00,,,,,,,,,,,,,,,,,,,,,,1.25,,,,,,,
2025-04-10 18:53:36.823845+00:00,,,,,,,,,,,,,,,,,,,,,,0,,,,,,,
2025-04-10 18:52:37.556082+00:00,,,,,,,,,,,,,,,,,,,,,,,0,,,,,,
2025-04-10 18:52:38.583778+00:00,,,,,,,,,,,,,,,,,,,,,,,0,,,,,,
2025-04-10 18:52:39.598345+00:00,,,,,,,,,,,,,,,,,,,,,,,0,,,,,,
2025-04-10 18:52:40.623150+00:00,,,,,,,,,,,,,,,,,,,,,,,0,,,,,,
2025-04-10 18:52:41.645898+00:00,,,,,,,,,,,,,,,,,,,,,,,0,,,,,,
2025-04-10 18:52:42.669351+00:00,,,,,,,,,,,,,,,,,,,,,,,0,,,,,,
2025-04-10 18:52:43.682622+00:00,,,,,,,,,,,,,,,,,,,,,,,0,,,,,,
2025-04-10 18:52:44.708240+00:00,,,,,,,,,,,,,,,,,,,,,,,0,,,,,,
2025-04-10 18:52:45.735297+00:00,,,,,,,,,,,,,,,,,,,,,,,0,,,,,,
2025-04-10 18:52:46.763081+00:00,,,,,,,,,,,,,,,,,,,,,,,0,,,,,,
2025-04-10 18:52:47.778287+00:00,,,,,,,,,,,,,,,,,,,,,,,0,,,,,,
2025-04-10 18:52:48.802616+00:00,,,,,,,,,,,,,,,,,,,,,,,0,,,,,,
2025-04-10 18:52:49.826281+00:00,,,,,,,,,,,,,,,,,,,,,,,0,,,,,,
2025-04-10 18:52:50.850269+00:00,,,,,,,,,,,,,,,,,,,,,,,0,,,,,,
2025-04-10 18:52:51.863628+00:00,,,,,,,,,,,,,,,,,,,,,,,0,,,,,,
2025-04-10 18:52:52.888457+00:00,,,,,,,,,,,,,,,,,,,,,,,0,,,,,,
2025-04-10 18:52:53.904407+00:00,,,,,,,,,,,,,,,,,,,,,,,0,,,,,,
2025-04-10 18:52:54.928619+00:00,,,,,,,,,,,,,,,,,,,,,,,0,,,,,,
2025-04-10 18:52:55.953440+00:00,,,,,,,,,,,,,,,,,,,,,,,0,,,,,,
2025-04-10 18:52:56.981333+00:00,,,,,,,,,,,,,,,,,,,,,,,0,,,,,,
2025-04-10 18:52:58.004999+00:00,,,,,,,,,,,,,,,,,,,,,,,0,,,,,,
2025-04-10 18:52:59.029020+00:00,,,,,,,,,,,,,,,,,,,,,,,0,,,,,,
2025-04-10 18:53:00.042039+00:00,,,,,,,,,,,,,,,,,,,,,,,0,,,,,,
2025-04-10 18:53:01.061883+00:00,,,,,,,,,,,,,,,,,,,,,,,0,,,,,,
2025-04-10 18:53:02.086198+00:00,,,,,,,,,,,,,,,,,,,,,,,0,,,,,,
2025-04-10 18:53:03.110089+00:00,,,,,,,,,,,,,,,,,,,,,,,0,,,,,,
2025-04-10 18:53:04.124109+00:00,,,,,,,,,,,,,,,,,,,,,,,0,,,,,,
2025-04-10 18:53:05.149821+00:00,,,,,,,,,,,,,,,,,,,,,,,0,,,,,,
2025-04-10 18:53:06.167523+00:00,,,,,,,,,,,,,,,,,,,,,,,0,,,,,,
2025-04-10 18:53:07.179674+00:00,,,,,,,,,,,,,,,,,,,,,,,0,,,,,,
2025-04-10 18:53:08.193629+00:00,,,,,,,,,,,,,,,,,,,,,,,0,,,,,,
2025-04-10 18:53:09.218534+00:00,,,,,,,,,,,,,,,,,,,,,,,0,,,,,,
2025-04-10 18:53:10.241972+00:00,,,,,,,,,,,,,,,,,,,,,,,0,,,,,,
2025-04-10 18:53:11.271594+00:00,,,,,,,,,,,,,,,,,,,,,,,0,,,,,,
2025-04-10 18:53:12.285861+00:00,,,,,,,,,,,,,,,,,,,,,,,0,,,,,,
2025-04-10 18:53:13.310444+00:00,,,,,,,,,,,,,,,,,,,,,,,0,,,,,,
2025-04-10 18:53:14.337389+00:00,,,,,,,,,,,,,,,,,,,,,,,0,,,,,,
2025-04-10 18:53:15.361388+00:00,,,,,,,,,,,,,,,,,,,,,,,0,,,,,,
2025-04-10 18:53:16.389233+00:00,,,,,,,,,,,,,,,,,,,,,,,0,,,,,,
2025-04-10 18:53:17.414419+00:00,,,,,,,,,,,,,,,,,,,,,,,0,,,,,,
2025-04-10 18:53:18.442253+00:00,,,,,,,,,,,,,,,,,,,,,,,0,,,,,,
2025-04-10 18:53:19.455363+00:00,,,,,,,,,,,,,,,,,,,,,,,0,,,,,,
2025-04-10 18:53:20.468996+00:00,,,,,,,,,,,,,,,,,,,,,,,0,,,,,,
2025-04-10 18:53:21.481332+00:00,,,,,,,,,,,,,,,,,,,,,,,0,,,,,,
2025-04-10 18:53:22.511433+00:00,,,,,,,,,,,,,,,,,,,,,,,0,,,,,,
2025-04-10 18:53:23.535505+00:00,,,,,,,,,,,,,,,,,,,,,,,0,,,,,,
2025-04-10 18:53:24.552608+00:00,,,,,,,,,,,,,,,,,,,,,,,0,,,,,,
2025-04-10 18:53:25.576798+00:00,,,,,,,,,,,,,,,,,,,,,,,0,,,,,,
2025-04-10 18:53:26.600782+00:00,,,,,,,,,,,,,,,,,,,,,,,0,,,,,,
2025-04-10 18:53:27.630980+00:00,,,,,,,,,,,,,,,,,,,,,,,0,,,,,,
2025-04-10 18:53:28.644811+00:00,,,,,,,,,,,,,,,,,,,,,,,0,,,,,,
2025-04-10 18:53:29.674105+00:00,,,,,,,,,,,,,,,,,,,,,,,0,,,,,,
2025-04-10 18:53:30.701261+00:00,,,,,,,,,,,,,,,,,,,,,,,0,,,,,,
2025-04-10 18:53:31.728678+00:00,,,,,,,,,,,,,,,,,,,,,,,0,,,,,,
2025-04-10 18:53:32.741964+00:00,,,,,,,,,,,,,,,,,,,,,,,0,,,,,,
2025-04-10 18:53:33.767482+00:00,,,,,,,,,,,,,,,,,,,,,,,0,,,,,,
2025-04-10 18:53:34.793304+00:00,,,,,,,,,,,,,,,,,,,,,,,0,,,,,,
2025-04-10 18:53:35.817128+00:00,,,,,,,,,,,,,,,,,,,,,,,0,,,,,,
2025-04-10 18:53:36.830435+00:00,,,,,,,,,,,,,,,,,,,,,,,0,,,,,,
2025-04-10 18:52:37.224268+00:00,,,,,,,,,,,,,,,,,,,,,,,,,4.1,,,,
2025-04-10 18:52:38.303291+00:00,,,,,,,,,,,,,,,,,,,,,,,,,4.1,,,,
2025-04-10 18:52:39.376353+00:00,,,,,,,,,,,,,,,,,,,,,,,,,4.1,,,,
2025-04-10 18:52:40.450266+00:00,,,,,,,,,,,,,,,,,,,,,,,,,4.1,,,,
2025-04-10 18:52:41.626509+00:00,,,,,,,,,,,,,,,,,,,,,,,,,4.1,,,,
2025-04-10 18:52:42.701303+00:00,,,,,,,,,,,,,,,,,,,,,,,,,4.2,,,,
2025-04-10 18:52:43.864499+00:00,,,,,,,,,,,,,,,,,,,,,,,,,4.2,,,,
2025-04-10 18:52:45.041311+00:00,,,,,,,,,,,,,,,,,,,,,,,,,4.1,,,,
2025-04-10 18:52:46.104881+00:00,,,,,,,,,,,,,,,,,,,,,,,,,4.1,,,,
2025-04-10 18:52:46.980439+00:00,,,,,,,,,,,,,,,,,,,,,,,,,4.1,,,,
2025-04-10 18:52:48.143860+00:00,,,,,,,,,,,,,,,,,,,,,,,,,4.1,,,,
2025-04-10 18:52:49.222741+00:00,,,,,,,,,,,,,,,,,,,,,,,,,4.1,,,,
2025-04-10 18:52:50.395999+00:00,,,,,,,,,,,,,,,,,,,,,,,,,4.1,,,,
2025-04-10 18:52:51.471260+00:00,,,,,,,,,,,,,,,,,,,,,,,,,4.2,,,,
2025-04-10 18:52:53.036367+00:00,,,,,,,,,,,,,,,,,,,,,,,,,4.2,,,,
2025-04-10 18:52:54.208251+00:00,,,,,,,,,,,,,,,,,,,,,,,,,4.1,,,,
2025-04-10 18:52:55.383679+00:00,,,,,,,,,,,,,,,,,,,,,,,,,4.1,,,,
2025-04-10 18:52:56.560669+00:00,,,,,,,,,,,,,,,,,,,,,,,,,4.1,,,,
2025-04-10 18:52:57.626515+00:00,,,,,,,,,,,,,,,,,,,,,,,,,4.1,,,,
2025-04-10 18:52:58.803096+00:00,,,,,,,,,,,,,,,,,,,,,,,,,4.1,,,,
2025-04-10 18:52:59.965413+00:00,,,,,,,,,,,,,,,,,,,,,,,,,3.9,,,,
2025-04-10 18:53:01.041193+00:00,,,,,,,,,,,,,,,,,,,,,,,,,3.9,,,,
2025-04-10 18:53:02.217848+00:00,,,,,,,,,,,,,,,,,,,,,,,,,3.9,,,,
2025-04-10 18:53:03.391607+00:00,,,,,,,,,,,,,,,,,,,,,,,,,4.1,,,,
2025-04-10 18:53:04.569683+00:00,,,,,,,,,,,,,,,,,,,,,,,,,4.1,,,,
2025-04-10 18:53:05.549686+00:00,,,,,,,,,,,,,,,,,,,,,,,,,4.1,,,,
2025-04-10 18:53:06.629341+00:00,,,,,,,,,,,,,,,,,,,,,,,,,3.9,,,,
2025-04-10 18:53:07.807117+00:00,,,,,,,,,,,,,,,,,,,,,,,,,3.9,,,,
2025-04-10 18:53:08.985078+00:00,,,,,,,,,,,,,,,,,,,,,,,,,4,,,,
2025-04-10 18:53:09.963512+00:00,,,,,,,,,,,,,,,,,,,,,,,,,4,,,,
2025-04-10 18:53:11.141318+00:00,,,,,,,,,,,,,,,,,,,,,,,,,4,,,,
2025-04-10 18:53:12.320752+00:00,,,,,,,,,,,,,,,,,,,,,,,,,3.9,,,,
2025-04-10 18:53:13.485608+00:00,,,,,,,,,,,,,,,,,,,,,,,,,3.9,,,,
2025-04-10 18:53:14.661077+00:00,,,,,,,,,,,,,,,,,,,,,,,,,3.9,,,,
2025-04-10 18:53:15.840966+00:00,,,,,,,,,,,,,,,,,,,,,,,,,3.9,,,,
2025-04-10 18:53:17.016549+00:00,,,,,,,,,,,,,,,,,,,,,,,,,3.9,,,,
2025-04-10 18:53:18.194026+00:00,,,,,,,,,,,,,,,,,,,,,,,,,4.1,,,,
2025-04-10 18:53:19.370737+00:00,,,,,,,,,,,,,,,,,,,,,,,,,4.1,,,,
2025-04-10 18:53:20.247394+00:00,,,,,,,,,,,,,,,,,,,,,,,,,4.1,,,,
2025-04-10 18:53:21.422894+00:00,,,,,,,,,,,,,,,,,,,,,,,,,4.1,,,,
2025-04-10 18:53:22.904982+00:00,,,,,,,,,,,,,,,,,,,,,,,,,4.1,,,,
2025-04-10 18:53:24.079218+00:00,,,,,,,,,,,,,,,,,,,,,,,,,4,,,,
2025-04-10 18:53:25.257821+00:00,,,,,,,,,,,,,,,,,,,,,,,,,4,,,,
2025-04-10 18:53:26.334455+00:00,,,,,,,,,,,,,,,,,,,,,,,,,4,,,,
2025-04-10 18:53:27.512039+00:00,,,,,,,,,,,,,,,,,,,,,,,,,4.1,,,,
2025-04-10 18:53:28.590321+00:00,,,,,,,,,,,,,,,,,,,,,,,,,4.1,,,,
2025-04-10 18:53:29.767904+00:00,,,,,,,,,,,,,,,,,,,,,,,,,4.1,,,,
2025-04-10 18:53:30.946473+00:00,,,,,,,,,,,,,,,,,,,,,,,,,4.1,,,,
2025-04-10 18:53:32.125626+00:00,,,,,,,,,,,,,,,,,,,,,,,,,4.1,,,,
2025-04-10 18:53:33.298178+00:00,,,,,,,,,,,,,,,,,,,,,,,,,4.1,,,,
2025-04-10 18:53:34.359646+00:00,,,,,,,,,,,,,,,,,,,,,,,,,4.1,,,,
2025-04-10 18:53:35.521626+00:00,,,,,,,,,,,,,,,,,,,,,,,,,4.1,,,,
2025-04-10 18:53:36.597587+00:00,,,,,,,,,,,,,,,,,,,,,,,,,4.1,,,,
2025-04-10 18:52:37.243054+00:00,,,,,,,,,,,,,,,,,,,,,,,,,,1,,,
2025-04-10 18:52:38.318904+00:00,,,,,,,,,,,,,,,,,,,,,,,,,,1,,,
2025-04-10 18:52:39.391235+00:00,,,,,,,,,,,,,,,,,,,,,,,,,,1,,,
2025-04-10 18:52:40.465306+00:00,,,,,,,,,,,,,,,,,,,,,,,,,,1,,,
2025-04-10 18:52:41.641756+00:00,,,,,,,,,,,,,,,,,,,,,,,,,,1,,,
2025-04-10 18:52:42.706016+00:00,,,,,,,,,,,,,,,,,,,,,,,,,,1,,,
2025-04-10 18:52:43.883001+00:00,,,,,,,,,,,,,,,,,,,,,,,,,,1,,,
2025-04-10 18:52:45.046243+00:00,,,,,,,,,,,,,,,,,,,,,,,,,,1,,,
2025-04-10 18:52:46.120290+00:00,,,,,,,,,,,,,,,,,,,,,,,,,,1,,,
2025-04-10 18:52:46.985718+00:00,,,,,,,,,,,,,,,,,,,,,,,,,,1,,,
2025-04-10 18:52:48.163463+00:00,,,,,,,,,,,,,,,,,,,,,,,,,,1,,,
2025-04-10 18:52:49.238173+00:00,,,,,,,,,,,,,,,,,,,,,,,,,,1,,,
2025-04-10 18:52:50.409340+00:00,,,,,,,,,,,,,,,,,,,,,,,,,,1,,,
2025-04-10 18:52:51.474660+00:00,,,,,,,,,,,,,,,,,,,,,,,,,,1,,,
2025-04-10 18:52:53.042496+00:00,,,,,,,,,,,,,,,,,,,,,,,,,,1,,,
2025-04-10 18:52:54.224065+00:00,,,,,,,,,,,,,,,,,,,,,,,,,,1,,,
2025-04-10 18:52:55.398786+00:00,,,,,,,,,,,,,,,,,,,,,,,,,,1,,,
2025-04-10 18:52:56.564673+00:00,,,,,,,,,,,,,,,,,,,,,,,,,,1,,,
2025-04-10 18:52:57.644722+00:00,,,,,,,,,,,,,,,,,,,,,,,,,,1,,,
2025-04-10 18:52:58.806516+00:00,,,,,,,,,,,,,,,,,,,,,,,,,,1,,,
2025-04-10 18:52:59.983145+00:00,,,,,,,,,,,,,,,,,,,,,,,,,,1,,,
2025-04-10 18:53:01.058025+00:00,,,,,,,,,,,,,,,,,,,,,,,,,,1,,,
2025-04-10 18:53:02.232748+00:00,,,,,,,,,,,,,,,,,,,,,,,,,,1,,,
2025-04-10 18:53:03.411040+00:00,,,,,,,,,,,,,,,,,,,,,,,,,,1,,,
2025-04-10 18:53:04.589116+00:00,,,,,,,,,,,,,,,,,,,,,,,,,,1,,,
2025-04-10 18:53:05.568811+00:00,,,,,,,,,,,,,,,,,,,,,,,,,,1,,,
2025-04-10 18:53:06.648369+00:00,,,,,,,,,,,,,,,,,,,,,,,,,,1,,,
2025-04-10 18:53:07.826005+00:00,,,,,,,,,,,,,,,,,,,,,,,,,,1,,,
2025-04-10 18:53:09.004785+00:00,,,,,,,,,,,,,,,,,,,,,,,,,,1,,,
2025-04-10 18:53:09.982598+00:00,,,,,,,,,,,,,,,,,,,,,,,,,,1,,,
2025-04-10 18:53:11.158770+00:00,,,,,,,,,,,,,,,,,,,,,,,,,,1,,,
2025-04-10 18:53:12.323826+00:00,,,,,,,,,,,,,,,,,,,,,,,,,,1,,,
2025-04-10 18:53:13.502914+00:00,,,,,,,,,,,,,,,,,,,,,,,,,,1,,,
2025-04-10 18:53:14.680656+00:00,,,,,,,,,,,,,,,,,,,,,,,,,,1,,,
2025-04-10 18:53:15.857079+00:00,,,,,,,,,,,,,,,,,,,,,,,,,,1,,,
2025-04-10 18:53:17.035273+00:00,,,,,,,,,,,,,,,,,,,,,,,,,,1,,,
2025-04-10 18:53:18.212251+00:00,,,,,,,,,,,,,,,,,,,,,,,,,,1,,,
2025-04-10 18:53:19.388786+00:00,,,,,,,,,,,,,,,,,,,,,,,,,,1,,,
2025-04-10 18:53:20.262232+00:00,,,,,,,,,,,,,,,,,,,,,,,,,,1,,,
2025-04-10 18:53:21.441280+00:00,,,,,,,,,,,,,,,,,,,,,,,,,,1,,,
2025-04-10 18:53:22.920024+00:00,,,,,,,,,,,,,,,,,,,,,,,,,,1,,,
2025-04-10 18:53:24.098082+00:00,,,,,,,,,,,,,,,,,,,,,,,,,,1,,,
2025-04-10 18:53:25.274152+00:00,,,,,,,,,,,,,,,,,,,,,,,,,,1,,,
2025-04-10 18:53:26.353468+00:00,,,,,,,,,,,,,,,,,,,,,,,,,,1,,,
2025-04-10 18:53:27.531495+00:00,,,,,,,,,,,,,,,,,,,,,,,,,,1,,,
2025-04-10 18:53:28.609290+00:00,,,,,,,,,,,,,,,,,,,,,,,,,,1,,,
2025-04-10 18:53:29.786053+00:00,,,,,,,,,,,,,,,,,,,,,,,,,,1,,,
2025-04-10 18:53:30.966518+00:00,,,,,,,,,,,,,,,,,,,,,,,,,,1,,,
2025-04-10 18:53:32.140183+00:00,,,,,,,,,,,,,,,,,,,,,,,,,,1,,,
2025-04-10 18:53:33.302022+00:00,,,,,,,,,,,,,,,,,,,,,,,,,,1,,,
2025-04-10 18:53:34.363777+00:00,,,,,,,,,,,,,,,,,,,,,,,,,,1,,,
2025-04-10 18:53:35.536658+00:00,,,,,,,,,,,,,,,,,,,,,,,,,,1,,,
2025-04-10 18:53:36.614430+00:00,,,,,,,,,,,,,,,,,,,,,,,,,,1,,,
2025-04-10 18:52:37.249233+00:00,,,,,,,,,,,,,,,,,,,,,,,,,,,65.12,,
2025-04-10 18:52:38.324614+00:00,,,,,,,,,,,,,,,,,,,,,,,,,,,65.12,,
2025-04-10 18:52:39.397805+00:00,,,,,,,,,,,,,,,,,,,,,,,,,,,65.12,,
2025-04-10 18:52:40.471801+00:00,,,,,,,,,,,,,,,,,,,,,,,,,,,65.12,,
2025-04-10 18:52:41.648419+00:00,,,,,,,,,,,,,,,,,,,,,,,,,,,65.12,,
2025-04-10 18:52:42.712234+00:00,,,,,,,,,,,,,,,,,,,,,,,,,,,65.12,,
2025-04-10 18:52:43.889549+00:00,,,,,,,,,,,,,,,,,,,,,,,,,,,65.12,,
2025-04-10 18:52:45.052869+00:00,,,,,,,,,,,,,,,,,,,,,,,,,,,65.12,,
2025-04-10 18:52:46.126438+00:00,,,,,,,,,,,,,,,,,,,,,,,,,,,65.12,,
2025-04-10 18:52:46.991808+00:00,,,,,,,,,,,,,,,,,,,,,,,,,,,65.12,,
2025-04-10 18:52:48.170357+00:00,,,,,,,,,,,,,,,,,,,,,,,,,,,65.12,,
2025-04-10 18:52:49.244392+00:00,,,,,,,,,,,,,,,,,,,,,,,,,,,65.12,,
2025-04-10 18:52:50.415675+00:00,,,,,,,,,,,,,,,,,,,,,,,,,,,65.12,,
2025-04-10 18:52:51.480350+00:00,,,,,,,,,,,,,,,,,,,,,,,,,,,65.12,,
2025-04-10 18:52:53.049556+00:00,,,,,,,,,,,,,,,,,,,,,,,,,,,65.18,,
2025-04-10 18:52:54.230949+00:00,,,,,,,,,,,,,,,,,,,,,,,,,,,65.18,,
2025-04-10 18:52:55.405320+00:00,,,,,,,,,,,,,,,,,,,,,,,,,,,65.18,,
2025-04-10 18:52:56.572152+00:00,,,,,,,,,,,,,,,,,,,,,,,,,,,65.18,,
2025-04-10 18:52:57.651244+00:00,,,,,,,,,,,,,,,,,,,,,,,,,,,65.18,,
2025-04-10 18:52:58.812044+00:00,,,,,,,,,,,,,,,,,,,,,,,,,,,65.18,,
2025-04-10 18:52:59.989484+00:00,,,,,,,,,,,,,,,,,,,,,,,,,,,65.18,,
2025-04-10 18:53:01.064186+00:00,,,,,,,,,,,,,,,,,,,,,,,,,,,65.18,,
2025-04-10 18:53:02.238894+00:00,,,,,,,,,,,,,,,,,,,,,,,,,,,65.18,,
2025-04-10 18:53:03.417591+00:00,,,,,,,,,,,,,,,,,,,,,,,,,,,65.18,,
2025-04-10 18:53:04.595429+00:00,,,,,,,,,,,,,,,,,,,,,,,,,,,65.18,,
2025-04-10 18:53:05.575355+00:00,,,,,,,,,,,,,,,,,,,,,,,,,,,65.18,,
2025-04-10 18:53:06.654561+00:00,,,,,,,,,,,,,,,,,,,,,,,,,,,65.18,,
2025-04-10 18:53:07.832682+00:00,,,,,,,,,,,,,,,,,,,,,,,,,,,65.18,,
2025-04-10 18:53:09.011796+00:00,,,,,,,,,,,,,,,,,,,,,,,,,,,65.18,,
2025-04-10 18:53:09.989040+00:00,,,,,,,,,,,,,,,,,,,,,,,,,,,65.18,,
2025-04-10 18:53:11.165781+00:00,,,,,,,,,,,,,,,,,,,,,,,,,,,65.18,,
2025-04-10 18:53:12.330293+00:00,,,,,,,,,,,,,,,,,,,,,,,,,,,65.18,,
2025-04-10 18:53:13.508898+00:00,,,,,,,,,,,,,,,,,,,,,,,,,,,65.18,,
2025-04-10 18:53:14.687185+00:00,,,,,,,,,,,,,,,,,,,,,,,,,,,65.18,,
2025-04-10 18:53:15.863417+00:00,,,,,,,,,,,,,,,,,,,,,,,,,,,65.18,,
2025-04-10 18:53:17.041653+00:00,,,,,,,,,,,,,,,,,,,,,,,,,,,65.18,,
2025-04-10 18:53:18.218700+00:00,,,,,,,,,,,,,,,,,,,,,,,,,,,65.18,,
2025-04-10 18:53:19.395877+00:00,,,,,,,,,,,,,,,,,,,,,,,,,,,65.18,,
2025-04-10 18:53:20.268603+00:00,,,,,,,,,,,,,,,,,,,,,,,,,,,65.18,,
2025-04-10 18:53:21.448151+00:00,,,,,,,,,,,,,,,,,,,,,,,,,,,65.18,,
2025-04-10 18:53:22.926689+00:00,,,,,,,,,,,,,,,,,,,,,,,,,,,65.24,,
2025-04-10 18:53:24.104909+00:00,,,,,,,,,,,,,,,,,,,,,,,,,,,65.24,,
2025-04-10 18:53:25.280282+00:00,,,,,,,,,,,,,,,,,,,,,,,,,,,65.24,,
2025-04-10 18:53:26.359793+00:00,,,,,,,,,,,,,,,,,,,,,,,,,,,65.24,,
2025-04-10 18:53:27.537770+00:00,,,,,,,,,,,,,,,,,,,,,,,,,,,65.24,,
2025-04-10 18:53:28.615768+00:00,,,,,,,,,,,,,,,,,,,,,,,,,,,65.24,,
2025-04-10 18:53:29.792057+00:00,,,,,,,,,,,,,,,,,,,,,,,,,,,65.24,,
2025-04-10 18:53:30.972869+00:00,,,,,,,,,,,,,,,,,,,,,,,,,,,65.24,,
2025-04-10 18:53:32.146027+00:00,,,,,,,,,,,,,,,,,,,,,,,,,,,65.24,,
2025-04-10 18:53:33.308316+00:00,,,,,,,,,,,,,,,,,,,,,,,,,,,65.24,,
2025-04-10 18:53:34.369689+00:00,,,,,,,,,,,,,,,,,,,,,,,,,,,65.24,,
2025-04-10 18:53:35.542599+00:00,,,,,,,,,,,,,,,,,,,,,,,,,,,65.24,,
2025-04-10 18:53:36.620923+00:00,,,,,,,,,,,,,,,,,,,,,,,,,,,65.24,,
2025-04-10 18:52:37.251983+00:00,,,,,,,,,,,,,,,,,,,,,,,,,,,,1020.55,
2025-04-10 18:52:38.327154+00:00,,,,,,,,,,,,,,,,,,,,,,,,,,,,1020.55,
2025-04-10 18:52:39.400617+00:00,,,,,,,,,,,,,,,,,,,,,,,,,,,,1020.55,
2025-04-10 18:52:40.474942+00:00,,,,,,,,,,,,,,,,,,,,,,,,,,,,1020.55,
2025-04-10 18:52:41.651399+00:00,,,,,,,,,,,,,,,,,,,,,,,,,,,,1020.55,
2025-04-10 18:52:42.715011+00:00,,,,,,,,,,,,,,,,,,,,,,,,,,,,1020.55,
2025-04-10 18:52:43.892229+00:00,,,,,,,,,,,,,,,,,,,,,,,,,,,,1020.55,
2025-04-10 18:52:45.055795+00:00,,,,,,,,,,,,,,,,,,,,,,,,,,,,1020.55,
2025-04-10 18:52:46.129255+00:00,,,,,,,,,,,,,,,,,,,,,,,,,,,,1020.55,
2025-04-10 18:52:46.994570+00:00,,,,,,,,,,,,,,,,,,,,,,,,,,,,1020.55,
2025-04-10 18:52:48.173229+00:00,,,,,,,,,,,,,,,,,,,,,,,,,,,,1020.55,
2025-04-10 18:52:49.246914+00:00,,,,,,,,,,,,,,,,,,,,,,,,,,,,1020.55,
2025-04-10 18:52:50.418347+00:00,,,,,,,,,,,,,,,,,,,,,,,,,,,,1020.55,
2025-04-10 18:52:51.483030+00:00,,,,,,,,,,,,,,,,,,,,,,,,,,,,1020.55,
2025-04-10 18:52:53.054892+00:00,,,,,,,,,,,,,,,,,,,,,,,,,,,,1020.53,
2025-04-10 18:52:54.233682+00:00,,,,,,,,,,,,,,,,,,,,,,,,,,,,1020.53,
2025-04-10 18:52:55.408263+00:00,,,,,,,,,,,,,,,,,,,,,,,,,,,,1020.53,
2025-04-10 18:52:56.575865+00:00,,,,,,,,,,,,,,,,,,,,,,,,,,,,1020.53,
2025-04-10 18:52:57.653827+00:00,,,,,,,,,,,,,,,,,,,,,,,,,,,,1020.53,
2025-04-10 18:52:58.814845+00:00,,,,,,,,,,,,,,,,,,,,,,,,,,,,1020.53,
2025-04-10 18:52:59.992177+00:00,,,,,,,,,,,,,,,,,,,,,,,,,,,,1020.53,
2025-04-10 18:53:01.067037+00:00,,,,,,,,,,,,,,,,,,,,,,,,,,,,1020.53,
2025-04-10 18:53:02.241730+00:00,,,,,,,,,,,,,,,,,,,,,,,,,,,,1020.53,
2025-04-10 18:53:03.420352+00:00,,,,,,,,,,,,,,,,,,,,,,,,,,,,1020.53,
2025-04-10 18:53:04.598000+00:00,,,,,,,,,,,,,,,,,,,,,,,,,,,,1020.53,
2025-04-10 18:53:05.578136+00:00,,,,,,,,,,,,,,,,,,,,,,,,,,,,1020.53,
2025-04-10 18:53:06.657181+00:00,,,,,,,,,,,,,,,,,,,,,,,,,,,,1020.53,
2025-04-10 18:53:07.835469+00:00,,,,,,,,,,,,,,,,,,,,,,,,,,,,1020.53,
2025-04-10 18:53:09.014538+00:00,,,,,,,,,,,,,,,,,,,,,,,,,,,,1020.53,
2025-04-10 18:53:09.991740+00:00,,,,,,,,,,,,,,,,,,,,,,,,,,,,1020.53,
2025-04-10 18:53:11.168616+00:00,,,,,,,,,,,,,,,,,,,,,,,,,,,,1020.53,
2025-04-10 18:53:12.332988+00:00,,,,,,,,,,,,,,,,,,,,,,,,,,,,1020.53,
2025-04-10 18:53:13.511661+00:00,,,,,,,,,,,,,,,,,,,,,,,,,,,,1020.53,
2025-04-10 18:53:14.689975+00:00,,,,,,,,,,,,,,,,,,,,,,,,,,,,1020.53,
2025-04-10 18:53:15.866122+00:00,,,,,,,,,,,,,,,,,,,,,,,,,,,,1020.53,
2025-04-10 18:53:17.044601+00:00,,,,,,,,,,,,,,,,,,,,,,,,,,,,1020.53,
2025-04-10 18:53:18.221372+00:00,,,,,,,,,,,,,,,,,,,,,,,,,,,,1020.53,
2025-04-10 18:53:19.398747+00:00,,,,,,,,,,,,,,,,,,,,,,,,,,,,1020.53,
2025-04-10 18:53:20.271671+00:00,,,,,,,,,,,,,,,,,,,,,,,,,,,,1020.53,
2025-04-10 18:53:21.451016+00:00,,,,,,,,,,,,,,,,,,,,,,,,,,,,1020.53,
2025-04-10 18:53:22.929696+00:00,,,,,,,,,,,,,,,,,,,,,,,,,,,,1020.54,
2025-04-10 18:53:24.108147+00:00,,,,,,,,,,,,,,,,,,,,,,,,,,,,1020.54,
2025-04-10 18:53:25.282920+00:00,,,,,,,,,,,,,,,,,,,,,,,,,,,,1020.54,
2025-04-10 18:53:26.362468+00:00,,,,,,,,,,,,,,,,,,,,,,,,,,,,1020.54,
2025-04-10 18:53:27.540652+00:00,,,,,,,,,,,,,,,,,,,,,,,,,,,,1020.54,
2025-04-10 18:53:28.618383+00:00,,,,,,,,,,,,,,,,,,,,,,,,,,,,1020.54,
2025-04-10 18:53:29.794684+00:00,,,,,,,,,,,,,,,,,,,,,,,,,,,,1020.54,
2025-04-10 18:53:30.975399+00:00,,,,,,,,,,,,,,,,,,,,,,,,,,,,1020.54,
2025-04-10 18:53:32.148625+00:00,,,,,,,,,,,,,,,,,,,,,,,,,,,,1020.54,
2025-04-10 18:53:33.310864+00:00,,,,,,,,,,,,,,,,,,,,,,,,,,,,1020.54,
2025-04-10 18:53:34.372223+00:00,,,,,,,,,,,,,,,,,,,,,,,,,,,,1020.54,
2025-04-10 18:53:35.545402+00:00,,,,,,,,,,,,,,,,,,,,,,,,,,,,1020.54,
2025-04-10 18:53:36.623520+00:00,,,,,,,,,,,,,,,,,,,,,,,,,,,,1020.54,
2025-04-10 18:52:38.329790+00:00,,,,,,,,,,,,,,,,,,,,,,,,,,,,,-46.18
2025-04-10 18:52:39.403606+00:00,,,,,,,,,,,,,,,,,,,,,,,,,,,,,-46.18
2025-04-10 18:52:40.478119+00:00,,,,,,,,,,,,,,,,,,,,,,,,,,,,,-46.18
2025-04-10 18:52:41.654276+00:00,,,,,,,,,,,,,,,,,,,,,,,,,,,,,-46.18
2025-04-10 18:52:42.717913+00:00,,,,,,,,,,,,,,,,,,,,,,,,,,,,,-46.18
2025-04-10 18:52:43.894734+00:00,,,,,,,,,,,,,,,,,,,,,,,,,,,,,-46.18
2025-04-10 18:52:45.058428+00:00,,,,,,,,,,,,,,,,,,,,,,,,,,,,,-46.18
2025-04-10 18:52:46.131992+00:00,,,,,,,,,,,,,,,,,,,,,,,,,,,,,-46.18
2025-04-10 18:52:46.997181+00:00,,,,,,,,,,,,,,,,,,,,,,,,,,,,,-46.18
2025-04-10 18:52:48.175831+00:00,,,,,,,,,,,,,,,,,,,,,,,,,,,,,-46.18
2025-04-10 18:52:49.249430+00:00,,,,,,,,,,,,,,,,,,,,,,,,,,,,,-46.18
2025-04-10 18:52:50.421111+00:00,,,,,,,,,,,,,,,,,,,,,,,,,,,,,-46.18
2025-04-10 18:52:51.485745+00:00,,,,,,,,,,,,,,,,,,,,,,,,,,,,,-46.18
2025-04-10 18:52:53.058200+00:00,,,,,,,,,,,,,,,,,,,,,,,,,,,,,-45.6
2025-04-10 18:52:54.236351+00:00,,,,,,,,,,,,,,,,,,,,,,,,,,,,,-45.6
2025-04-10 18:52:55.410884+00:00,,,,,,,,,,,,,,,,,,,,,,,,,,,,,-45.6
2025-04-10 18:52:56.578879+00:00,,,,,,,,,,,,,,,,,,,,,,,,,,,,,-45.6
2025-04-10 18:52:57.656427+00:00,,,,,,,,,,,,,,,,,,,,,,,,,,,,,-45.6
2025-04-10 18:52:58.817479+00:00,,,,,,,,,,,,,,,,,,,,,,,,,,,,,-45.6
2025-04-10 18:52:59.994765+00:00,,,,,,,,,,,,,,,,,,,,,,,,,,,,,-45.6
2025-04-10 18:53:01.069672+00:00,,,,,,,,,,,,,,,,,,,,,,,,,,,,,-45.6
2025-04-10 18:53:02.244604+00:00,,,,,,,,,,,,,,,,,,,,,,,,,,,,,-45.6
2025-04-10 18:53:03.422963+00:00,,,,,,,,,,,,,,,,,,,,,,,,,,,,,-45.6
2025-04-10 18:53:04.600504+00:00,,,,,,,,,,,,,,,,,,,,,,,,,,,,,-45.6
2025-04-10 18:53:05.580722+00:00,,,,,,,,,,,,,,,,,,,,,,,,,,,,,-45.6
2025-04-10 18:53:06.659967+00:00,,,,,,,,,,,,,,,,,,,,,,,,,,,,,-45.6
2025-04-10 18:53:07.838101+00:00,,,,,,,,,,,,,,,,,,,,,,,,,,,,,-45.6
2025-04-10 18:53:09.017209+00:00,,,,,,,,,,,,,,,,,,,,,,,,,,,,,-45.6
2025-04-10 18:53:09.994372+00:00,,,,,,,,,,,,,,,,,,,,,,,,,,,,,-45.6
2025-04-10 18:53:11.171324+00:00,,,,,,,,,,,,,,,,,,,,,,,,,,,,,-45.6
2025-04-10 18:53:12.335804+00:00,,,,,,,,,,,,,,,,,,,,,,,,,,,,,-45.6
2025-04-10 18:53:13.514309+00:00,,,,,,,,,,,,,,,,,,,,,,,,,,,,,-45.6
2025-04-10 18:53:14.692531+00:00,,,,,,,,,,,,,,,,,,,,,,,,,,,,,-45.6
2025-04-10 18:53:15.868728+00:00,,,,,,,,,,,,,,,,,,,,,,,,,,,,,-45.6
2025-04-10 18:53:17.047308+00:00,,,,,,,,,,,,,,,,,,,,,,,,,,,,,-45.6
2025-04-10 18:53:18.223950+00:00,,,,,,,,,,,,,,,,,,,,,,,,,,,,,-45.6
2025-04-10 18:53:19.401414+00:00,,,,,,,,,,,,,,,,,,,,,,,,,,,,,-45.6
2025-04-10 18:53:20.274306+00:00,,,,,,,,,,,,,,,,,,,,,,,,,,,,,-45.6
2025-04-10 18:53:21.453615+00:00,,,,,,,,,,,,,,,,,,,,,,,,,,,,,-45.6
2025-04-10 18:53:22.932364+00:00,,,,,,,,,,,,,,,,,,,,,,,,,,,,,-45.48
2025-04-10 18:53:24.110774+00:00,,,,,,,,,,,,,,,,,,,,,,,,,,,,,-45.48
2025-04-10 18:53:25.285574+00:00,,,,,,,,,,,,,,,,,,,,,,,,,,,,,-45.48
2025-04-10 18:53:26.365036+00:00,,,,,,,,,,,,,,,,,,,,,,,,,,,,,-45.48
2025-04-10 18:53:27.543349+00:00,,,,,,,,,,,,,,,,,,,,,,,,,,,,,-45.48
2025-04-10 18:53:28.621133+00:00,,,,,,,,,,,,,,,,,,,,,,,,,,,,,-45.48
2025-04-10 18:53:29.797366+00:00,,,,,,,,,,,,,,,,,,,,,,,,,,,,,-45.48
2025-04-10 18:53:30.978120+00:00,,,,,,,,,,,,,,,,,,,,,,,,,,,,,-45.48
2025-04-10 18:53:32.151180+00:00,,,,,,,,,,,,,,,,,,,,,,,,,,,,,-45.48
2025-04-10 18:53:33.313453+00:00,,,,,,,,,,,,,,,,,,,,,,,,,,,,,-45.48
2025-04-10 18:53:34.374770+00:00,,,,,,,,,,,,,,,,,,,,,,,,,,,,,-45.48
2025-04-10 18:53:35.548156+00:00,,,,,,,,,,,,,,,,,,,,,,,,,,,,,-45.48
2025-04-10 18:53:36.626051+00:00,,,,,,,,,,,,,,,,,,,,,,,,,,,,,-45.48
