timestamp,rpm_value,orientation_heading,orientation_roll,orientation_pitch,temperature_temp_c,magnetometer_mx,magnetometer_my,magnetometer_mz,gyroscope_gx,gyroscope_gy,gyroscope_gz,accelerometer_ax,accelerometer_ay,accelerometer_az,linear_acceleration_lx,linear_acceleration_ly,linear_acceleration_lz,gravity_grx,gravity_gry,gravity_grz,voltage_value,current_value,power_value,weatherstation_speed,weatherstation_direction,weatherstation_humidity,weatherstation_pressure,weatherstation_altitude,low_fan,med_fan,high_fan
2025-04-10 17:47:06.301454+00:00,59.59147139347838,356.6875,-2.625,-1.25,23,-34.5,28.75,-71.5,0.04,0.057777777777777775,-0.021111111,-0.22,0.11,9.51,0.16,0.11,-0.33,-0.49,0.23,9.79,1.9412500000000001,2.5,0,2.3,0,65.44,1021.06,-50.33,1,0,0
2025-04-10 17:47:07.302602+00:00,59.93335505295587,356.75,-2.75,-1.3125,23,-37.875,22.375,-80,0.052222222222222225,0.054444444,-0.094444444,-0.5,0.22,9.26,-0.02,0.28,-0.53,-0.52,0.24,9.78,1.86125,2.5,0,2.3,0,65.44,1021.06,-50.33,1,0,0
2025-04-10 17:47:08.283939+00:00,61.14059617235714,356.9375,-3.0625,-1.4375,23,-40,4.6875,-81.6875,0.006666667,0.001111111,-0.074444444,-0.55,0.29,9.42,-0.02,0.05,-0.36,-0.57,0.27,9.78,1.77625,1.25,0,2.3,0,65.44,1021.06,-50.33,1,0,0
2025-04-10 17:47:09.287179+00:00,59.808481285061916,357.0625,-3.25,-1.5625,23,-41,5.0625,-82.375,-0.016666667,-0.012222222,0.028888888888888888,-0.5,0.46,9.44,-0.3,-0.15,-0.3,-0.49,0.24,9.79,1.76,1.25,0,2.5,0,65.44,1021.06,-50.33,1,0,0
2025-04-10 17:47:10.304093+00:00,59.00099453218303,357.0625,-2.8125,-1.375,23,-40.0625,-0.75,-79,-0.011111111,-0.02,0,-0.96,0.21,9.51,-0.34,0.58,-0.32,-0.51,0.25,9.78,1.865,0,0,2.5,0,65.44,1021.06,-50.33,1,0,0
2025-04-10 17:47:11.319228+00:00,59.107643555352205,357,-3.0625,-1.5625,23,-38.75,-8.1875,-75.1875,-0.033333333,-0.041111111,0.084444444,-0.73,0.02,9.39,-0.21,-0.23,-0.39,-0.45,0.21,9.79,1.8125,0,0,2.5,0,65.44,1021.06,-50.33,1,0,0
2025-04-10 17:47:12.332752+00:00,59.19970454045573,356.75,-2.6875,-1.3125,23,-37.0625,-10.375,-70,-0.056666667,-0.038888889,0.082222222,-0.02,0.39,9.28,0.73,-0.21,-0.39,-0.44,0.2,9.79,1.91875,1.25,0,2.5,0,65.44,1021.06,-50.33,1,0,0
2025-04-10 17:47:13.360299+00:00,58.38880029735202,357,-2.6875,-1.25,23,-37.5,-12,-66.5625,-0.054444444,-0.024444444,0.15444444444444444,-0.77,0.76,9.44,-0.31,0.54,-0.35,-0.42,0.19,9.79,1.8162500000000001,1.25,0,2.5,0,65.44,1021.06,-50.33,1,0,0
2025-04-10 17:47:14.392990+00:00,58.10303328768821,356.6875,-2.4375,-1.125,23,-36.5625,-11.1875,-64.375,-0.018888889,0.007777778,0.10444444444444445,0.38,-0.2,9.43,0.8,-0.39,-0.35,-0.39,0.16,9.79,1.89125,3.75,10,2.8,0,65.44,1021.06,-50.33,1,0,0
2025-04-10 17:47:15.436005+00:00,57.52354011,356.625,-2.3125,-1,23,-19.5625,-39.875,-60.6875,-0.026666667,0,0.061111111,0.26,-0.54,9.37,0.65,-0.7,-0.42,-0.42,0.16,9.79,1.89375,0,0,2.8,0,65.44,1021.06,-50.33,1,0,0
2025-04-10 17:47:16.487051+00:00,57.08498431660407,356.6875,-2.5,-0.9375,23,-20.1875,-39.1875,-61.375,-0.017777778,-0.044444444,0.037777778,0.32,-0.32,9.37,0.67,-0.42,-0.38,-0.43,0.17,9.79,1.79,2.5,0,2.8,0,65.44,1021.06,-50.33,1,0,0
2025-04-10 17:47:17.521927+00:00,57.97643190647405,356.5625,-2.625,-1.0625,23,-16.875,-41.375,-58.875,-0.053333333,-0.058888889,0.082222222,0.05,0.04,9.42,0.48,-0.13,-0.36,-0.43,0.18,9.79,1.83125,3.75,10,2.5,0,65.44,1021.06,-50.33,1,0,0
2025-04-10 17:47:18.541683+00:00,58.84197454714908,356.25,-2.5,-1.0625,23,-16.5,-39.1875,-53.25,-0.013333333,0.008888889,-0.05,0.27,-0.53,9.41,0.7,-0.71,-0.38,-0.45,0.22,9.79,1.86375,2.5,0,2.5,0,65.44,1021.06,-50.33,1,0,0
2025-04-10 17:47:19.536601+00:00,60.30301723270332,356.5,-2.5625,-1.25,23,-16.5,-35.875,-53.1875,0.035555555555555556,0.048888889,-0.111111111,-0.43,-0.32,9.33,0.23,-0.54,-0.32,-0.46,0.22,9.79,1.88625,2.5,0,2.5,0,65.44,1021.06,-50.33,1,0,0
2025-04-10 17:47:20.544891+00:00,59.51045767754357,356.6875,-2.5625,-1.1875,23,-14.1875,-32.25,-48.0625,0.036666667,0.043333333333333335,0.008888889,-0.79,0.56,9.37,-0.33,0.34,-0.41,-0.44,0.23,9.79,1.94875,2.5,0,2.5,0,65.61,1021.02,-50.06,1,0,0
2025-04-10 17:47:21.557525+00:00,59.25147111417607,356.5,-2.5,-1.25,23,-14.5,-30.5,-46.1875,0.047777778,0.031111111,0.005555556,-0.97,0.41,9.38,-0.09,0.29,-0.37,-0.47,0.23,9.79,1.84,-1.25,0,2.5,0,65.61,1021.02,-50.06,1,0,0
2025-04-10 17:47:23.602971+00:00,58.195286023991905,356.5625,-2.6875,-1.3125,23,-14.0625,-26.5625,-43.5625,0.013333333333333334,0.038888889,-0.01,-0.89,0.48,9.44,-0.41,0.25,-0.34,-0.45,0.19,9.79,1.885,2.5,0,2.7,0,65.61,1021.02,-50.06,1,0,0
2025-04-10 17:47:24.608510+00:00,59.67122032601021,356.5625,-2.625,-1.125,23,-13.1875,-27.25,-45.5625,0,0.002222222,0.047777778,-0.54,0,9.4,-0.08,-0.18,-0.38,-0.42,0.2,9.79,1.78875,1.25,0,2.7,0,65.61,1021.02,-50.06,1,0,0
2025-04-10 17:47:25.637759+00:00,58.29343535257745,356.6875,-2.4375,-1.125,23,-12.375,-24.1875,-44.875,-0.002222222,-0.014444444,0.047777778,-0.48,0.67,9.54,-0.05,0.47,-0.25,-0.44,0.23,9.79,1.90375,1.25,0,2.6,0,65.61,1021.02,-50.06,1,0,0
2025-04-10 17:47:26.666753+00:00,58.309467743396695,356.375,-2.5625,-1.3125,23,-14.5625,-22.5,-44.5625,-0.012222222,-0.026666667,0.014444444444444444,-0.56,0.23,9.42,-0.45,0.29,-0.31,-0.5,0.25,9.79,1.92625,2.5,0,2.6,0,65.61,1021.02,-50.06,1,0,0
2025-04-10 17:47:27.686435+00:00,58.844574972057636,356.5625,-2.9375,-1.4375,23,-16.1875,-21.875,-45.0625,-0.002222222,-0.018888889,0.04,-0.65,0.34,9.37,-0.15,0.09,-0.41,-0.43,0.22,9.79,1.89125,1.25,0,2.6,0,65.61,1021.02,-50.06,1,0,0
2025-04-10 17:47:28.684046+00:00,60.14028849187003,356.5625,-2.5625,-1.3125,23,-16.1875,-20.5,-44.1875,-0.021111111,-0.032222222,0.028888888888888888,-0.6,0.13,9.47,-0.16,-0.08,-0.31,-0.47,0.24,9.79,1.9000000000000001,2.5,0,2.4,0,65.61,1021.02,-50.06,1,0,0
2025-04-10 17:47:29.678326+00:00,60.34480658402268,356.375,-2.8125,-1.4375,23,-13.875,-17.0625,-43.75,-0.052222222,-0.058888889,0.058888888888888886,-0.48,0.25,9.42,0.14,0.13,-0.33,-0.44,0.21,9.79,1.7825,2.5,10,2.4,0,65.61,1021.02,-50.06,1,0,0
2025-04-10 17:47:30.700804+00:00,58.68435682278628,356.25,-2.6875,-1.25,23,-14.5,-19,-43.875,-0.051111111,-0.057777778,0.10111111111111111,-0.58,0,9.37,-0.13,-0.22,-0.42,-0.52,0.23,9.78,1.9412500000000001,1.25,0,2.4,0,65.61,1021.02,-50.06,1,0,0
2025-04-10 17:47:31.706707+00:00,59.64471730775429,356.125,-3.1875,-1.4375,23,-13.25,-16.375,-41.75,-0.054444444,-0.071111111,0.036666667,-0.68,0.27,9.4,0.51,-0.71,-0.36,-0.5,0.22,9.79,1.9025,1.25,0,2.5,0,65.61,1021.02,-50.06,1,0,0
2025-04-10 17:47:32.723016+00:00,59.03579049302713,356.0625,-3.0625,-1.375,23,-13.5,-15.375,-42.375,-0.02,-0.063333333,0.053333333,0.08,-0.34,9.32,0.59,-0.57,-0.46,-0.5,0.22,9.79,1.91875,1.25,0,2.5,0,65.61,1021.02,-50.06,1,0,0
2025-04-10 17:47:33.730002+00:00,59.58519267063383,355.875,-3,-1.375,23,-13.1875,-12.1875,-42.75,-0.038888889,-0.062222222,0.065555556,0.12,-0.59,9.46,0.83,-0.79,-0.39,-0.44,0.19,9.79,1.83375,2.5,0,2.5,0,65.61,1021.02,-50.06,1,0,0
2025-04-10 17:47:34.745666+00:00,59.07991879095432,355.875,-2.5625,-1.0625,23,-13.375,-10.1875,-42.75,0.036666667,0.022222222222222223,-0.055555556,0.35,-0.18,9.44,0.8,-0.38,-0.35,-0.48,0.22,9.79,1.81,0,0,2.5,0,65.61,1021.02,-50.06,1,0,0
2025-04-10 17:47:35.771756+00:00,58.469367840554035,355.75,-2.75,-1.125,23,-11.75,-11.5,-41.75,0.078888889,0.016666666666666666,-0.028888889,0.25,-0.24,9.35,0.73,-0.46,-0.43,-0.47,0.21,9.79,1.885,0,10,2.5,0,65.61,1021.02,-50.06,1,0,0
2025-04-10 17:47:36.806706+00:00,57.973920998173874,355.9375,-2.6875,-1.1875,23,-11.75,-10,-40.75,0.044444444444444446,0.055555556,-0.048888889,-0.48,0.22,9.32,-0.01,0,-0.46,-0.51,0.23,9.79,1.88625,2.5,0,2.5,0,65.61,1021.02,-50.06,1,0,0
2025-04-10 17:47:37.810453+00:00,59.77619044904428,355.9375,-2.875,-1.25,23,-12.375,-9,-41.875,0.053333333,0.071111111,-0.063333333,-0.37,0.18,9.32,0.13,-0.05,-0.46,-0.49,0.23,9.79,1.8375000000000001,3.75,0,2.5,0,65.61,1021.02,-50.06,1,0,0
2025-04-10 17:47:38.829998+00:00,58.84871686404252,355.875,-2.8125,-1.3125,23,-11.5,-9.25,-40.5,0.047777778,0.054444444,-0.033333333,-0.67,0.39,9.52,0.21,0.33,-0.32,-0.48,0.21,9.79,1.825,5,10,2.8,0,65.61,1021.02,-50.06,1,0,0
2025-04-10 17:47:39.861394+00:00,58.17354682429991,356.0625,-2.75,-1.1875,23,-13.5,-6.875,-42.6875,0.017777777777777778,-0.002222222,-0.032222222,-0.88,0.43,9.33,-0.4,0.21,-0.46,-0.44,0.26,9.79,1.92375,0,0,2.8,0,65.61,1021.02,-50.06,1,0,0
2025-04-10 17:47:40.885772+00:00,58.57072104445876,356.0625,-2.5625,-1.4375,23,-14.5,-5.75,-42.1875,0.026666667,0.004444444,-0.033333333,-0.58,0.69,9.41,-0.14,0.43,-0.37,-0.4,0.21,9.79,1.7650000000000001,1.25,10,2.8,0,65.61,1021.02,-50.06,1,0,0
2025-04-10 17:47:41.927463+00:00,57.59915186795727,356,-2.375,-1.25,23,-13.6875,-3.0625,-42.75,-0.012222222,-0.025555556,-0.011111111,-0.51,0.23,9.56,0.35,0.13,-0.41,-0.4,0.18,9.79,1.92375,1.25,0,2.5,0,65.61,1021.02,-50.06,1,0,0
2025-04-10 17:47:42.935103+00:00,59.54918260686025,355.9375,-2.3125,-1,23,-13.5,-1.375,-42.5,-0.022222222,-0.025555556,0.016666666666666666,-0.51,0.43,9.55,-0.47,0.18,-0.37,-0.4,0.22,9.79,1.89375,1.25,10,2.5,0,65.61,1021.02,-50.06,1,0,0
2025-04-10 17:47:43.942955+00:00,59.53027855,356,-2.375,-1.375,23,-14.5,5.0625,-47.1875,-0.043333333,-0.037777778,0.027777777777777776,-0.32,0.26,9.39,0.07,0.03,-0.39,-0.38,0.22,9.79,1.8525,1.25,10,2.5,0,65.61,1021.02,-50.06,1,0,0
2025-04-10 17:47:44.962222+00:00,58.8629083,355.9375,-2.3125,-1.375,23,-15.375,8.5625,-49.1875,-0.053333333,-0.023333333,0.094444444,-0.42,0.53,9.41,-0.36,-0.02,-0.38,-0.42,0.23,9.79,1.80875,2.5,0,2.7,0,65.61,1021.02,-50.06,1,0,0
2025-04-10 17:47:45.976572+00:00,59.15326976533622,355.8125,-2.5625,-1.4375,23,-16.1875,9.6875,-53,-0.061111111,-0.06,0.055555556,-0.34,0.19,9.49,0.08,-0.04,-0.29,-0.45,0.25,9.79,1.9575,0,0,2.7,0,65.61,1021.02,-50.06,1,0,0
2025-04-10 17:47:46.989769+00:00,59.217674597002386,355.75,-2.8125,-1.5625,23,-19.0625,13.5,-59,-0.054444444,-0.064444444,0.034444444444444444,-0.18,0.11,9.52,0.37,-0.5,-0.36,-0.38,0.17,9.79,1.9312500000000001,3.75,10,2.5,0,65.61,1021.02,-50.06,1,0,0
2025-04-10 17:47:48.001290+00:00,59.317558105850736,355.5625,-2.25,-1.0625,23,-22.75,11.75,-66.375,-0.011111111,-0.012222222,-0.054444444,0.26,-0.81,9.41,0.64,-0.99,-0.37,-0.38,0.16,9.79,1.81,2.5,0,2.5,0,65.74,1021.07,-50.26,1,0,0
2025-04-10 17:47:49.027484+00:00,58.46848485735574,355.625,-2.125,-0.875,23,-24.75,11.0625,-72.0625,0.022222222222222223,0.043333333333333335,-0.008888889,-0.25,-0.01,9.46,0.11,-0.17,-0.33,-0.4,0.16,9.79,1.845,3.75,0,2.5,0,65.74,1021.07,-50.26,1,0,0
2025-04-10 17:47:50.053953+00:00,58.452052653204284,355.625,-2.25,-0.875,23,-25.75,6.875,-74.375,0.044444444444444446,0.042222222222222223,-0.011111111,-0.54,0.15,9.35,-0.01,0,-0.48,-0.43,0.19,9.79,1.87375,3.75,0,2.6,0,65.74,1021.07,-50.26,1,0,0
2025-04-10 17:47:51.089616+00:00,57.93410944618508,355.5625,-2.4375,-1.0625,23,-21.6875,10.6875,-69.0625,0.043333333333333335,0.046666667,-0.044444444,-0.62,0.22,9.38,-0.18,0.02,-0.41,-0.38,0.16,9.79,1.9175,1.25,0,2.6,0,65.74,1021.07,-50.26,1,0,0
2025-04-10 17:47:52.117129+00:00,58.39342024112108,355.5625,-2.25,-1,23,-24.1875,10.25,-72.25,0.035555555555555556,0.053333333,-0.018888889,-0.07,0.17,9.38,0.31,0,-0.41,-0.43,0.18,9.79,1.9000000000000001,1.25,0,2.6,0,65.74,1021.07,-50.26,1,0,0
2025-04-10 17:47:53.155931+00:00,57.758939317574026,355.5625,-2.375,-1,23,-25.6875,10.5,-74,0.056666666666666664,0.052222222222222225,-0.08,-0.36,0.02,9.4,-0.04,0.16,-0.56,-0.41,0.2,9.79,1.89125,2.5,0,2.5,0,65.74,1021.07,-50.26,1,0,0
2025-04-10 17:47:54.190825+00:00,57.977527158005415,355.6875,-2.375,-1.125,23,-23.5625,13.375,-70.0625,0.052222222222222225,0.017777777777777778,-0.05,-0.45,0.12,9.44,0.1,0.26,-0.32,-0.4,0.2,9.79,1.82125,2.5,0,2.5,0,65.74,1021.07,-50.26,1,0,0
2025-04-10 17:47:55.219845+00:00,58.308035680152024,355.375,-2.25,-1.0625,23,-24.875,14.25,-71.25,0.056666666666666664,0.062222222,-0.056666667,-0.53,-0.26,9.38,0.14,-0.34,-0.31,-0.44,0.24,9.79,1.85125,1.25,0,2.6,0,65.74,1021.07,-50.26,1,0,0
2025-04-10 17:47:56.235520+00:00,59.07416340554629,355.4375,-2.5,-1.375,23,-31.25,9.875,-77.6875,0.056666666666666664,0.061111111,-0.037777778,-0.27,-0.01,9.45,0.25,-0.07,-0.26,-0.5,0.27,9.78,1.84625,2.5,10,2.6,0,65.74,1021.07,-50.26,1,0,0
2025-04-10 17:47:57.246511+00:00,59.35011103166053,355.3125,-2.875,-1.5,23,-29.5625,10.5,-75.875,0.046666667,0.046666667,-0.015555556,-0.61,0.56,9.47,-0.1,0.29,-0.31,-0.52,0.27,9.78,1.955,2.5,0,2.6,0,65.74,1021.07,-50.26,1,0,0
2025-04-10 17:47:58.259782+00:00,59.21182268327947,355.5625,-3,-1.5,23,-30.5625,3.5,-80.5625,0.03,0.018888889,-0.058888889,-0.67,0.26,9.48,0,0,-0.31,-0.48,0.25,9.79,1.84,3.75,10,2.6,0,65.74,1021.07,-50.26,1,0,0
2025-04-10 17:47:59.279538+00:00,58.836719363532154,355.5625,-2.875,-1.4375,23,-30.25,-4.5625,-81.5625,0.011111111111111112,-0.028888889,-0.091111111,-0.82,0.31,9.46,-0.33,0.06,-0.32,-0.43,0.19,9.79,1.8800000000000001,2.5,0,2.6,0,65.74,1021.07,-50.26,1,0,0
2025-04-10 17:48:00.303100+00:00,58.61939936940496,355.625,-2.5625,-1.125,23,-33.75,-9.75,-81.875,-0.004444444,-0.018888889,0.046666667,-0.56,0.41,9.51,-0.12,0.21,-0.27,-0.4,0.17,9.79,1.7975,2.5,0,2.6,0,65.74,1021.07,-50.26,1,0,0
2025-04-10 17:48:01.332422+00:00,58.29635213225855,355.625,-2.375,-1,23,-31.5,-14.25,-79.1875,-0.028888889,-0.027777778,0.08,-0.35,0.26,9.39,-0.38,0.21,-0.36,-0.39,0.17,9.79,1.8025,1.25,0,2.6,0,65.74,1021.07,-50.26,1,0,0
2025-04-10 17:48:02.347663+00:00,59.09395831,355.4375,-2.25,-1,23,-27.6875,-19.5625,-76,-0.034444444,-0.032222222,0.022222222222222223,-0.73,0.39,9.47,-0.34,0.22,-0.32,-0.39,0.18,9.79,1.84375,3.75,0,2.6,0,65.74,1021.07,-50.26,1,0,0
2025-04-10 17:48:03.380178+00:00,58.11698810286174,355.5625,-2.375,-1.0625,23,-30.75,-14.375,-80.0625,-0.04,-0.04,0.035555555555555556,-0.28,0.4,9.4,-0.22,-0.13,-0.29,-0.37,0.14,9.79,1.78875,1.25,0,2.6,0,65.74,1021.07,-50.26,1,0,0
2025-04-10 17:48:04.416682+00:00,57.88018492533321,355.5,-2.1875,-0.875,23,-30.875,-15,-78.25,-0.045555556,-0.032222222,0.011111111111111112,-0.45,0,9.41,-0.07,-0.14,-0.37,-0.36,0.13,9.79,1.865,2.5,10,2.6,0,65.74,1021.07,-50.26,1,0,0
