,rpm_value,orientation_heading,orientation_roll,orientation_pitch,temperature_temp_c,magnetometer_mx,magnetometer_my,magnetometer_mz,gyroscope_gx,gyroscope_gy,gyroscope_gz,accelerometer_ax,accelerometer_ay,accelerometer_az,linear_acceleration_lx,linear_acceleration_ly,linear_acceleration_lz,gravity_grx,gravity_gry,gravity_grz,voltage_value,current_value,power_value,weatherstation_speed,weatherstation_direction,weatherstation_humidity,weatherstation_pressure,weatherstation_altitude,low_fan,med_fan,high_fan
2025-04-10 18:40:35.495930+00:00,48.68278165834453,355.875,-1.9375,-0.75,23,-4,25,-40.1875,-0.007777778,0.002222222,-0.013333333,-0.28,0.11,9.41,-0.24,-0.17,-0.43,-0.29,0.13,9.8,1.66625,-1.25,0,4.5,45,65.39,1020.68,-47.3,0,0,1
2025-04-10 18:40:36.735743+00:00,48.392111526848524,355.6875,-1.6875,-0.8125,23,-3.25,10,-32.375,-0.024444444,-0.011111111,0.031111111,0.39,0.28,9.61,0.68,0.14,-0.18,-0.3,0.12,9.8,1.6475,1.25,0,4.5,45,65.39,1020.68,-47.3,0,0,1
2025-04-10 18:40:37.943229+00:00,49.68986365895368,355.8125,-1.75,-0.6875,23,-3.375,-9.25,-39.5625,0.013333333333333334,0.01,-0.012222222,-0.6,0.18,9.45,-0.3,0.06,-0.34,-0.33,0.15,9.79,1.8162500000000001,0,0,4.5,45,65.39,1020.68,-47.3,0,0,1
2025-04-10 18:40:39.128900+00:00,50.60422258452931,355.625,-2,-0.875,23,-18.75,-0.5,-68.0625,-0.016666667,-0.033333333,0.071111111,-0.39,0.33,9.39,-0.09,0.25,-0.44,-0.34,0.17,9.79,1.58375,-1.25,0,4.4,45,65.39,1020.68,-47.3,0,0,1
2025-04-10 18:40:40.335615+00:00,49.72160369988537,355.5625,-1.9375,-1,23,-17,29.5,-66.25,0.004444444,0.022222222222222223,-0.152222222,-0.56,-0.09,9.41,-0.22,-0.26,-0.38,-0.34,0.16,9.79,1.67625,1.25,0,4.4,45,65.39,1020.68,-47.3,0,0,1
2025-04-10 18:40:41.555932+00:00,49.167393619525804,355.6875,-2,-0.9375,23,-2.0625,31.25,-40.875,-0.014444444,-0.014444444,0.013333333333333334,-0.18,0.47,9.39,0.15,0.31,-0.39,-0.33,0.16,9.79,1.58375,1.25,0,4.4,45,65.39,1020.68,-47.3,0,0,1
2025-04-10 18:40:42.789736+00:00,48.629677373476646,355.5625,-1.9375,-0.9375,23,-0.25,14.5,-29,0.005555556,-0.026666667,-0.146666667,-0.09,-0.28,9.5,0.04,0.1,-0.45,-0.28,0.13,9.8,1.59125,-1.25,0,4.5,45,65.39,1020.68,-47.3,0,0,1
2025-04-10 18:40:44.091740+00:00,46.08342869260109,355.6875,-1.625,-0.875,23,0.0625,2,-31.875,-0.004444444,0.004444444,-0.067777778,-0.06,0.07,9.46,-0.17,0.22,-0.36,-0.28,0.15,9.8,1.5475,-1.25,0,4.5,45,65.39,1020.68,-47.3,0,0,1
2025-04-10 18:40:45.332070+00:00,48.376567092824025,355.5625,-1.6875,-0.875,23,-1,-6.5625,-41,-0.007777778,-0.01,0.046666667,-0.26,0.07,9.42,0.01,-0.07,-0.37,-0.3,0.15,9.8,1.60625,0,0,4.5,45,65.39,1020.68,-47.3,0,0,1
2025-04-10 18:40:46.562684+00:00,48.75604756683031,355.5,-1.6875,-0.875,23,-18.5,7.5,-71.0625,0.012222222222222223,0.034444444444444444,0.017777777777777778,-0.17,0.01,9.48,-0.19,0.09,-0.43,-0.31,0.15,9.8,1.57875,-1.25,0,4.6,45,65.39,1020.68,-47.3,0,0,1
2025-04-10 18:40:47.767202+00:00,49.80985983234034,355.25,-1.8125,-0.875,23,-14,35,-64.6875,-0.018888889,-0.004444444,-0.005555556,-0.4,-0.03,9.56,0.5,0.24,-0.34,-0.35,0.13,9.79,1.53375,-1.25,0,4.6,45,65.39,1020.68,-47.3,0,0,1
2025-04-10 18:40:48.977564+00:00,49.571557396133606,355.25,-2,-0.8125,23,-0.25,36.375,-41.0625,0.003333333,-0.002222222,-0.043333333,-0.57,-0.33,9.43,-0.21,-0.47,-0.36,-0.32,0.13,9.8,1.59375,1.25,0,4.4,45,65.39,1020.68,-47.3,0,0,1
2025-04-10 18:40:50.190778+00:00,49.457875709834354,355.25,-1.875,-0.75,23,0.6875,15.0625,-29.25,-0.015555556,-0.001111111,-0.001111111,0,-0.06,9.41,-0.18,0,-0.34,-0.32,0.13,9.8,1.63125,0,0,4.4,45,65.39,1020.68,-47.3,0,0,1
2025-04-10 18:40:51.434567+00:00,48.24099888664992,355.0625,-1.75,-0.75,23,2.0625,3.6875,-33.5,0.01,-0.005555556,0.008888889,-0.65,0.33,9.36,-0.4,0.29,-0.33,-0.3,0.13,9.8,1.6075,0,0,4.4,45,65.39,1020.68,-47.3,0,0,1
2025-04-10 18:40:52.629587+00:00,50.20891732249689,355.3125,-1.875,-0.8125,23,-1.0625,-1.1875,-43.5625,-0.023333333,0.014444444444444444,0.10222222222222223,-0.2,-0.22,9.36,0.1,-0.36,-0.43,-0.32,0.14,9.8,1.5575,0,0,4.7,45,65.39,1020.63,-46.6,0,0,1
2025-04-10 18:40:53.811274+00:00,50.77283345905914,355.3125,-1.875,-0.8125,23,-10.25,3.75,-61.75,-0.003333333,-0.038888889,0.056666666666666664,-0.78,0.32,9.5,-0.45,0.18,-0.29,-0.33,0.14,9.8,1.6,1.25,0,4.7,45,65.38,1020.63,-46.6,0,0,1
2025-04-10 18:40:54.966223+00:00,51.950562602145624,355.25,-1.9375,-0.8125,23,-17.25,24.25,-70.25,-0.008888889,-0.006666667,-0.018888889,-0.48,0.09,9.51,-0.25,-0.04,-0.18,-0.3,0.16,9.8,1.66875,-1.25,0,4.7,45,65.38,1020.63,-46.6,0,0,1
2025-04-10 18:40:56.135568+00:00,51.31060299453269,355.25,-1.9375,-0.9375,23,-12.0625,44.5,-60.0625,0.007777778,-0.065555556,0.01,-0.67,0.12,9.42,-0.36,-0.03,-0.37,-0.34,0.14,9.79,1.64375,-1.25,0,4.7,45,65.38,1020.63,-46.6,0,0,1
2025-04-10 18:40:57.317879+00:00,50.74775932738079,355.25,-1.9375,-0.8125,23,-0.0625,44.6875,-42.1875,0.008888889,0.022222222222222223,-0.012222222,-0.7,0,9.38,-0.36,-0.14,-0.41,-0.32,0.13,9.8,1.57875,0,0,4.7,45,65.38,1020.63,-46.6,0,0,1
2025-04-10 18:40:58.502683+00:00,50.64225722043582,354.8125,-1.8125,-0.75,23,4.25,35.375,-31.1875,-0.003333333,0.052222222222222225,0.058888888888888886,-0.82,0.75,9.39,-0.49,0.61,-0.41,-0.32,0.13,9.8,1.68625,0,0,4.5,45,65.38,1020.63,-46.6,0,0,1
2025-04-10 18:40:59.669877+00:00,51.40511007053698,355,-1.9375,-0.8125,23,5.5625,30.0625,-28.75,-0.005555556,-0.031111111,-0.001111111,-0.25,0.36,9.46,0.07,0.22,-0.33,-0.35,0.11,9.79,1.62625,0,0,4.5,45,65.38,1020.63,-46.6,0,0,1
2025-04-10 18:41:00.842209+00:00,51.17798863,355.1875,-2.0625,-0.625,23,4.0625,24.75,-28.6875,0.012222222222222223,-0.012222222,0.056666666666666664,-0.05,0.51,9.56,0.29,0.39,-0.23,-0.34,0.13,9.79,1.695,0,0,4.7,45,65.38,1020.63,-46.6,0,0,1
2025-04-10 18:41:02.011248+00:00,51.32343226986941,354.75,-2.0625,-0.8125,23,4.25,12.0625,-35.5,-0.023333333,-0.032222222,0.018888889,0.47,0.34,9.44,0.81,0.2,-0.35,-0.48,0.17,9.79,1.6625,0,0,4.7,45,65.38,1020.63,-46.6,0,0,1
2025-04-10 18:41:03.173744+00:00,51.61129853589908,355.1875,-2.75,-0.9375,23,2.375,8.25,-47.0625,-0.01,-0.041111111,0.021111111111111112,-1.01,0.32,9.33,-0.41,0.26,-0.35,-0.44,0.15,9.79,1.655,0,0,4.7,45,65.38,1020.63,-46.6,0,0,1
2025-04-10 18:41:04.335280+00:00,51.65808293,355.125,-2.4375,-0.875,23,-7.75,18.25,-65.5625,0.013333333333333334,0.096666667,-0.066666667,-0.77,0,9.3,-0.32,-0.15,-0.48,-0.44,0.16,9.79,1.735,0,0,4.8,45,65.38,1020.63,-46.6,0,0,1
2025-04-10 18:41:05.500335+00:00,51.497310215655446,354.9375,-2.75,-1,23,-8.875,50.5,-65.5625,-0.016666667,-0.117777778,0.001111111,0.95,0.26,9.36,1.4,0.09,-0.42,-0.61,0.2,9.78,1.59,0,0,4.8,45,65.38,1020.63,-46.6,0,0,1
2025-04-10 18:41:06.655080+00:00,51.96141787154088,355.1875,-3.625,-1.1875,23,0.375,57.0625,-51.25,-0.016666667,-0.032222222,-0.026666667,-1.14,0.11,9.34,-0.52,-0.09,-0.43,-0.57,0.18,9.78,1.60625,0,0,4.8,45,65.38,1020.63,-46.6,0,0,1
2025-04-10 18:41:07.788565+00:00,52.93222961381876,354.9375,-3.0625,-0.9375,23,6.75,54,-38.5,0.04,0.13666666666666666,-0.091111111,-1.11,0.07,9.55,-0.54,-0.1,-0.23,-0.53,0.16,9.79,1.67625,0,0,4.6,45,65.38,1020.63,-46.6,0,0,1
2025-04-10 18:41:08.902920+00:00,53.84245611978158,354.75,-3,-0.9375,23,-11.1875,-1.25,-45.25,0.008888889,0.06,-0.037777778,0.78,0.08,9.36,1.15,-0.19,-0.33,-0.64,0.18,9.78,1.57375,0,0,4.6,45,65.38,1020.63,-46.6,0,0,1
2025-04-10 18:41:10.019060+00:00,53.756794409903655,354.75,-3.9375,-1.125,23,-7.875,-8.875,-39.5,-0.012222222,-0.12,0.015555555555555555,-1.08,0.31,9.32,-0.08,-0.26,-0.35,-0.72,0.19,9.77,1.66625,1.25,0,4.7,45,65.38,1020.63,-46.6,0,0,1
2025-04-10 18:41:11.140953+00:00,53.48153953785302,355.125,-4.1875,-1.125,23,-8,-10.75,-37.25,0.003333333,-0.002222222,0.028888888888888888,-1.47,0.57,9.57,-0.74,0.38,-0.2,-0.68,0.17,9.78,1.7175,-1.25,0,4.7,45,65.38,1020.63,-46.6,0,0,1
2025-04-10 18:41:12.291044+00:00,52.16944179384862,354.75,-3.6875,-0.9375,23,-5.75,-17.25,-41.0625,0.04,0.19333333333333333,-0.072222222,-0.49,0.42,9.36,0.19,0.24,-0.41,-0.7,0.18,9.77,1.7525,2.5,0,4.7,45,65.38,1020.63,-46.6,0,0,1
2025-04-10 18:41:13.460355+00:00,51.31352198039038,354.6875,-4.375,-1.125,23,-3.75,-21.25,-41.6875,-0.037777778,-0.215555556,0.17333333333333334,0.34,0.05,9.45,1.04,-0.13,-0.32,-0.89,0.2,9.76,1.70375,0,0,4.6,45,65.38,1020.63,-46.6,0,0,1
2025-04-10 18:41:14.628067+00:00,51.38712935962074,355.1875,-5.1875,-1.1875,23,-9.375,-26.25,-55.5625,0.006666667,-0.018888889,0.032222222,-1.53,0.21,9.54,-0.64,0,-0.22,-0.78,0.18,9.77,1.7625,1.25,0,4.6,45,65.38,1020.63,-46.6,0,0,1
2025-04-10 18:41:15.785588+00:00,51.829361046150616,354.8125,-4.3125,-1.0625,23,-21.25,-19,-73.75,0.018888889,0.13,-0.066666667,-0.69,0.06,9.49,0.35,-0.06,-0.46,-0.7,0.17,9.77,1.73625,-2.5,0,4.5,45,65.38,1020.63,-46.6,0,0,1
2025-04-10 18:41:16.946359+00:00,51.68900117074373,354.8125,-4.3125,-1.0625,23,-23.875,5.0625,-78.6875,-0.051111111,-0.111111111,0.086666667,0.62,0.23,9.54,1.32,0.06,-0.23,-0.86,0.2,9.76,1.58125,-1.25,0,4.5,45,65.38,1020.63,-46.6,0,0,1
2025-04-10 18:41:18.106700+00:00,51.70873432916047,354.9375,-5.0625,-1.1875,23,-14,22.375,-68.1875,-0.038888889,-0.051111111,-0.011111111,-1.46,0.35,9.39,0.18,-0.12,-0.29,-0.84,0.17,9.76,1.685,-1.25,0,4.5,45,65.38,1020.63,-46.6,0,0,1
2025-04-10 18:41:19.274249+00:00,51.39009903578055,354.875,-4.6875,-0.9375,23,-3.5,22,-49.875,0.024444444444444446,0.1,-0.081111111,-0.86,0.11,9.48,-0.02,-0.06,-0.28,-0.71,0.15,9.77,1.7075,-1.25,0,4.6,45,65.38,1020.63,-46.6,0,0,1
2025-04-10 18:41:20.471173+00:00,50.13366014933823,354.5625,-4.25,-0.9375,23,1.1875,12.6875,-39.75,-0.021111111,-0.053333333,-0.088888889,1.62,-0.49,9.29,2.1,-0.26,-0.22,-0.84,0.2,9.76,1.605,0,0,4.6,45,65.38,1020.63,-46.6,0,0,1
2025-04-10 18:41:21.675541+00:00,49.817550802736086,355.1875,-4.75,-1.0625,23,0.375,2.5625,-36.75,-0.011111111,-0.044444444,0,-1.46,0.29,9.34,-0.61,0.08,-0.42,-0.79,0.18,9.77,1.6912500000000001,-1.25,0,4.6,45,65.38,1020.63,-46.6,0,0,1
2025-04-10 18:41:22.859024+00:00,50.69364115274351,354.625,-4.3125,-1,23,1.1875,-1.6875,-37,0.036666667,0.11333333333333333,-0.02,-0.58,0.09,9.49,0.18,-0.08,-0.27,-0.83,0.22,9.76,1.7337500000000001,1.25,0,4.8,45,65.38,1020.56,-45.99,0,0,1
2025-04-10 18:41:24.047670+00:00,50.47831780020026,354.75,-4.4375,-1.125,23,-4.6875,-14.75,-55.875,0.002222222,-0.014444444,0.043333333333333335,-1.04,0.53,9.56,0.09,0.19,-0.27,-0.71,0.17,9.77,1.71375,1.25,0,4.8,45,65.43,1020.56,-45.99,0,0,1
2025-04-10 18:41:25.208284+00:00,51.69682678360538,355.0625,-4.875,-1.25,23,-15.75,-4.6875,-73,0.034444444444444444,0.073333333,-0.068888889,-0.91,0.08,9.4,0.07,-0.21,-0.36,-0.63,0.15,9.78,1.7275,0,0,4.8,45,65.43,1020.56,-45.99,0,0,1
2025-04-10 18:41:26.349364+00:00,52.58167025,354.6875,-4,-0.9375,23,-17.1875,15.5625,-75.875,-0.033333333,-0.007777778,-0.004444444,0.88,-0.36,9.5,1.51,-0.52,-0.28,-0.71,0.19,9.77,1.51625,1.25,0,4.8,45,65.43,1020.56,-45.99,0,0,1
2025-04-10 18:41:27.502185+00:00,52.04554958424899,355,-4.25,-1.125,23,-9.375,31.375,-65.0625,-0.045555556,-0.08,0.065555556,-0.89,0.07,9.47,-0.04,-0.08,-0.52,-0.72,0.17,9.77,1.60125,-1.25,0,4.8,45,65.43,1020.56,-45.99,0,0,1
2025-04-10 18:41:28.692291+00:00,50.41573136,354.6875,-3.9375,-0.9375,23,2.375,30.75,-45.875,0.037777778,0.093333333,-0.097777778,-0.69,0.2,9.48,-0.14,-0.1,-0.2,-0.53,0.13,9.79,1.685,-1.25,0,4.8,45,65.43,1020.56,-45.99,0,0,1
2025-04-10 18:41:29.882841+00:00,50.39828461191387,354.25,-3.3125,-0.875,23,8.5625,21.0625,-35,-0.037777778,-0.071111111,-0.02,1.09,-0.24,9.34,1.98,-0.21,-0.54,-0.74,0.17,9.77,1.66625,0,0,4.8,45,65.43,1020.56,-45.99,0,0,1
2025-04-10 18:41:31.028224+00:00,52.384415121604256,354.8125,-4.1875,-0.9375,23,4.1875,13.375,-33.5,0.03,0.056666666666666664,-0.115555556,-0.33,-0.26,9.34,0,0.19,-0.27,-0.67,0.15,9.78,1.71375,-1.25,0,4.7,45,65.43,1020.56,-45.99,0,0,1
2025-04-10 18:41:32.197626+00:00,51.30885594682077,354.0625,-3.6875,-1,23,5.5625,6.75,-33.5,-0.026666667,0.10222222222222223,-0.078888889,0.07,-0.45,9.6,0.73,-0.6,-0.17,-0.73,0.21,9.77,1.66625,0,0,4.7,45,65.43,1020.56,-45.99,0,0,1
2025-04-10 18:41:33.357502+00:00,51.72991803,354.4375,-4.5625,-1.3125,23,6,-1.5,-40.5,-0.036666667,-0.146666667,0.12111111111111111,-0.73,0.65,9.47,0.83,0.04,-0.4,-0.85,0.22,9.76,1.71375,-1.25,0,4.7,45,65.43,1020.56,-45.99,0,0,1
