,rpm_value,rpm_blade_1,rpm_blade_2,rpm_blade_3,orientation_heading,orientation_roll,orientation_pitch,temperature_value,magnetometer_mx,magnetometer_my,magnetometer_mz,gyroscope_gx,gyroscope_gy,gyroscope_gz,accelerometer_ax,accelerometer_ay,accelerometer_az,linear_acceleration_lx,linear_acceleration_ly,linear_acceleration_lz,gravity_grx,gravity_gry,gravity_grz,voltage_value,current_value,power_value,servo_value,weatherstation_speed,weatherstation_direction,weatherstation_humidity,weatherstation_pressure,weatherstation_altitude
2025-04-10 17:51:57.337706+00:00,0.0,,,,,,,,,,,,,,,,,,,,,,,,,,,,,,,
2025-04-10 17:52:07.353986+00:00,0.0,,,,,,,,,,,,,,,,,,,,,,,,,,,,,,,
2025-04-10 17:52:17.358258+00:00,0.0,,,,,,,,,,,,,,,,,,,,,,,,,,,,,,,
2025-04-10 17:52:27.362074+00:00,0.0,,,,,,,,,,,,,,,,,,,,,,,,,,,,,,,
2025-04-10 17:52:37.366016+00:00,0.0,,,,,,,,,,,,,,,,,,,,,,,,,,,,,,,
2025-04-10 17:52:47.380628+00:00,0.0,,,,,,,,,,,,,,,,,,,,,,,,,,,,,,,
2025-04-10 17:51:52.143000+00:00,,,,,348.9375,-2.3125,-0.75,,,,,,,,,,,,,,,,,,,,,,,,,
2025-04-10 17:51:53.190000+00:00,,,,,348.9375,-2.3125,-0.75,,,,,,,,,,,,,,,,,,,,,,,,,
2025-04-10 17:51:54.246000+00:00,,,,,348.9375,-2.3125,-0.75,,,,,,,,,,,,,,,,,,,,,,,,,
2025-04-10 17:51:55.295000+00:00,,,,,348.9375,-2.3125,-0.75,,,,,,,,,,,,,,,,,,,,,,,,,
2025-04-10 17:51:56.348000+00:00,,,,,348.9375,-2.3125,-0.75,,,,,,,,,,,,,,,,,,,,,,,,,
2025-04-10 17:51:57.394000+00:00,,,,,348.9375,-2.3125,-0.75,,,,,,,,,,,,,,,,,,,,,,,,,
2025-04-10 17:51:58.434000+00:00,,,,,348.9375,-2.3125,-0.75,,,,,,,,,,,,,,,,,,,,,,,,,
2025-04-10 17:51:59.486000+00:00,,,,,348.9375,-2.3125,-0.75,,,,,,,,,,,,,,,,,,,,,,,,,
2025-04-10 17:52:00.536000+00:00,,,,,348.9375,-2.3125,-0.75,,,,,,,,,,,,,,,,,,,,,,,,,
2025-04-10 17:52:01.583000+00:00,,,,,348.9375,-2.3125,-0.75,,,,,,,,,,,,,,,,,,,,,,,,,
2025-04-10 17:52:02.630000+00:00,,,,,348.9375,-2.3125,-0.75,,,,,,,,,,,,,,,,,,,,,,,,,
2025-04-10 17:52:03.683000+00:00,,,,,348.9375,-2.3125,-0.75,,,,,,,,,,,,,,,,,,,,,,,,,
2025-04-10 17:52:04.723000+00:00,,,,,348.9375,-2.3125,-0.75,,,,,,,,,,,,,,,,,,,,,,,,,
2025-04-10 17:52:05.769000+00:00,,,,,348.9375,-2.3125,-0.75,,,,,,,,,,,,,,,,,,,,,,,,,
2025-04-10 17:52:06.820000+00:00,,,,,348.9375,-2.3125,-0.75,,,,,,,,,,,,,,,,,,,,,,,,,
2025-04-10 17:52:07.870000+00:00,,,,,348.9375,-2.3125,-0.75,,,,,,,,,,,,,,,,,,,,,,,,,
2025-04-10 17:52:08.921000+00:00,,,,,348.9375,-2.3125,-0.75,,,,,,,,,,,,,,,,,,,,,,,,,
2025-04-10 17:52:09.971000+00:00,,,,,348.9375,-2.3125,-0.75,,,,,,,,,,,,,,,,,,,,,,,,,
2025-04-10 17:52:11.023000+00:00,,,,,348.9375,-2.3125,-0.75,,,,,,,,,,,,,,,,,,,,,,,,,
2025-04-10 17:52:12.061000+00:00,,,,,348.9375,-2.3125,-0.75,,,,,,,,,,,,,,,,,,,,,,,,,
2025-04-10 17:52:13.109000+00:00,,,,,348.9375,-2.3125,-0.75,,,,,,,,,,,,,,,,,,,,,,,,,
2025-04-10 17:52:14.156000+00:00,,,,,348.9375,-2.3125,-0.75,,,,,,,,,,,,,,,,,,,,,,,,,
2025-04-10 17:52:15.207000+00:00,,,,,348.9375,-2.3125,-0.75,,,,,,,,,,,,,,,,,,,,,,,,,
2025-04-10 17:52:16.254000+00:00,,,,,348.9375,-2.3125,-0.75,,,,,,,,,,,,,,,,,,,,,,,,,
2025-04-10 17:52:17.301000+00:00,,,,,348.9375,-2.3125,-0.75,,,,,,,,,,,,,,,,,,,,,,,,,
2025-04-10 17:52:18.347000+00:00,,,,,348.9375,-2.3125,-0.75,,,,,,,,,,,,,,,,,,,,,,,,,
2025-04-10 17:52:19.392000+00:00,,,,,348.9375,-2.3125,-0.75,,,,,,,,,,,,,,,,,,,,,,,,,
2025-04-10 17:52:20.441000+00:00,,,,,348.9375,-2.3125,-0.75,,,,,,,,,,,,,,,,,,,,,,,,,
2025-04-10 17:52:21.490000+00:00,,,,,348.9375,-2.3125,-0.75,,,,,,,,,,,,,,,,,,,,,,,,,
2025-04-10 17:52:22.540000+00:00,,,,,348.9375,-2.3125,-0.75,,,,,,,,,,,,,,,,,,,,,,,,,
2025-04-10 17:52:23.586000+00:00,,,,,348.9375,-2.3125,-0.75,,,,,,,,,,,,,,,,,,,,,,,,,
2025-04-10 17:52:24.631000+00:00,,,,,348.9375,-2.3125,-0.75,,,,,,,,,,,,,,,,,,,,,,,,,
2025-04-10 17:52:25.685000+00:00,,,,,348.9375,-2.3125,-0.75,,,,,,,,,,,,,,,,,,,,,,,,,
2025-04-10 17:52:26.734000+00:00,,,,,348.9375,-2.3125,-0.75,,,,,,,,,,,,,,,,,,,,,,,,,
2025-04-10 17:52:27.769000+00:00,,,,,348.9375,-2.3125,-0.75,,,,,,,,,,,,,,,,,,,,,,,,,
2025-04-10 17:52:28.802000+00:00,,,,,348.9375,-2.3125,-0.75,,,,,,,,,,,,,,,,,,,,,,,,,
2025-04-10 17:52:29.839000+00:00,,,,,348.9375,-2.3125,-0.75,,,,,,,,,,,,,,,,,,,,,,,,,
2025-04-10 17:52:30.873000+00:00,,,,,348.9375,-2.3125,-0.75,,,,,,,,,,,,,,,,,,,,,,,,,
2025-04-10 17:52:31.909000+00:00,,,,,348.9375,-2.3125,-0.75,,,,,,,,,,,,,,,,,,,,,,,,,
2025-04-10 17:52:32.943000+00:00,,,,,348.9375,-2.3125,-0.75,,,,,,,,,,,,,,,,,,,,,,,,,
2025-04-10 17:52:33.990000+00:00,,,,,348.9375,-2.3125,-0.75,,,,,,,,,,,,,,,,,,,,,,,,,
2025-04-10 17:52:35.027000+00:00,,,,,348.9375,-2.3125,-0.75,,,,,,,,,,,,,,,,,,,,,,,,,
2025-04-10 17:52:36.077000+00:00,,,,,348.9375,-2.3125,-0.75,,,,,,,,,,,,,,,,,,,,,,,,,
2025-04-10 17:52:37.122000+00:00,,,,,348.9375,-2.3125,-0.75,,,,,,,,,,,,,,,,,,,,,,,,,
2025-04-10 17:52:38.170000+00:00,,,,,348.9375,-2.3125,-0.75,,,,,,,,,,,,,,,,,,,,,,,,,
2025-04-10 17:52:39.224000+00:00,,,,,348.9375,-2.3125,-0.75,,,,,,,,,,,,,,,,,,,,,,,,,
2025-04-10 17:52:40.269000+00:00,,,,,348.9375,-2.3125,-0.75,,,,,,,,,,,,,,,,,,,,,,,,,
2025-04-10 17:52:41.318000+00:00,,,,,348.9375,-2.3125,-0.75,,,,,,,,,,,,,,,,,,,,,,,,,
2025-04-10 17:52:42.372000+00:00,,,,,348.9375,-2.3125,-0.75,,,,,,,,,,,,,,,,,,,,,,,,,
2025-04-10 17:52:43.426000+00:00,,,,,348.9375,-2.3125,-0.75,,,,,,,,,,,,,,,,,,,,,,,,,
2025-04-10 17:52:44.477000+00:00,,,,,348.9375,-2.3125,-0.75,,,,,,,,,,,,,,,,,,,,,,,,,
2025-04-10 17:52:45.527000+00:00,,,,,348.9375,-2.3125,-0.75,,,,,,,,,,,,,,,,,,,,,,,,,
2025-04-10 17:52:46.572000+00:00,,,,,348.9375,-2.3125,-0.75,,,,,,,,,,,,,,,,,,,,,,,,,
2025-04-10 17:52:47.623000+00:00,,,,,348.9375,-2.3125,-0.75,,,,,,,,,,,,,,,,,,,,,,,,,
2025-04-10 17:52:48.670000+00:00,,,,,348.9375,-2.3125,-0.75,,,,,,,,,,,,,,,,,,,,,,,,,
2025-04-10 17:52:49.715000+00:00,,,,,348.9375,-2.3125,-0.75,,,,,,,,,,,,,,,,,,,,,,,,,
2025-04-10 17:52:50.766000+00:00,,,,,348.9375,-2.3125,-0.75,,,,,,,,,,,,,,,,,,,,,,,,,
2025-04-10 17:52:51.818000+00:00,,,,,348.9375,-2.3125,-0.75,,,,,,,,,,,,,,,,,,,,,,,,,
2025-04-10 17:51:53.216000+00:00,,,,,,,,,0.0,-25.5,-34.5625,,,,,,,,,,,,,,,,,,,,,
2025-04-10 17:51:54.270000+00:00,,,,,,,,,-1.1875,-25.5,-33.75,,,,,,,,,,,,,,,,,,,,,
2025-04-10 17:51:55.322000+00:00,,,,,,,,,-1.1875,-25.0625,-33.375,,,,,,,,,,,,,,,,,,,,,
2025-04-10 17:51:56.370000+00:00,,,,,,,,,0.0,-25.5,-35.0625,,,,,,,,,,,,,,,,,,,,,
2025-04-10 17:51:57.403000+00:00,,,,,,,,,-0.75,-26.1875,-35.0,,,,,,,,,,,,,,,,,,,,,
2025-04-10 17:51:58.459000+00:00,,,,,,,,,0.25,-25.0625,-34.1875,,,,,,,,,,,,,,,,,,,,,
2025-04-10 17:51:59.506000+00:00,,,,,,,,,0.0,-25.5,-35.375,,,,,,,,,,,,,,,,,,,,,
2025-04-10 17:52:00.556000+00:00,,,,,,,,,-0.375,-25.5,-34.1875,,,,,,,,,,,,,,,,,,,,,
2025-04-10 17:52:01.604000+00:00,,,,,,,,,0.0,-25.875,-34.1875,,,,,,,,,,,,,,,,,,,,,
2025-04-10 17:52:02.656000+00:00,,,,,,,,,-0.375,-26.1875,-34.1875,,,,,,,,,,,,,,,,,,,,,
2025-04-10 17:52:03.694000+00:00,,,,,,,,,-0.75,-25.875,-34.1875,,,,,,,,,,,,,,,,,,,,,
2025-04-10 17:52:04.744000+00:00,,,,,,,,,-0.375,-26.1875,-34.1875,,,,,,,,,,,,,,,,,,,,,
2025-04-10 17:52:05.794000+00:00,,,,,,,,,0.0,-26.5625,-35.0625,,,,,,,,,,,,,,,,,,,,,
2025-04-10 17:52:06.845000+00:00,,,,,,,,,0.25,-24.6875,-33.875,,,,,,,,,,,,,,,,,,,,,
2025-04-10 17:52:07.896000+00:00,,,,,,,,,-0.375,-25.5,-34.6875,,,,,,,,,,,,,,,,,,,,,
2025-04-10 17:52:08.947000+00:00,,,,,,,,,-1.1875,-25.5,-34.25,,,,,,,,,,,,,,,,,,,,,
2025-04-10 17:52:09.998000+00:00,,,,,,,,,0.0,-25.5,-35.375,,,,,,,,,,,,,,,,,,,,,
2025-04-10 17:52:11.033000+00:00,,,,,,,,,0.0,-25.5,-34.25,,,,,,,,,,,,,,,,,,,,,
2025-04-10 17:52:12.084000+00:00,,,,,,,,,0.0,-25.875,-35.0625,,,,,,,,,,,,,,,,,,,,,
2025-04-10 17:52:13.131000+00:00,,,,,,,,,0.25,-25.0625,-34.25,,,,,,,,,,,,,,,,,,,,,
2025-04-10 17:52:14.179000+00:00,,,,,,,,,-1.1875,-25.5,-35.0625,,,,,,,,,,,,,,,,,,,,,
2025-04-10 17:52:15.227000+00:00,,,,,,,,,-0.375,-25.875,-34.6875,,,,,,,,,,,,,,,,,,,,,
2025-04-10 17:52:16.275000+00:00,,,,,,,,,0.25,-25.5,-34.6875,,,,,,,,,,,,,,,,,,,,,
2025-04-10 17:52:17.320000+00:00,,,,,,,,,-21.0625,-42.1875,-75.375,,,,,,,,,,,,,,,,,,,,,
2025-04-10 17:52:18.367000+00:00,,,,,,,,,-19.875,-42.875,-75.0,,,,,,,,,,,,,,,,,,,,,
2025-04-10 17:52:19.417000+00:00,,,,,,,,,-19.875,-42.1875,-75.375,,,,,,,,,,,,,,,,,,,,,
2025-04-10 17:52:20.465000+00:00,,,,,,,,,-19.875,-42.1875,-74.5625,,,,,,,,,,,,,,,,,,,,,
2025-04-10 17:52:21.515000+00:00,,,,,,,,,-19.1875,-41.75,-75.0,,,,,,,,,,,,,,,,,,,,,
2025-04-10 17:52:22.561000+00:00,,,,,,,,,-20.6875,-42.1875,-75.75,,,,,,,,,,,,,,,,,,,,,
2025-04-10 17:52:23.607000+00:00,,,,,,,,,-20.25,-42.875,-75.375,,,,,,,,,,,,,,,,,,,,,
2025-04-10 17:52:24.655000+00:00,,,,,,,,,-19.875,-42.5625,-75.375,,,,,,,,,,,,,,,,,,,,,
2025-04-10 17:52:25.709000+00:00,,,,,,,,,-20.6875,-41.75,-75.375,,,,,,,,,,,,,,,,,,,,,
2025-04-10 17:52:26.743000+00:00,,,,,,,,,-20.25,-42.5625,-75.0625,,,,,,,,,,,,,,,,,,,,,
2025-04-10 17:52:27.777000+00:00,,,,,,,,,-19.5625,-41.75,-75.375,,,,,,,,,,,,,,,,,,,,,
2025-04-10 17:52:28.812000+00:00,,,,,,,,,-19.875,-42.5625,-75.75,,,,,,,,,,,,,,,,,,,,,
2025-04-10 17:52:29.849000+00:00,,,,,,,,,-19.5625,-42.875,-75.0,,,,,,,,,,,,,,,,,,,,,
2025-04-10 17:52:30.883000+00:00,,,,,,,,,-20.6875,-41.75,-74.25,,,,,,,,,,,,,,,,,,,,,
2025-04-10 17:52:31.919000+00:00,,,,,,,,,-20.6875,-41.5,-76.1875,,,,,,,,,,,,,,,,,,,,,
2025-04-10 17:52:32.964000+00:00,,,,,,,,,-20.25,-41.75,-75.375,,,,,,,,,,,,,,,,,,,,,
2025-04-10 17:52:34+00:00,,,,,,,,,-19.5625,-42.1875,-75.75,,,,,,,,,,,,,,,,,,,,,
2025-04-10 17:52:35.048000+00:00,,,,,,,,,-19.875,-42.5625,-75.375,,,,,,,,,,,,,,,,,,,,,
2025-04-10 17:52:36.096000+00:00,,,,,,,,,-19.5625,-42.5625,-76.5625,,,,,,,,,,,,,,,,,,,,,
2025-04-10 17:52:37.143000+00:00,,,,,,,,,-19.875,-42.1875,-75.75,,,,,,,,,,,,,,,,,,,,,
2025-04-10 17:52:38.196000+00:00,,,,,,,,,-19.875,-42.1875,-75.0625,,,,,,,,,,,,,,,,,,,,,
2025-04-10 17:52:39.244000+00:00,,,,,,,,,-20.25,-42.1875,-76.1875,,,,,,,,,,,,,,,,,,,,,
2025-04-10 17:52:40.293000+00:00,,,,,,,,,-19.875,-41.75,-75.375,,,,,,,,,,,,,,,,,,,,,
2025-04-10 17:52:41.340000+00:00,,,,,,,,,-20.25,-42.5625,-75.375,,,,,,,,,,,,,,,,,,,,,
2025-04-10 17:52:42.399000+00:00,,,,,,,,,-19.875,-41.75,-74.6875,,,,,,,,,,,,,,,,,,,,,
2025-04-10 17:52:43.450000+00:00,,,,,,,,,-20.25,-41.5,-75.0625,,,,,,,,,,,,,,,,,,,,,
2025-04-10 17:52:44.501000+00:00,,,,,,,,,-19.5625,-42.5625,-75.375,,,,,,,,,,,,,,,,,,,,,
2025-04-10 17:52:45.548000+00:00,,,,,,,,,-19.5625,-42.5625,-75.0625,,,,,,,,,,,,,,,,,,,,,
2025-04-10 17:52:46.598000+00:00,,,,,,,,,-20.6875,-41.75,-74.6875,,,,,,,,,,,,,,,,,,,,,
2025-04-10 17:52:47.646000+00:00,,,,,,,,,-20.25,-42.1875,-75.375,,,,,,,,,,,,,,,,,,,,,
2025-04-10 17:52:48.691000+00:00,,,,,,,,,-18.75,-41.5,-74.6875,,,,,,,,,,,,,,,,,,,,,
2025-04-10 17:52:49.741000+00:00,,,,,,,,,-19.875,-42.875,-73.875,,,,,,,,,,,,,,,,,,,,,
2025-04-10 17:52:50.790000+00:00,,,,,,,,,-20.6875,-41.75,-75.0625,,,,,,,,,,,,,,,,,,,,,
2025-04-10 17:52:51.840000+00:00,,,,,,,,,-19.1875,-41.5,-75.375,,,,,,,,,,,,,,,,,,,,,
2025-04-10 17:51:53.221000+00:00,,,,,,,,,,,,0.0,-0.0022222222222222222,0.0011111111111111111,,,,,,,,,,,,,,,,,,
2025-04-10 17:51:54.274000+00:00,,,,,,,,,,,,0.0,0.0033333333333333335,-0.0011111111111111111,,,,,,,,,,,,,,,,,,
2025-04-10 17:51:55.326000+00:00,,,,,,,,,,,,-0.0011111111111111111,-0.0044444444444444444,-0.0033333333333333335,,,,,,,,,,,,,,,,,,
2025-04-10 17:51:56.374000+00:00,,,,,,,,,,,,-0.0011111111111111111,0.0011111111111111111,-0.0011111111111111111,,,,,,,,,,,,,,,,,,
2025-04-10 17:51:57.408000+00:00,,,,,,,,,,,,0.0011111111111111111,-0.0011111111111111111,-0.0022222222222222222,,,,,,,,,,,,,,,,,,
2025-04-10 17:51:58.464000+00:00,,,,,,,,,,,,0.0,0.0,-0.0011111111111111111,,,,,,,,,,,,,,,,,,
2025-04-10 17:51:59.510000+00:00,,,,,,,,,,,,0.0,-0.0011111111111111111,0.0,,,,,,,,,,,,,,,,,,
2025-04-10 17:52:00.560000+00:00,,,,,,,,,,,,-0.0022222222222222222,-0.0033333333333333335,-0.0022222222222222222,,,,,,,,,,,,,,,,,,
2025-04-10 17:52:01.608000+00:00,,,,,,,,,,,,0.0011111111111111111,0.0011111111111111111,0.0,,,,,,,,,,,,,,,,,,
2025-04-10 17:52:02.661000+00:00,,,,,,,,,,,,0.0,0.0011111111111111111,0.0011111111111111111,,,,,,,,,,,,,,,,,,
2025-04-10 17:52:03.699000+00:00,,,,,,,,,,,,0.0,-0.0033333333333333335,0.0033333333333333335,,,,,,,,,,,,,,,,,,
2025-04-10 17:52:04.748000+00:00,,,,,,,,,,,,-0.0011111111111111111,0.0022222222222222222,0.0011111111111111111,,,,,,,,,,,,,,,,,,
2025-04-10 17:52:05.799000+00:00,,,,,,,,,,,,0.0,-0.0011111111111111111,-0.0011111111111111111,,,,,,,,,,,,,,,,,,
2025-04-10 17:52:06.850000+00:00,,,,,,,,,,,,0.0,0.0011111111111111111,0.0,,,,,,,,,,,,,,,,,,
2025-04-10 17:52:07.900000+00:00,,,,,,,,,,,,0.0011111111111111111,-0.0022222222222222222,0.0022222222222222222,,,,,,,,,,,,,,,,,,
2025-04-10 17:52:08.951000+00:00,,,,,,,,,,,,0.0,0.0033333333333333335,0.0011111111111111111,,,,,,,,,,,,,,,,,,
2025-04-10 17:52:10.002000+00:00,,,,,,,,,,,,-0.0022222222222222222,0.0,0.0011111111111111111,,,,,,,,,,,,,,,,,,
2025-04-10 17:52:11.039000+00:00,,,,,,,,,,,,0.0,-0.0011111111111111111,0.0,,,,,,,,,,,,,,,,,,
2025-04-10 17:52:12.088000+00:00,,,,,,,,,,,,0.0,-0.0022222222222222222,-0.0022222222222222222,,,,,,,,,,,,,,,,,,
2025-04-10 17:52:13.135000+00:00,,,,,,,,,,,,0.0011111111111111111,-0.0011111111111111111,0.0011111111111111111,,,,,,,,,,,,,,,,,,
2025-04-10 17:52:14.184000+00:00,,,,,,,,,,,,-0.0011111111111111111,0.0022222222222222222,-0.0033333333333333335,,,,,,,,,,,,,,,,,,
2025-04-10 17:52:15.233000+00:00,,,,,,,,,,,,0.0011111111111111111,0.0011111111111111111,0.0,,,,,,,,,,,,,,,,,,
2025-04-10 17:52:16.280000+00:00,,,,,,,,,,,,0.0011111111111111111,0.0,-0.0011111111111111111,,,,,,,,,,,,,,,,,,
2025-04-10 17:52:17.325000+00:00,,,,,,,,,,,,0.0,-0.0011111111111111111,-0.0022222222222222222,,,,,,,,,,,,,,,,,,
2025-04-10 17:52:18.371000+00:00,,,,,,,,,,,,0.0,0.0022222222222222222,-0.0022222222222222222,,,,,,,,,,,,,,,,,,
2025-04-10 17:52:19.421000+00:00,,,,,,,,,,,,-0.0011111111111111111,-0.0022222222222222222,-0.0011111111111111111,,,,,,,,,,,,,,,,,,
2025-04-10 17:52:20.469000+00:00,,,,,,,,,,,,-0.0044444444444444444,0.0011111111111111111,0.0011111111111111111,,,,,,,,,,,,,,,,,,
2025-04-10 17:52:21.519000+00:00,,,,,,,,,,,,0.0,-0.0011111111111111111,-0.0044444444444444444,,,,,,,,,,,,,,,,,,
2025-04-10 17:52:22.566000+00:00,,,,,,,,,,,,0.0011111111111111111,-0.0011111111111111111,-0.0011111111111111111,,,,,,,,,,,,,,,,,,
2025-04-10 17:52:23.611000+00:00,,,,,,,,,,,,-0.0011111111111111111,-0.0011111111111111111,-0.0011111111111111111,,,,,,,,,,,,,,,,,,
2025-04-10 17:52:24.660000+00:00,,,,,,,,,,,,0.0011111111111111111,0.0011111111111111111,-0.0022222222222222222,,,,,,,,,,,,,,,,,,
2025-04-10 17:52:25.713000+00:00,,,,,,,,,,,,-0.0011111111111111111,-0.0022222222222222222,0.0022222222222222222,,,,,,,,,,,,,,,,,,
2025-04-10 17:52:26.748000+00:00,,,,,,,,,,,,0.0,0.0,0.0011111111111111111,,,,,,,,,,,,,,,,,,
2025-04-10 17:52:27.781000+00:00,,,,,,,,,,,,0.0,0.0,-0.0011111111111111111,,,,,,,,,,,,,,,,,,
2025-04-10 17:52:28.817000+00:00,,,,,,,,,,,,0.0011111111111111111,0.0,-0.0011111111111111111,,,,,,,,,,,,,,,,,,
2025-04-10 17:52:29.853000+00:00,,,,,,,,,,,,-0.0022222222222222222,-0.0022222222222222222,-0.0011111111111111111,,,,,,,,,,,,,,,,,,
2025-04-10 17:52:30.887000+00:00,,,,,,,,,,,,0.0,0.0011111111111111111,-0.0011111111111111111,,,,,,,,,,,,,,,,,,
2025-04-10 17:52:31.923000+00:00,,,,,,,,,,,,0.0011111111111111111,0.0022222222222222222,0.0011111111111111111,,,,,,,,,,,,,,,,,,
2025-04-10 17:52:32.969000+00:00,,,,,,,,,,,,0.0,-0.0011111111111111111,0.0,,,,,,,,,,,,,,,,,,
2025-04-10 17:52:34.005000+00:00,,,,,,,,,,,,0.0,0.0011111111111111111,0.0011111111111111111,,,,,,,,,,,,,,,,,,
2025-04-10 17:52:35.054000+00:00,,,,,,,,,,,,0.0,0.0,-0.0044444444444444444,,,,,,,,,,,,,,,,,,
2025-04-10 17:52:36.101000+00:00,,,,,,,,,,,,0.0,0.0022222222222222222,0.005555555555555556,,,,,,,,,,,,,,,,,,
2025-04-10 17:52:37.148000+00:00,,,,,,,,,,,,0.0,0.0022222222222222222,0.0033333333333333335,,,,,,,,,,,,,,,,,,
2025-04-10 17:52:38.200000+00:00,,,,,,,,,,,,0.0,0.0011111111111111111,0.0011111111111111111,,,,,,,,,,,,,,,,,,
2025-04-10 17:52:39.248000+00:00,,,,,,,,,,,,0.0,0.0022222222222222222,0.0,,,,,,,,,,,,,,,,,,
2025-04-10 17:52:40.297000+00:00,,,,,,,,,,,,0.0011111111111111111,0.0011111111111111111,0.0011111111111111111,,,,,,,,,,,,,,,,,,
2025-04-10 17:52:41.347000+00:00,,,,,,,,,,,,0.0011111111111111111,-0.0022222222222222222,0.0022222222222222222,,,,,,,,,,,,,,,,,,
2025-04-10 17:52:42.404000+00:00,,,,,,,,,,,,-0.0022222222222222222,0.0011111111111111111,-0.0033333333333333335,,,,,,,,,,,,,,,,,,
2025-04-10 17:52:43.455000+00:00,,,,,,,,,,,,0.0,-0.0011111111111111111,0.0022222222222222222,,,,,,,,,,,,,,,,,,
2025-04-10 17:52:44.506000+00:00,,,,,,,,,,,,-0.0022222222222222222,0.0011111111111111111,0.0011111111111111111,,,,,,,,,,,,,,,,,,
2025-04-10 17:52:45.552000+00:00,,,,,,,,,,,,0.0,-0.0022222222222222222,-0.0011111111111111111,,,,,,,,,,,,,,,,,,
2025-04-10 17:52:46.602000+00:00,,,,,,,,,,,,-0.0011111111111111111,-0.0033333333333333335,0.0033333333333333335,,,,,,,,,,,,,,,,,,
2025-04-10 17:52:47.650000+00:00,,,,,,,,,,,,0.0,0.0,0.0,,,,,,,,,,,,,,,,,,
2025-04-10 17:52:48.694000+00:00,,,,,,,,,,,,0.0,-0.0011111111111111111,0.0011111111111111111,,,,,,,,,,,,,,,,,,
2025-04-10 17:52:49.745000+00:00,,,,,,,,,,,,-0.0011111111111111111,0.0011111111111111111,0.0,,,,,,,,,,,,,,,,,,
2025-04-10 17:52:50.794000+00:00,,,,,,,,,,,,0.0011111111111111111,-0.0011111111111111111,0.0022222222222222222,,,,,,,,,,,,,,,,,,
2025-04-10 17:52:51.844000+00:00,,,,,,,,,,,,0.0022222222222222222,-0.0033333333333333335,0.0011111111111111111,,,,,,,,,,,,,,,,,,
2025-04-10 17:51:53.226000+00:00,,,,,,,,,,,,,,,-0.47,0.12,9.44,,,,,,,,,,,,,,,
2025-04-10 17:51:54.279000+00:00,,,,,,,,,,,,,,,-0.45,0.11,9.43,,,,,,,,,,,,,,,
2025-04-10 17:51:55.331000+00:00,,,,,,,,,,,,,,,-0.47,0.12,9.44,,,,,,,,,,,,,,,
2025-04-10 17:51:56.379000+00:00,,,,,,,,,,,,,,,-0.45,0.11,9.44,,,,,,,,,,,,,,,
2025-04-10 17:51:57.413000+00:00,,,,,,,,,,,,,,,-0.46,0.11,9.44,,,,,,,,,,,,,,,
2025-04-10 17:51:58.468000+00:00,,,,,,,,,,,,,,,-0.46,0.13,9.41,,,,,,,,,,,,,,,
2025-04-10 17:51:59.515000+00:00,,,,,,,,,,,,,,,-0.47,0.13,9.46,,,,,,,,,,,,,,,
2025-04-10 17:52:00.565000+00:00,,,,,,,,,,,,,,,-0.45,0.13,9.42,,,,,,,,,,,,,,,
2025-04-10 17:52:01.613000+00:00,,,,,,,,,,,,,,,-0.46,0.12,9.44,,,,,,,,,,,,,,,
2025-04-10 17:52:02.666000+00:00,,,,,,,,,,,,,,,-0.45,0.11,9.44,,,,,,,,,,,,,,,
2025-04-10 17:52:03.704000+00:00,,,,,,,,,,,,,,,-0.45,0.13,9.41,,,,,,,,,,,,,,,
2025-04-10 17:52:04.753000+00:00,,,,,,,,,,,,,,,-0.44,0.12,9.4,,,,,,,,,,,,,,,
2025-04-10 17:52:05.804000+00:00,,,,,,,,,,,,,,,-0.47,0.11,9.42,,,,,,,,,,,,,,,
2025-04-10 17:52:06.854000+00:00,,,,,,,,,,,,,,,-0.46,0.14,9.43,,,,,,,,,,,,,,,
2025-04-10 17:52:07.905000+00:00,,,,,,,,,,,,,,,-0.47,0.11,9.43,,,,,,,,,,,,,,,
2025-04-10 17:52:08.956000+00:00,,,,,,,,,,,,,,,-0.46,0.1,9.39,,,,,,,,,,,,,,,
2025-04-10 17:52:10.007000+00:00,,,,,,,,,,,,,,,-0.47,0.13,9.42,,,,,,,,,,,,,,,
2025-04-10 17:52:11.043000+00:00,,,,,,,,,,,,,,,-0.46,0.12,9.42,,,,,,,,,,,,,,,
2025-04-10 17:52:12.092000+00:00,,,,,,,,,,,,,,,-0.46,0.11,9.42,,,,,,,,,,,,,,,
2025-04-10 17:52:13.140000+00:00,,,,,,,,,,,,,,,-0.46,0.12,9.42,,,,,,,,,,,,,,,
2025-04-10 17:52:14.190000+00:00,,,,,,,,,,,,,,,-0.47,0.11,9.45,,,,,,,,,,,,,,,
2025-04-10 17:52:15.236000+00:00,,,,,,,,,,,,,,,-0.46,0.12,9.44,,,,,,,,,,,,,,,
2025-04-10 17:52:16.285000+00:00,,,,,,,,,,,,,,,-0.45,0.12,9.43,,,,,,,,,,,,,,,
2025-04-10 17:52:17.329000+00:00,,,,,,,,,,,,,,,-0.46,0.11,9.42,,,,,,,,,,,,,,,
2025-04-10 17:52:18.376000+00:00,,,,,,,,,,,,,,,-0.46,0.15,9.42,,,,,,,,,,,,,,,
2025-04-10 17:52:19.425000+00:00,,,,,,,,,,,,,,,-0.49,0.12,9.44,,,,,,,,,,,,,,,
2025-04-10 17:52:20.473000+00:00,,,,,,,,,,,,,,,-0.46,0.13,9.43,,,,,,,,,,,,,,,
2025-04-10 17:52:21.523000+00:00,,,,,,,,,,,,,,,-0.47,0.12,9.42,,,,,,,,,,,,,,,
2025-04-10 17:52:22.570000+00:00,,,,,,,,,,,,,,,-0.45,0.14,9.43,,,,,,,,,,,,,,,
2025-04-10 17:52:23.616000+00:00,,,,,,,,,,,,,,,-0.45,0.12,9.43,,,,,,,,,,,,,,,
2025-04-10 17:52:24.665000+00:00,,,,,,,,,,,,,,,-0.48,0.12,9.45,,,,,,,,,,,,,,,
2025-04-10 17:52:25.719000+00:00,,,,,,,,,,,,,,,-0.45,0.13,9.43,,,,,,,,,,,,,,,
2025-04-10 17:52:26.751000+00:00,,,,,,,,,,,,,,,-0.47,0.12,9.43,,,,,,,,,,,,,,,
2025-04-10 17:52:27.785000+00:00,,,,,,,,,,,,,,,-0.48,0.13,9.44,,,,,,,,,,,,,,,
2025-04-10 17:52:28.822000+00:00,,,,,,,,,,,,,,,-0.47,0.13,9.41,,,,,,,,,,,,,,,
2025-04-10 17:52:29.857000+00:00,,,,,,,,,,,,,,,-0.46,0.14,9.41,,,,,,,,,,,,,,,
2025-04-10 17:52:30.892000+00:00,,,,,,,,,,,,,,,-0.47,0.13,9.43,,,,,,,,,,,,,,,
2025-04-10 17:52:31.927000+00:00,,,,,,,,,,,,,,,-0.46,0.14,9.43,,,,,,,,,,,,,,,
2025-04-10 17:52:32.974000+00:00,,,,,,,,,,,,,,,-0.47,0.13,9.44,,,,,,,,,,,,,,,
2025-04-10 17:52:34.010000+00:00,,,,,,,,,,,,,,,-0.47,0.14,9.43,,,,,,,,,,,,,,,
2025-04-10 17:52:35.058000+00:00,,,,,,,,,,,,,,,-0.46,0.13,9.45,,,,,,,,,,,,,,,
2025-04-10 17:52:36.105000+00:00,,,,,,,,,,,,,,,-0.48,0.11,9.43,,,,,,,,,,,,,,,
2025-04-10 17:52:37.154000+00:00,,,,,,,,,,,,,,,-0.46,0.13,9.44,,,,,,,,,,,,,,,
2025-04-10 17:52:38.205000+00:00,,,,,,,,,,,,,,,-0.45,0.14,9.45,,,,,,,,,,,,,,,
2025-04-10 17:52:39.253000+00:00,,,,,,,,,,,,,,,-0.48,0.15,9.44,,,,,,,,,,,,,,,
2025-04-10 17:52:40.302000+00:00,,,,,,,,,,,,,,,-0.47,0.14,9.42,,,,,,,,,,,,,,,
2025-04-10 17:52:41.353000+00:00,,,,,,,,,,,,,,,-0.46,0.11,9.42,,,,,,,,,,,,,,,
2025-04-10 17:52:42.408000+00:00,,,,,,,,,,,,,,,-0.47,0.12,9.44,,,,,,,,,,,,,,,
2025-04-10 17:52:43.459000+00:00,,,,,,,,,,,,,,,-0.47,0.12,9.42,,,,,,,,,,,,,,,
2025-04-10 17:52:44.510000+00:00,,,,,,,,,,,,,,,-0.47,0.14,9.4,,,,,,,,,,,,,,,
2025-04-10 17:52:45.557000+00:00,,,,,,,,,,,,,,,-0.45,0.14,9.43,,,,,,,,,,,,,,,
2025-04-10 17:52:46.606000+00:00,,,,,,,,,,,,,,,-0.48,0.13,9.43,,,,,,,,,,,,,,,
2025-04-10 17:52:47.654000+00:00,,,,,,,,,,,,,,,-0.49,0.12,9.43,,,,,,,,,,,,,,,
2025-04-10 17:52:48.699000+00:00,,,,,,,,,,,,,,,-0.48,0.12,9.45,,,,,,,,,,,,,,,
2025-04-10 17:52:49.749000+00:00,,,,,,,,,,,,,,,-0.45,0.14,9.45,,,,,,,,,,,,,,,
2025-04-10 17:52:50.799000+00:00,,,,,,,,,,,,,,,-0.49,0.12,9.46,,,,,,,,,,,,,,,
2025-04-10 17:52:51.849000+00:00,,,,,,,,,,,,,,,-0.47,0.12,9.42,,,,,,,,,,,,,,,
2025-04-10 17:51:53.231000+00:00,,,,,,,,,,,,,,,,,,-0.07,-0.01,-0.35,,,,,,,,,,,,
2025-04-10 17:51:54.283000+00:00,,,,,,,,,,,,,,,,,,-0.09,0.0,-0.37,,,,,,,,,,,,
2025-04-10 17:51:55.335000+00:00,,,,,,,,,,,,,,,,,,-0.04,-0.03,-0.39,,,,,,,,,,,,
2025-04-10 17:51:56.383000+00:00,,,,,,,,,,,,,,,,,,-0.07,-0.01,-0.36,,,,,,,,,,,,
2025-04-10 17:51:57.419000+00:00,,,,,,,,,,,,,,,,,,-0.07,0.0,-0.37,,,,,,,,,,,,
2025-04-10 17:51:58.474000+00:00,,,,,,,,,,,,,,,,,,-0.06,0.0,-0.38,,,,,,,,,,,,
2025-04-10 17:51:59.522000+00:00,,,,,,,,,,,,,,,,,,-0.07,0.0,-0.33,,,,,,,,,,,,
2025-04-10 17:52:00.570000+00:00,,,,,,,,,,,,,,,,,,-0.06,0.0,-0.36,,,,,,,,,,,,
2025-04-10 17:52:01.617000+00:00,,,,,,,,,,,,,,,,,,-0.07,0.0,-0.37,,,,,,,,,,,,
2025-04-10 17:52:02.670000+00:00,,,,,,,,,,,,,,,,,,-0.06,0.0,-0.37,,,,,,,,,,,,
2025-04-10 17:52:03.708000+00:00,,,,,,,,,,,,,,,,,,-0.05,-0.01,-0.36,,,,,,,,,,,,
2025-04-10 17:52:04.757000+00:00,,,,,,,,,,,,,,,,,,-0.04,-0.01,-0.39,,,,,,,,,,,,
2025-04-10 17:52:05.809000+00:00,,,,,,,,,,,,,,,,,,-0.08,-0.01,-0.37,,,,,,,,,,,,
2025-04-10 17:52:06.859000+00:00,,,,,,,,,,,,,,,,,,-0.07,0.0,-0.35,,,,,,,,,,,,
2025-04-10 17:52:07.910000+00:00,,,,,,,,,,,,,,,,,,-0.08,-0.02,-0.36,,,,,,,,,,,,
2025-04-10 17:52:08.961000+00:00,,,,,,,,,,,,,,,,,,-0.07,-0.03,-0.39,,,,,,,,,,,,
2025-04-10 17:52:10.011000+00:00,,,,,,,,,,,,,,,,,,-0.08,0.0,-0.36,,,,,,,,,,,,
2025-04-10 17:52:11.049000+00:00,,,,,,,,,,,,,,,,,,-0.06,0.0,-0.36,,,,,,,,,,,,
2025-04-10 17:52:12.097000+00:00,,,,,,,,,,,,,,,,,,-0.07,-0.02,-0.37,,,,,,,,,,,,
2025-04-10 17:52:13.144000+00:00,,,,,,,,,,,,,,,,,,-0.09,0.0,-0.36,,,,,,,,,,,,
2025-04-10 17:52:14.194000+00:00,,,,,,,,,,,,,,,,,,-0.07,0.0,-0.38,,,,,,,,,,,,
2025-04-10 17:52:15.241000+00:00,,,,,,,,,,,,,,,,,,-0.06,-0.01,-0.35,,,,,,,,,,,,
2025-04-10 17:52:16.288000+00:00,,,,,,,,,,,,,,,,,,-0.05,-0.01,-0.36,,,,,,,,,,,,
2025-04-10 17:52:17.334000+00:00,,,,,,,,,,,,,,,,,,-0.06,-0.01,-0.37,,,,,,,,,,,,
2025-04-10 17:52:18.380000+00:00,,,,,,,,,,,,,,,,,,-0.07,0.0,-0.33,,,,,,,,,,,,
2025-04-10 17:52:19.429000+00:00,,,,,,,,,,,,,,,,,,-0.08,0.0,-0.37,,,,,,,,,,,,
2025-04-10 17:52:20.477000+00:00,,,,,,,,,,,,,,,,,,-0.07,0.0,-0.36,,,,,,,,,,,,
2025-04-10 17:52:21.528000+00:00,,,,,,,,,,,,,,,,,,-0.07,0.0,-0.37,,,,,,,,,,,,
2025-04-10 17:52:22.574000+00:00,,,,,,,,,,,,,,,,,,-0.06,0.0,-0.36,,,,,,,,,,,,
2025-04-10 17:52:23.620000+00:00,,,,,,,,,,,,,,,,,,-0.07,0.0,-0.34,,,,,,,,,,,,
2025-04-10 17:52:24.670000+00:00,,,,,,,,,,,,,,,,,,-0.08,-0.01,-0.34,,,,,,,,,,,,
2025-04-10 17:52:25.723000+00:00,,,,,,,,,,,,,,,,,,-0.08,0.0,-0.35,,,,,,,,,,,,
2025-04-10 17:52:26.756000+00:00,,,,,,,,,,,,,,,,,,-0.07,0.0,-0.35,,,,,,,,,,,,
2025-04-10 17:52:27.790000+00:00,,,,,,,,,,,,,,,,,,-0.09,0.0,-0.35,,,,,,,,,,,,
2025-04-10 17:52:28.826000+00:00,,,,,,,,,,,,,,,,,,-0.09,0.0,-0.36,,,,,,,,,,,,
2025-04-10 17:52:29.862000+00:00,,,,,,,,,,,,,,,,,,-0.07,0.0,-0.38,,,,,,,,,,,,
2025-04-10 17:52:30.896000+00:00,,,,,,,,,,,,,,,,,,-0.07,0.0,-0.35,,,,,,,,,,,,
2025-04-10 17:52:31.932000+00:00,,,,,,,,,,,,,,,,,,-0.07,0.0,-0.35,,,,,,,,,,,,
2025-04-10 17:52:32.977000+00:00,,,,,,,,,,,,,,,,,,-0.09,0.0,-0.36,,,,,,,,,,,,
2025-04-10 17:52:34.014000+00:00,,,,,,,,,,,,,,,,,,-0.08,0.0,-0.38,,,,,,,,,,,,
2025-04-10 17:52:35.063000+00:00,,,,,,,,,,,,,,,,,,-0.06,0.0,-0.34,,,,,,,,,,,,
2025-04-10 17:52:36.109000+00:00,,,,,,,,,,,,,,,,,,-0.06,-0.01,-0.38,,,,,,,,,,,,
2025-04-10 17:52:37.158000+00:00,,,,,,,,,,,,,,,,,,-0.07,0.0,-0.37,,,,,,,,,,,,
2025-04-10 17:52:38.209000+00:00,,,,,,,,,,,,,,,,,,-0.07,0.0,-0.39,,,,,,,,,,,,
2025-04-10 17:52:39.257000+00:00,,,,,,,,,,,,,,,,,,-0.09,0.02,-0.35,,,,,,,,,,,,
2025-04-10 17:52:40.306000+00:00,,,,,,,,,,,,,,,,,,-0.07,0.0,-0.37,,,,,,,,,,,,
2025-04-10 17:52:41.358000+00:00,,,,,,,,,,,,,,,,,,-0.07,0.0,-0.35,,,,,,,,,,,,
2025-04-10 17:52:42.413000+00:00,,,,,,,,,,,,,,,,,,-0.08,0.0,-0.37,,,,,,,,,,,,
2025-04-10 17:52:43.463000+00:00,,,,,,,,,,,,,,,,,,-0.08,0.0,-0.37,,,,,,,,,,,,
2025-04-10 17:52:44.514000+00:00,,,,,,,,,,,,,,,,,,-0.07,0.0,-0.39,,,,,,,,,,,,
2025-04-10 17:52:45.561000+00:00,,,,,,,,,,,,,,,,,,-0.07,-0.02,-0.39,,,,,,,,,,,,
2025-04-10 17:52:46.610000+00:00,,,,,,,,,,,,,,,,,,-0.09,0.0,-0.36,,,,,,,,,,,,
2025-04-10 17:52:47.659000+00:00,,,,,,,,,,,,,,,,,,-0.1,0.0,-0.35,,,,,,,,,,,,
2025-04-10 17:52:48.703000+00:00,,,,,,,,,,,,,,,,,,-0.06,0.0,-0.38,,,,,,,,,,,,
2025-04-10 17:52:49.753000+00:00,,,,,,,,,,,,,,,,,,-0.07,-0.01,-0.37,,,,,,,,,,,,
2025-04-10 17:52:50.803000+00:00,,,,,,,,,,,,,,,,,,-0.07,-0.02,-0.38,,,,,,,,,,,,
2025-04-10 17:52:51.854000+00:00,,,,,,,,,,,,,,,,,,-0.08,-0.02,-0.35,,,,,,,,,,,,
2025-04-10 17:51:53.236000+00:00,,,,,,,,,,,,,,,,,,,,,-0.39,0.13,9.79,,,,,,,,,
2025-04-10 17:51:54.288000+00:00,,,,,,,,,,,,,,,,,,,,,-0.39,0.13,9.79,,,,,,,,,
2025-04-10 17:51:55.340000+00:00,,,,,,,,,,,,,,,,,,,,,-0.39,0.13,9.79,,,,,,,,,
2025-04-10 17:51:56.387000+00:00,,,,,,,,,,,,,,,,,,,,,-0.39,0.13,9.79,,,,,,,,,
2025-04-10 17:51:57.425000+00:00,,,,,,,,,,,,,,,,,,,,,-0.39,0.13,9.79,,,,,,,,,
2025-04-10 17:51:58.478000+00:00,,,,,,,,,,,,,,,,,,,,,-0.39,0.13,9.79,,,,,,,,,
2025-04-10 17:51:59.527000+00:00,,,,,,,,,,,,,,,,,,,,,-0.39,0.13,9.79,,,,,,,,,
2025-04-10 17:52:00.575000+00:00,,,,,,,,,,,,,,,,,,,,,-0.39,0.13,9.79,,,,,,,,,
2025-04-10 17:52:01.622000+00:00,,,,,,,,,,,,,,,,,,,,,-0.39,0.13,9.79,,,,,,,,,
2025-04-10 17:52:02.675000+00:00,,,,,,,,,,,,,,,,,,,,,-0.39,0.13,9.79,,,,,,,,,
2025-04-10 17:52:03.713000+00:00,,,,,,,,,,,,,,,,,,,,,-0.39,0.13,9.79,,,,,,,,,
2025-04-10 17:52:04.761000+00:00,,,,,,,,,,,,,,,,,,,,,-0.39,0.13,9.79,,,,,,,,,
2025-04-10 17:52:05.812000+00:00,,,,,,,,,,,,,,,,,,,,,-0.39,0.13,9.79,,,,,,,,,
2025-04-10 17:52:06.863000+00:00,,,,,,,,,,,,,,,,,,,,,-0.39,0.13,9.79,,,,,,,,,
2025-04-10 17:52:07.913000+00:00,,,,,,,,,,,,,,,,,,,,,-0.39,0.13,9.79,,,,,,,,,
2025-04-10 17:52:08.964000+00:00,,,,,,,,,,,,,,,,,,,,,-0.39,0.13,9.79,,,,,,,,,
2025-04-10 17:52:10.015000+00:00,,,,,,,,,,,,,,,,,,,,,-0.39,0.13,9.79,,,,,,,,,
2025-04-10 17:52:11.052000+00:00,,,,,,,,,,,,,,,,,,,,,-0.39,0.13,9.79,,,,,,,,,
2025-04-10 17:52:12.102000+00:00,,,,,,,,,,,,,,,,,,,,,-0.39,0.13,9.79,,,,,,,,,
2025-04-10 17:52:13.149000+00:00,,,,,,,,,,,,,,,,,,,,,-0.39,0.13,9.79,,,,,,,,,
2025-04-10 17:52:14.199000+00:00,,,,,,,,,,,,,,,,,,,,,-0.39,0.13,9.79,,,,,,,,,
2025-04-10 17:52:15.245000+00:00,,,,,,,,,,,,,,,,,,,,,-0.39,0.13,9.79,,,,,,,,,
2025-04-10 17:52:16.293000+00:00,,,,,,,,,,,,,,,,,,,,,-0.39,0.13,9.79,,,,,,,,,
2025-04-10 17:52:17.338000+00:00,,,,,,,,,,,,,,,,,,,,,-0.39,0.13,9.79,,,,,,,,,
2025-04-10 17:52:18.384000+00:00,,,,,,,,,,,,,,,,,,,,,-0.39,0.13,9.79,,,,,,,,,
2025-04-10 17:52:19.434000+00:00,,,,,,,,,,,,,,,,,,,,,-0.39,0.13,9.79,,,,,,,,,
2025-04-10 17:52:20.482000+00:00,,,,,,,,,,,,,,,,,,,,,-0.39,0.13,9.79,,,,,,,,,
2025-04-10 17:52:21.532000+00:00,,,,,,,,,,,,,,,,,,,,,-0.39,0.13,9.79,,,,,,,,,
2025-04-10 17:52:22.579000+00:00,,,,,,,,,,,,,,,,,,,,,-0.39,0.13,9.79,,,,,,,,,
2025-04-10 17:52:23.624000+00:00,,,,,,,,,,,,,,,,,,,,,-0.39,0.13,9.79,,,,,,,,,
2025-04-10 17:52:24.674000+00:00,,,,,,,,,,,,,,,,,,,,,-0.39,0.13,9.79,,,,,,,,,
2025-04-10 17:52:25.726000+00:00,,,,,,,,,,,,,,,,,,,,,-0.39,0.13,9.79,,,,,,,,,
2025-04-10 17:52:26.761000+00:00,,,,,,,,,,,,,,,,,,,,,-0.39,0.13,9.79,,,,,,,,,
2025-04-10 17:52:27.794000+00:00,,,,,,,,,,,,,,,,,,,,,-0.39,0.13,9.79,,,,,,,,,
2025-04-10 17:52:28.831000+00:00,,,,,,,,,,,,,,,,,,,,,-0.39,0.13,9.79,,,,,,,,,
2025-04-10 17:52:29.865000+00:00,,,,,,,,,,,,,,,,,,,,,-0.39,0.13,9.79,,,,,,,,,
2025-04-10 17:52:30.901000+00:00,,,,,,,,,,,,,,,,,,,,,-0.39,0.13,9.79,,,,,,,,,
2025-04-10 17:52:31.935000+00:00,,,,,,,,,,,,,,,,,,,,,-0.39,0.13,9.79,,,,,,,,,
2025-04-10 17:52:32.982000+00:00,,,,,,,,,,,,,,,,,,,,,-0.39,0.13,9.79,,,,,,,,,
2025-04-10 17:52:34.019000+00:00,,,,,,,,,,,,,,,,,,,,,-0.39,0.13,9.79,,,,,,,,,
2025-04-10 17:52:35.068000+00:00,,,,,,,,,,,,,,,,,,,,,-0.39,0.13,9.79,,,,,,,,,
2025-04-10 17:52:36.114000+00:00,,,,,,,,,,,,,,,,,,,,,-0.39,0.13,9.79,,,,,,,,,
2025-04-10 17:52:37.163000+00:00,,,,,,,,,,,,,,,,,,,,,-0.39,0.13,9.79,,,,,,,,,
2025-04-10 17:52:38.214000+00:00,,,,,,,,,,,,,,,,,,,,,-0.39,0.13,9.79,,,,,,,,,
2025-04-10 17:52:39.261000+00:00,,,,,,,,,,,,,,,,,,,,,-0.39,0.13,9.79,,,,,,,,,
2025-04-10 17:52:40.310000+00:00,,,,,,,,,,,,,,,,,,,,,-0.39,0.13,9.79,,,,,,,,,
2025-04-10 17:52:41.364000+00:00,,,,,,,,,,,,,,,,,,,,,-0.39,0.13,9.79,,,,,,,,,
2025-04-10 17:52:42.418000+00:00,,,,,,,,,,,,,,,,,,,,,-0.39,0.13,9.79,,,,,,,,,
2025-04-10 17:52:43.468000+00:00,,,,,,,,,,,,,,,,,,,,,-0.39,0.13,9.79,,,,,,,,,
2025-04-10 17:52:44.519000+00:00,,,,,,,,,,,,,,,,,,,,,-0.39,0.13,9.79,,,,,,,,,
2025-04-10 17:52:45.565000+00:00,,,,,,,,,,,,,,,,,,,,,-0.39,0.13,9.79,,,,,,,,,
2025-04-10 17:52:46.616000+00:00,,,,,,,,,,,,,,,,,,,,,-0.39,0.13,9.79,,,,,,,,,
2025-04-10 17:52:47.662000+00:00,,,,,,,,,,,,,,,,,,,,,-0.39,0.13,9.79,,,,,,,,,
2025-04-10 17:52:48.708000+00:00,,,,,,,,,,,,,,,,,,,,,-0.39,0.13,9.79,,,,,,,,,
2025-04-10 17:52:49.758000+00:00,,,,,,,,,,,,,,,,,,,,,-0.39,0.13,9.79,,,,,,,,,
2025-04-10 17:52:50.808000+00:00,,,,,,,,,,,,,,,,,,,,,-0.39,0.13,9.79,,,,,,,,,
2025-04-10 17:52:51.859000+00:00,,,,,,,,,,,,,,,,,,,,,-0.39,0.13,9.79,,,,,,,,,
2025-04-10 17:52:52.904000+00:00,,,,,,,,,,,,,,,,,,,,,,0.13,9.79,,,,,,,,,
2025-04-10 17:51:53.970440+00:00,,,,,,,,,,,,,,,,,,,,,,,,0.15125,,,,,,,,
2025-04-10 17:51:54.995649+00:00,,,,,,,,,,,,,,,,,,,,,,,,0.145,,,,,,,,
2025-04-10 17:51:56.023198+00:00,,,,,,,,,,,,,,,,,,,,,,,,0.0,,,,,,,,
2025-04-10 17:51:57.049144+00:00,,,,,,,,,,,,,,,,,,,,,,,,0.15375,,,,,,,,
2025-04-10 17:51:58.076875+00:00,,,,,,,,,,,,,,,,,,,,,,,,0.1475,,,,,,,,
2025-04-10 17:51:59.103429+00:00,,,,,,,,,,,,,,,,,,,,,,,,0.0275,,,,,,,,
2025-04-10 17:52:00.128808+00:00,,,,,,,,,,,,,,,,,,,,,,,,0.0,,,,,,,,
2025-04-10 17:52:01.158746+00:00,,,,,,,,,,,,,,,,,,,,,,,,0.0,,,,,,,,
2025-04-10 17:52:02.175533+00:00,,,,,,,,,,,,,,,,,,,,,,,,0.07625,,,,,,,,
2025-04-10 17:52:03.202511+00:00,,,,,,,,,,,,,,,,,,,,,,,,0.1625,,,,,,,,
2025-04-10 17:52:04.226840+00:00,,,,,,,,,,,,,,,,,,,,,,,,0.16375,,,,,,,,
2025-04-10 17:52:05.252432+00:00,,,,,,,,,,,,,,,,,,,,,,,,0.17,,,,,,,,
2025-04-10 17:52:06.278064+00:00,,,,,,,,,,,,,,,,,,,,,,,,0.00125,,,,,,,,
2025-04-10 17:52:07.303887+00:00,,,,,,,,,,,,,,,,,,,,,,,,0.14375000000000002,,,,,,,,
2025-04-10 17:52:08.328156+00:00,,,,,,,,,,,,,,,,,,,,,,,,0.0,,,,,,,,
2025-04-10 17:52:09.351629+00:00,,,,,,,,,,,,,,,,,,,,,,,,0.05375,,,,,,,,
2025-04-10 17:52:10.364620+00:00,,,,,,,,,,,,,,,,,,,,,,,,0.08750000000000001,,,,,,,,
2025-04-10 17:52:11.379505+00:00,,,,,,,,,,,,,,,,,,,,,,,,0.00125,,,,,,,,
2025-04-10 17:52:12.409574+00:00,,,,,,,,,,,,,,,,,,,,,,,,0.1275,,,,,,,,
2025-04-10 17:52:13.434678+00:00,,,,,,,,,,,,,,,,,,,,,,,,0.02375,,,,,,,,
2025-04-10 17:52:14.447407+00:00,,,,,,,,,,,,,,,,,,,,,,,,0.01,,,,,,,,
2025-04-10 17:52:15.475689+00:00,,,,,,,,,,,,,,,,,,,,,,,,0.04875,,,,,,,,
2025-04-10 17:52:16.501660+00:00,,,,,,,,,,,,,,,,,,,,,,,,0.15375,,,,,,,,
2025-04-10 17:52:17.525973+00:00,,,,,,,,,,,,,,,,,,,,,,,,0.01375,,,,,,,,
2025-04-10 17:52:18.545398+00:00,,,,,,,,,,,,,,,,,,,,,,,,0.0,,,,,,,,
2025-04-10 17:52:19.577768+00:00,,,,,,,,,,,,,,,,,,,,,,,,0.015,,,,,,,,
2025-04-10 17:52:20.602843+00:00,,,,,,,,,,,,,,,,,,,,,,,,0.0,,,,,,,,
2025-04-10 17:52:21.627496+00:00,,,,,,,,,,,,,,,,,,,,,,,,0.08125,,,,,,,,
2025-04-10 17:52:22.642879+00:00,,,,,,,,,,,,,,,,,,,,,,,,0.08625000000000001,,,,,,,,
2025-04-10 17:52:23.657162+00:00,,,,,,,,,,,,,,,,,,,,,,,,0.1475,,,,,,,,
2025-04-10 17:52:24.671852+00:00,,,,,,,,,,,,,,,,,,,,,,,,0.135,,,,,,,,
2025-04-10 17:52:25.702282+00:00,,,,,,,,,,,,,,,,,,,,,,,,0.10875,,,,,,,,
2025-04-10 17:52:26.731485+00:00,,,,,,,,,,,,,,,,,,,,,,,,0.115,,,,,,,,
2025-04-10 17:52:27.757453+00:00,,,,,,,,,,,,,,,,,,,,,,,,0.16875,,,,,,,,
2025-04-10 17:52:28.772923+00:00,,,,,,,,,,,,,,,,,,,,,,,,0.02125,,,,,,,,
2025-04-10 17:52:29.798424+00:00,,,,,,,,,,,,,,,,,,,,,,,,0.145,,,,,,,,
2025-04-10 17:52:30.816098+00:00,,,,,,,,,,,,,,,,,,,,,,,,0.09,,,,,,,,
2025-04-10 17:52:31.845919+00:00,,,,,,,,,,,,,,,,,,,,,,,,0.1575,,,,,,,,
2025-04-10 17:52:32.860837+00:00,,,,,,,,,,,,,,,,,,,,,,,,0.051250000000000004,,,,,,,,
2025-04-10 17:52:33.885252+00:00,,,,,,,,,,,,,,,,,,,,,,,,0.145,,,,,,,,
2025-04-10 17:52:34.899246+00:00,,,,,,,,,,,,,,,,,,,,,,,,0.1325,,,,,,,,
2025-04-10 17:52:35.924077+00:00,,,,,,,,,,,,,,,,,,,,,,,,0.145,,,,,,,,
2025-04-10 17:52:36.952496+00:00,,,,,,,,,,,,,,,,,,,,,,,,0.10125,,,,,,,,
2025-04-10 17:52:37.978570+00:00,,,,,,,,,,,,,,,,,,,,,,,,0.0075,,,,,,,,
2025-04-10 17:52:38.993367+00:00,,,,,,,,,,,,,,,,,,,,,,,,0.1575,,,,,,,,
2025-04-10 17:52:40.022315+00:00,,,,,,,,,,,,,,,,,,,,,,,,0.12,,,,,,,,
2025-04-10 17:52:41.036570+00:00,,,,,,,,,,,,,,,,,,,,,,,,0.00375,,,,,,,,
2025-04-10 17:52:42.064472+00:00,,,,,,,,,,,,,,,,,,,,,,,,0.04625,,,,,,,,
2025-04-10 17:52:43.090677+00:00,,,,,,,,,,,,,,,,,,,,,,,,0.145,,,,,,,,
2025-04-10 17:52:44.114650+00:00,,,,,,,,,,,,,,,,,,,,,,,,0.17,,,,,,,,
2025-04-10 17:52:45.139141+00:00,,,,,,,,,,,,,,,,,,,,,,,,0.16,,,,,,,,
2025-04-10 17:52:46.162300+00:00,,,,,,,,,,,,,,,,,,,,,,,,0.155,,,,,,,,
2025-04-10 17:52:47.175178+00:00,,,,,,,,,,,,,,,,,,,,,,,,0.0025,,,,,,,,
2025-04-10 17:52:48.203942+00:00,,,,,,,,,,,,,,,,,,,,,,,,0.12125,,,,,,,,
2025-04-10 17:52:49.228957+00:00,,,,,,,,,,,,,,,,,,,,,,,,0.14875,,,,,,,,
2025-04-10 17:52:50.253387+00:00,,,,,,,,,,,,,,,,,,,,,,,,0.02625,,,,,,,,
2025-04-10 17:52:51.266940+00:00,,,,,,,,,,,,,,,,,,,,,,,,0.02375,,,,,,,,
2025-04-10 17:52:52.293198+00:00,,,,,,,,,,,,,,,,,,,,,,,,0.051250000000000004,,,,,,,,
2025-04-10 17:51:53.962194+00:00,,,,,,,,,,,,,,,,,,,,,,,,,0.0,,,,,,,
2025-04-10 17:51:54.981350+00:00,,,,,,,,,,,,,,,,,,,,,,,,,0.0,,,,,,,
2025-04-10 17:51:56.004771+00:00,,,,,,,,,,,,,,,,,,,,,,,,,-1.25,,,,,,,
2025-04-10 17:51:57.033962+00:00,,,,,,,,,,,,,,,,,,,,,,,,,1.25,,,,,,,
2025-04-10 17:51:58.059751+00:00,,,,,,,,,,,,,,,,,,,,,,,,,-1.25,,,,,,,
2025-04-10 17:51:59.087195+00:00,,,,,,,,,,,,,,,,,,,,,,,,,0.0,,,,,,,
2025-04-10 17:52:00.113666+00:00,,,,,,,,,,,,,,,,,,,,,,,,,-1.25,,,,,,,
2025-04-10 17:52:01.139916+00:00,,,,,,,,,,,,,,,,,,,,,,,,,1.25,,,,,,,
2025-04-10 17:52:02.169713+00:00,,,,,,,,,,,,,,,,,,,,,,,,,1.25,,,,,,,
2025-04-10 17:52:03.187670+00:00,,,,,,,,,,,,,,,,,,,,,,,,,-1.25,,,,,,,
2025-04-10 17:52:04.211933+00:00,,,,,,,,,,,,,,,,,,,,,,,,,-1.25,,,,,,,
2025-04-10 17:52:05.238082+00:00,,,,,,,,,,,,,,,,,,,,,,,,,0.0,,,,,,,
2025-04-10 17:52:06.261638+00:00,,,,,,,,,,,,,,,,,,,,,,,,,0.0,,,,,,,
2025-04-10 17:52:07.288407+00:00,,,,,,,,,,,,,,,,,,,,,,,,,0.0,,,,,,,
2025-04-10 17:52:08.313959+00:00,,,,,,,,,,,,,,,,,,,,,,,,,1.25,,,,,,,
2025-04-10 17:52:09.337283+00:00,,,,,,,,,,,,,,,,,,,,,,,,,0.0,,,,,,,
2025-04-10 17:52:10.361057+00:00,,,,,,,,,,,,,,,,,,,,,,,,,2.5,,,,,,,
2025-04-10 17:52:11.374738+00:00,,,,,,,,,,,,,,,,,,,,,,,,,-1.25,,,,,,,
2025-04-10 17:52:12.390088+00:00,,,,,,,,,,,,,,,,,,,,,,,,,0.0,,,,,,,
2025-04-10 17:52:13.419778+00:00,,,,,,,,,,,,,,,,,,,,,,,,,0.0,,,,,,,
2025-04-10 17:52:14.443954+00:00,,,,,,,,,,,,,,,,,,,,,,,,,0.0,,,,,,,
2025-04-10 17:52:15.456371+00:00,,,,,,,,,,,,,,,,,,,,,,,,,0.0,,,,,,,
2025-04-10 17:52:16.486056+00:00,,,,,,,,,,,,,,,,,,,,,,,,,-1.25,,,,,,,
2025-04-10 17:52:17.511224+00:00,,,,,,,,,,,,,,,,,,,,,,,,,-1.25,,,,,,,
2025-04-10 17:52:18.535461+00:00,,,,,,,,,,,,,,,,,,,,,,,,,0.0,,,,,,,
2025-04-10 17:52:19.559016+00:00,,,,,,,,,,,,,,,,,,,,,,,,,-1.25,,,,,,,
2025-04-10 17:52:20.587761+00:00,,,,,,,,,,,,,,,,,,,,,,,,,0.0,,,,,,,
2025-04-10 17:52:21.613073+00:00,,,,,,,,,,,,,,,,,,,,,,,,,1.25,,,,,,,
2025-04-10 17:52:22.636825+00:00,,,,,,,,,,,,,,,,,,,,,,,,,0.0,,,,,,,
2025-04-10 17:52:23.652948+00:00,,,,,,,,,,,,,,,,,,,,,,,,,0.0,,,,,,,
2025-04-10 17:52:24.668993+00:00,,,,,,,,,,,,,,,,,,,,,,,,,1.25,,,,,,,
2025-04-10 17:52:25.681907+00:00,,,,,,,,,,,,,,,,,,,,,,,,,0.0,,,,,,,
2025-04-10 17:52:26.712282+00:00,,,,,,,,,,,,,,,,,,,,,,,,,1.25,,,,,,,
2025-04-10 17:52:27.742529+00:00,,,,,,,,,,,,,,,,,,,,,,,,,-1.25,,,,,,,
2025-04-10 17:52:28.767533+00:00,,,,,,,,,,,,,,,,,,,,,,,,,0.0,,,,,,,
2025-04-10 17:52:29.783239+00:00,,,,,,,,,,,,,,,,,,,,,,,,,0.0,,,,,,,
2025-04-10 17:52:30.808360+00:00,,,,,,,,,,,,,,,,,,,,,,,,,0.0,,,,,,,
2025-04-10 17:52:31.826613+00:00,,,,,,,,,,,,,,,,,,,,,,,,,-1.25,,,,,,,
2025-04-10 17:52:32.856362+00:00,,,,,,,,,,,,,,,,,,,,,,,,,2.5,,,,,,,
2025-04-10 17:52:33.870206+00:00,,,,,,,,,,,,,,,,,,,,,,,,,1.25,,,,,,,
2025-04-10 17:52:34.894758+00:00,,,,,,,,,,,,,,,,,,,,,,,,,1.25,,,,,,,
2025-04-10 17:52:35.909367+00:00,,,,,,,,,,,,,,,,,,,,,,,,,0.0,,,,,,,
2025-04-10 17:52:36.933900+00:00,,,,,,,,,,,,,,,,,,,,,,,,,0.0,,,,,,,
2025-04-10 17:52:37.962972+00:00,,,,,,,,,,,,,,,,,,,,,,,,,0.0,,,,,,,
2025-04-10 17:52:38.988011+00:00,,,,,,,,,,,,,,,,,,,,,,,,,-1.25,,,,,,,
2025-04-10 17:52:40.003432+00:00,,,,,,,,,,,,,,,,,,,,,,,,,0.0,,,,,,,
2025-04-10 17:52:41.032563+00:00,,,,,,,,,,,,,,,,,,,,,,,,,0.0,,,,,,,
2025-04-10 17:52:42.047376+00:00,,,,,,,,,,,,,,,,,,,,,,,,,0.0,,,,,,,
2025-04-10 17:52:43.074728+00:00,,,,,,,,,,,,,,,,,,,,,,,,,1.25,,,,,,,
2025-04-10 17:52:44.100727+00:00,,,,,,,,,,,,,,,,,,,,,,,,,-1.25,,,,,,,
2025-04-10 17:52:45.124767+00:00,,,,,,,,,,,,,,,,,,,,,,,,,-2.5,,,,,,,
2025-04-10 17:52:46.148495+00:00,,,,,,,,,,,,,,,,,,,,,,,,,0.0,,,,,,,
2025-04-10 17:52:47.171590+00:00,,,,,,,,,,,,,,,,,,,,,,,,,0.0,,,,,,,
2025-04-10 17:52:48.185619+00:00,,,,,,,,,,,,,,,,,,,,,,,,,1.25,,,,,,,
2025-04-10 17:52:49.214002+00:00,,,,,,,,,,,,,,,,,,,,,,,,,1.25,,,,,,,
2025-04-10 17:52:50.238715+00:00,,,,,,,,,,,,,,,,,,,,,,,,,0.0,,,,,,,
2025-04-10 17:52:51.262630+00:00,,,,,,,,,,,,,,,,,,,,,,,,,0.0,,,,,,,
2025-04-10 17:52:52.277511+00:00,,,,,,,,,,,,,,,,,,,,,,,,,0.0,,,,,,,
2025-04-10 17:51:53.973959+00:00,,,,,,,,,,,,,,,,,,,,,,,,,,0.0,,,,,,
2025-04-10 17:51:54.998518+00:00,,,,,,,,,,,,,,,,,,,,,,,,,,0.0,,,,,,
2025-04-10 17:51:56.027479+00:00,,,,,,,,,,,,,,,,,,,,,,,,,,0.0,,,,,,
2025-04-10 17:51:57.052656+00:00,,,,,,,,,,,,,,,,,,,,,,,,,,0.0,,,,,,
2025-04-10 17:51:58.080690+00:00,,,,,,,,,,,,,,,,,,,,,,,,,,0.0,,,,,,
2025-04-10 17:51:59.106969+00:00,,,,,,,,,,,,,,,,,,,,,,,,,,0.0,,,,,,
2025-04-10 17:52:00.133550+00:00,,,,,,,,,,,,,,,,,,,,,,,,,,0.0,,,,,,
2025-04-10 17:52:01.162801+00:00,,,,,,,,,,,,,,,,,,,,,,,,,,0.0,,,,,,
2025-04-10 17:52:02.179743+00:00,,,,,,,,,,,,,,,,,,,,,,,,,,0.0,,,,,,
2025-04-10 17:52:03.205421+00:00,,,,,,,,,,,,,,,,,,,,,,,,,,0.0,,,,,,
2025-04-10 17:52:04.230600+00:00,,,,,,,,,,,,,,,,,,,,,,,,,,0.0,,,,,,
2025-04-10 17:52:05.255436+00:00,,,,,,,,,,,,,,,,,,,,,,,,,,0.0,,,,,,
2025-04-10 17:52:06.281738+00:00,,,,,,,,,,,,,,,,,,,,,,,,,,0.0,,,,,,
2025-04-10 17:52:07.307090+00:00,,,,,,,,,,,,,,,,,,,,,,,,,,0.0,,,,,,
2025-04-10 17:52:08.331102+00:00,,,,,,,,,,,,,,,,,,,,,,,,,,0.0,,,,,,
2025-04-10 17:52:09.354729+00:00,,,,,,,,,,,,,,,,,,,,,,,,,,0.0,,,,,,
2025-04-10 17:52:10.368004+00:00,,,,,,,,,,,,,,,,,,,,,,,,,,0.0,,,,,,
2025-04-10 17:52:11.383158+00:00,,,,,,,,,,,,,,,,,,,,,,,,,,0.0,,,,,,
2025-04-10 17:52:12.413281+00:00,,,,,,,,,,,,,,,,,,,,,,,,,,0.0,,,,,,
2025-04-10 17:52:13.437712+00:00,,,,,,,,,,,,,,,,,,,,,,,,,,0.0,,,,,,
2025-04-10 17:52:14.450257+00:00,,,,,,,,,,,,,,,,,,,,,,,,,,0.0,,,,,,
2025-04-10 17:52:15.479270+00:00,,,,,,,,,,,,,,,,,,,,,,,,,,0.0,,,,,,
2025-04-10 17:52:16.504865+00:00,,,,,,,,,,,,,,,,,,,,,,,,,,0.0,,,,,,
2025-04-10 17:52:17.529101+00:00,,,,,,,,,,,,,,,,,,,,,,,,,,0.0,,,,,,
2025-04-10 17:52:18.552109+00:00,,,,,,,,,,,,,,,,,,,,,,,,,,0.0,,,,,,
2025-04-10 17:52:19.581374+00:00,,,,,,,,,,,,,,,,,,,,,,,,,,0.0,,,,,,
2025-04-10 17:52:20.606088+00:00,,,,,,,,,,,,,,,,,,,,,,,,,,0.0,,,,,,
2025-04-10 17:52:21.630629+00:00,,,,,,,,,,,,,,,,,,,,,,,,,,0.0,,,,,,
2025-04-10 17:52:22.646303+00:00,,,,,,,,,,,,,,,,,,,,,,,,,,0.0,,,,,,
2025-04-10 17:52:23.661040+00:00,,,,,,,,,,,,,,,,,,,,,,,,,,0.0,,,,,,
2025-04-10 17:52:24.674632+00:00,,,,,,,,,,,,,,,,,,,,,,,,,,0.0,,,,,,
2025-04-10 17:52:25.705745+00:00,,,,,,,,,,,,,,,,,,,,,,,,,,0.0,,,,,,
2025-04-10 17:52:26.735279+00:00,,,,,,,,,,,,,,,,,,,,,,,,,,0.0,,,,,,
2025-04-10 17:52:27.761013+00:00,,,,,,,,,,,,,,,,,,,,,,,,,,0.0,,,,,,
2025-04-10 17:52:28.776415+00:00,,,,,,,,,,,,,,,,,,,,,,,,,,0.0,,,,,,
2025-04-10 17:52:29.801865+00:00,,,,,,,,,,,,,,,,,,,,,,,,,,0.0,,,,,,
2025-04-10 17:52:30.819947+00:00,,,,,,,,,,,,,,,,,,,,,,,,,,0.0,,,,,,
2025-04-10 17:52:31.849239+00:00,,,,,,,,,,,,,,,,,,,,,,,,,,0.0,,,,,,
2025-04-10 17:52:32.864006+00:00,,,,,,,,,,,,,,,,,,,,,,,,,,0.0,,,,,,
2025-04-10 17:52:33.888276+00:00,,,,,,,,,,,,,,,,,,,,,,,,,,0.0,,,,,,
2025-04-10 17:52:34.902686+00:00,,,,,,,,,,,,,,,,,,,,,,,,,,0.0,,,,,,
2025-04-10 17:52:35.927398+00:00,,,,,,,,,,,,,,,,,,,,,,,,,,0.0,,,,,,
2025-04-10 17:52:36.955992+00:00,,,,,,,,,,,,,,,,,,,,,,,,,,0.0,,,,,,
2025-04-10 17:52:37.981766+00:00,,,,,,,,,,,,,,,,,,,,,,,,,,0.0,,,,,,
2025-04-10 17:52:38.996913+00:00,,,,,,,,,,,,,,,,,,,,,,,,,,0.0,,,,,,
2025-04-10 17:52:40.025424+00:00,,,,,,,,,,,,,,,,,,,,,,,,,,0.0,,,,,,
2025-04-10 17:52:41.040181+00:00,,,,,,,,,,,,,,,,,,,,,,,,,,0.0,,,,,,
2025-04-10 17:52:42.068106+00:00,,,,,,,,,,,,,,,,,,,,,,,,,,0.0,,,,,,
2025-04-10 17:52:43.093819+00:00,,,,,,,,,,,,,,,,,,,,,,,,,,0.0,,,,,,
2025-04-10 17:52:44.118339+00:00,,,,,,,,,,,,,,,,,,,,,,,,,,0.0,,,,,,
2025-04-10 17:52:45.142287+00:00,,,,,,,,,,,,,,,,,,,,,,,,,,0.0,,,,,,
2025-04-10 17:52:46.165369+00:00,,,,,,,,,,,,,,,,,,,,,,,,,,0.0,,,,,,
2025-04-10 17:52:47.179134+00:00,,,,,,,,,,,,,,,,,,,,,,,,,,0.0,,,,,,
2025-04-10 17:52:48.207400+00:00,,,,,,,,,,,,,,,,,,,,,,,,,,0.0,,,,,,
2025-04-10 17:52:49.232409+00:00,,,,,,,,,,,,,,,,,,,,,,,,,,0.0,,,,,,
2025-04-10 17:52:50.256408+00:00,,,,,,,,,,,,,,,,,,,,,,,,,,0.0,,,,,,
2025-04-10 17:52:51.270383+00:00,,,,,,,,,,,,,,,,,,,,,,,,,,0.0,,,,,,
2025-04-10 17:52:52.296299+00:00,,,,,,,,,,,,,,,,,,,,,,,,,,0.0,,,,,,
2025-04-10 17:51:53.849922+00:00,,,,,,,,,,,,,,,,,,,,,,,,,,,,0.0,,,,
2025-04-10 17:51:55.032662+00:00,,,,,,,,,,,,,,,,,,,,,,,,,,,,0.0,,,,
2025-04-10 17:51:56.196970+00:00,,,,,,,,,,,,,,,,,,,,,,,,,,,,0.0,,,,
2025-04-10 17:51:57.379258+00:00,,,,,,,,,,,,,,,,,,,,,,,,,,,,0.0,,,,
2025-04-10 17:51:58.442646+00:00,,,,,,,,,,,,,,,,,,,,,,,,,,,,0.0,,,,
2025-04-10 17:51:59.618170+00:00,,,,,,,,,,,,,,,,,,,,,,,,,,,,0.0,,,,
2025-04-10 17:52:00.699065+00:00,,,,,,,,,,,,,,,,,,,,,,,,,,,,0.0,,,,
2025-04-10 17:52:01.781282+00:00,,,,,,,,,,,,,,,,,,,,,,,,,,,,0.0,,,,
2025-04-10 17:52:02.954994+00:00,,,,,,,,,,,,,,,,,,,,,,,,,,,,0.0,,,,
2025-04-10 17:52:03.924152+00:00,,,,,,,,,,,,,,,,,,,,,,,,,,,,0.0,,,,
2025-04-10 17:52:05.098821+00:00,,,,,,,,,,,,,,,,,,,,,,,,,,,,0.0,,,,
2025-04-10 17:52:06.277906+00:00,,,,,,,,,,,,,,,,,,,,,,,,,,,,0.0,,,,
2025-04-10 17:52:07.440527+00:00,,,,,,,,,,,,,,,,,,,,,,,,,,,,0.0,,,,
2025-04-10 17:52:08.615676+00:00,,,,,,,,,,,,,,,,,,,,,,,,,,,,0.0,,,,
2025-04-10 17:52:09.795794+00:00,,,,,,,,,,,,,,,,,,,,,,,,,,,,0.0,,,,
2025-04-10 17:52:10.971659+00:00,,,,,,,,,,,,,,,,,,,,,,,,,,,,0.0,,,,
2025-04-10 17:52:12.141126+00:00,,,,,,,,,,,,,,,,,,,,,,,,,,,,0.0,,,,
2025-04-10 17:52:13.305601+00:00,,,,,,,,,,,,,,,,,,,,,,,,,,,,0.0,,,,
2025-04-10 17:52:14.386090+00:00,,,,,,,,,,,,,,,,,,,,,,,,,,,,0.0,,,,
2025-04-10 17:52:15.562079+00:00,,,,,,,,,,,,,,,,,,,,,,,,,,,,0.0,,,,
2025-04-10 17:52:16.736217+00:00,,,,,,,,,,,,,,,,,,,,,,,,,,,,0.0,,,,
2025-04-10 17:52:17.810868+00:00,,,,,,,,,,,,,,,,,,,,,,,,,,,,0.0,,,,
2025-04-10 17:52:18.886844+00:00,,,,,,,,,,,,,,,,,,,,,,,,,,,,0.0,,,,
2025-04-10 17:52:20.064254+00:00,,,,,,,,,,,,,,,,,,,,,,,,,,,,0.0,,,,
2025-04-10 17:52:21.227736+00:00,,,,,,,,,,,,,,,,,,,,,,,,,,,,0.0,,,,
2025-04-10 17:52:22.798244+00:00,,,,,,,,,,,,,,,,,,,,,,,,,,,,0.0,,,,
2025-04-10 17:52:23.976160+00:00,,,,,,,,,,,,,,,,,,,,,,,,,,,,0.0,,,,
2025-04-10 17:52:24.945087+00:00,,,,,,,,,,,,,,,,,,,,,,,,,,,,0.0,,,,
2025-04-10 17:52:26.120162+00:00,,,,,,,,,,,,,,,,,,,,,,,,,,,,0.0,,,,
2025-04-10 17:52:27.294724+00:00,,,,,,,,,,,,,,,,,,,,,,,,,,,,0.0,,,,
2025-04-10 17:52:28.273543+00:00,,,,,,,,,,,,,,,,,,,,,,,,,,,,0.0,,,,
2025-04-10 17:52:29.449405+00:00,,,,,,,,,,,,,,,,,,,,,,,,,,,,0.0,,,,
2025-04-10 17:52:30.620453+00:00,,,,,,,,,,,,,,,,,,,,,,,,,,,,0.0,,,,
2025-04-10 17:52:31.695748+00:00,,,,,,,,,,,,,,,,,,,,,,,,,,,,0.0,,,,
2025-04-10 17:52:32.773381+00:00,,,,,,,,,,,,,,,,,,,,,,,,,,,,0.0,,,,
2025-04-10 17:52:33.947754+00:00,,,,,,,,,,,,,,,,,,,,,,,,,,,,0.0,,,,
2025-04-10 17:52:35.111594+00:00,,,,,,,,,,,,,,,,,,,,,,,,,,,,0.0,,,,
2025-04-10 17:52:36.275287+00:00,,,,,,,,,,,,,,,,,,,,,,,,,,,,0.0,,,,
2025-04-10 17:52:37.445939+00:00,,,,,,,,,,,,,,,,,,,,,,,,,,,,0.0,,,,
2025-04-10 17:52:38.623408+00:00,,,,,,,,,,,,,,,,,,,,,,,,,,,,0.0,,,,
2025-04-10 17:52:39.800030+00:00,,,,,,,,,,,,,,,,,,,,,,,,,,,,0.0,,,,
2025-04-10 17:52:40.974153+00:00,,,,,,,,,,,,,,,,,,,,,,,,,,,,0.0,,,,
2025-04-10 17:52:42.053641+00:00,,,,,,,,,,,,,,,,,,,,,,,,,,,,0.0,,,,
2025-04-10 17:52:43.224424+00:00,,,,,,,,,,,,,,,,,,,,,,,,,,,,0.0,,,,
2025-04-10 17:52:44.205789+00:00,,,,,,,,,,,,,,,,,,,,,,,,,,,,0.0,,,,
2025-04-10 17:52:45.171351+00:00,,,,,,,,,,,,,,,,,,,,,,,,,,,,0.0,,,,
2025-04-10 17:52:46.236214+00:00,,,,,,,,,,,,,,,,,,,,,,,,,,,,0.0,,,,
2025-04-10 17:52:47.108910+00:00,,,,,,,,,,,,,,,,,,,,,,,,,,,,0.0,,,,
2025-04-10 17:52:48.187349+00:00,,,,,,,,,,,,,,,,,,,,,,,,,,,,0.0,,,,
2025-04-10 17:52:49.362969+00:00,,,,,,,,,,,,,,,,,,,,,,,,,,,,0.0,,,,
2025-04-10 17:52:50.537607+00:00,,,,,,,,,,,,,,,,,,,,,,,,,,,,0.0,,,,
2025-04-10 17:52:52.121211+00:00,,,,,,,,,,,,,,,,,,,,,,,,,,,,0.0,,,,
2025-04-10 17:51:53.869912+00:00,,,,,,,,,,,,,,,,,,,,,,,,,,,,,1.0,,,
2025-04-10 17:51:55.036553+00:00,,,,,,,,,,,,,,,,,,,,,,,,,,,,,1.0,,,
2025-04-10 17:51:56.216950+00:00,,,,,,,,,,,,,,,,,,,,,,,,,,,,,1.0,,,
2025-04-10 17:51:57.383332+00:00,,,,,,,,,,,,,,,,,,,,,,,,,,,,,1.0,,,
2025-04-10 17:51:58.453433+00:00,,,,,,,,,,,,,,,,,,,,,,,,,,,,,1.0,,,
2025-04-10 17:51:59.638656+00:00,,,,,,,,,,,,,,,,,,,,,,,,,,,,,1.0,,,
2025-04-10 17:52:00.718843+00:00,,,,,,,,,,,,,,,,,,,,,,,,,,,,,1.0,,,
2025-04-10 17:52:01.796554+00:00,,,,,,,,,,,,,,,,,,,,,,,,,,,,,1.0,,,
2025-04-10 17:52:02.958968+00:00,,,,,,,,,,,,,,,,,,,,,,,,,,,,,1.0,,,
2025-04-10 17:52:03.939764+00:00,,,,,,,,,,,,,,,,,,,,,,,,,,,,,1.0,,,
2025-04-10 17:52:05.115347+00:00,,,,,,,,,,,,,,,,,,,,,,,,,,,,,1.0,,,
2025-04-10 17:52:06.281786+00:00,,,,,,,,,,,,,,,,,,,,,,,,,,,,,1.0,,,
2025-04-10 17:52:07.456091+00:00,,,,,,,,,,,,,,,,,,,,,,,,,,,,,1.0,,,
2025-04-10 17:52:08.634277+00:00,,,,,,,,,,,,,,,,,,,,,,,,,,,,,1.0,,,
2025-04-10 17:52:09.812563+00:00,,,,,,,,,,,,,,,,,,,,,,,,,,,,,1.0,,,
2025-04-10 17:52:10.979229+00:00,,,,,,,,,,,,,,,,,,,,,,,,,,,,,1.0,,,
2025-04-10 17:52:12.144932+00:00,,,,,,,,,,,,,,,,,,,,,,,,,,,,,1.0,,,
2025-04-10 17:52:13.324979+00:00,,,,,,,,,,,,,,,,,,,,,,,,,,,,,1.0,,,
2025-04-10 17:52:14.401354+00:00,,,,,,,,,,,,,,,,,,,,,,,,,,,,,1.0,,,
2025-04-10 17:52:15.577822+00:00,,,,,,,,,,,,,,,,,,,,,,,,,,,,,1.0,,,
2025-04-10 17:52:16.751434+00:00,,,,,,,,,,,,,,,,,,,,,,,,,,,,,1.0,,,
2025-04-10 17:52:17.825938+00:00,,,,,,,,,,,,,,,,,,,,,,,,,,,,,1.0,,,
2025-04-10 17:52:18.904903+00:00,,,,,,,,,,,,,,,,,,,,,,,,,,,,,1.0,,,
2025-04-10 17:52:20.069141+00:00,,,,,,,,,,,,,,,,,,,,,,,,,,,,,1.0,,,
2025-04-10 17:52:21.235763+00:00,,,,,,,,,,,,,,,,,,,,,,,,,,,,,1.0,,,
2025-04-10 17:52:22.816794+00:00,,,,,,,,,,,,,,,,,,,,,,,,,,,,,1.0,,,
2025-04-10 17:52:23.983982+00:00,,,,,,,,,,,,,,,,,,,,,,,,,,,,,1.0,,,
2025-04-10 17:52:24.961137+00:00,,,,,,,,,,,,,,,,,,,,,,,,,,,,,1.0,,,
2025-04-10 17:52:26.135060+00:00,,,,,,,,,,,,,,,,,,,,,,,,,,,,,1.0,,,
2025-04-10 17:52:27.314152+00:00,,,,,,,,,,,,,,,,,,,,,,,,,,,,,1.0,,,
2025-04-10 17:52:28.288177+00:00,,,,,,,,,,,,,,,,,,,,,,,,,,,,,1.0,,,
2025-04-10 17:52:29.459221+00:00,,,,,,,,,,,,,,,,,,,,,,,,,,,,,1.0,,,
2025-04-10 17:52:30.635637+00:00,,,,,,,,,,,,,,,,,,,,,,,,,,,,,1.0,,,
2025-04-10 17:52:31.713381+00:00,,,,,,,,,,,,,,,,,,,,,,,,,,,,,1.0,,,
2025-04-10 17:52:32.789372+00:00,,,,,,,,,,,,,,,,,,,,,,,,,,,,,1.0,,,
2025-04-10 17:52:33.951662+00:00,,,,,,,,,,,,,,,,,,,,,,,,,,,,,1.0,,,
2025-04-10 17:52:35.115057+00:00,,,,,,,,,,,,,,,,,,,,,,,,,,,,,1.0,,,
2025-04-10 17:52:36.284606+00:00,,,,,,,,,,,,,,,,,,,,,,,,,,,,,1.0,,,
2025-04-10 17:52:37.460932+00:00,,,,,,,,,,,,,,,,,,,,,,,,,,,,,1.0,,,
2025-04-10 17:52:38.640497+00:00,,,,,,,,,,,,,,,,,,,,,,,,,,,,,1.0,,,
2025-04-10 17:52:39.814824+00:00,,,,,,,,,,,,,,,,,,,,,,,,,,,,,1.0,,,
2025-04-10 17:52:40.992991+00:00,,,,,,,,,,,,,,,,,,,,,,,,,,,,,1.0,,,
2025-04-10 17:52:42.065357+00:00,,,,,,,,,,,,,,,,,,,,,,,,,,,,,1.0,,,
2025-04-10 17:52:43.243069+00:00,,,,,,,,,,,,,,,,,,,,,,,,,,,,,1.0,,,
2025-04-10 17:52:44.210238+00:00,,,,,,,,,,,,,,,,,,,,,,,,,,,,,1.0,,,
2025-04-10 17:52:45.176021+00:00,,,,,,,,,,,,,,,,,,,,,,,,,,,,,1.0,,,
2025-04-10 17:52:46.251897+00:00,,,,,,,,,,,,,,,,,,,,,,,,,,,,,1.0,,,
2025-04-10 17:52:47.125837+00:00,,,,,,,,,,,,,,,,,,,,,,,,,,,,,1.0,,,
2025-04-10 17:52:48.204705+00:00,,,,,,,,,,,,,,,,,,,,,,,,,,,,,1.0,,,
2025-04-10 17:52:49.378595+00:00,,,,,,,,,,,,,,,,,,,,,,,,,,,,,1.0,,,
2025-04-10 17:52:50.557199+00:00,,,,,,,,,,,,,,,,,,,,,,,,,,,,,1.0,,,
2025-04-10 17:52:52.136133+00:00,,,,,,,,,,,,,,,,,,,,,,,,,,,,,1.0,,,
2025-04-10 17:52:53.309686+00:00,,,,,,,,,,,,,,,,,,,,,,,,,,,,,1.0,,,
2025-04-10 17:51:53.877741+00:00,,,,,,,,,,,,,,,,,,,,,,,,,,,,,,65.81,,
2025-04-10 17:51:55.043789+00:00,,,,,,,,,,,,,,,,,,,,,,,,,,,,,,65.81,,
2025-04-10 17:51:56.224353+00:00,,,,,,,,,,,,,,,,,,,,,,,,,,,,,,65.81,,
2025-04-10 17:51:57.390114+00:00,,,,,,,,,,,,,,,,,,,,,,,,,,,,,,65.81,,
2025-04-10 17:51:58.461884+00:00,,,,,,,,,,,,,,,,,,,,,,,,,,,,,,65.81,,
2025-04-10 17:51:59.645171+00:00,,,,,,,,,,,,,,,,,,,,,,,,,,,,,,65.81,,
2025-04-10 17:52:00.726371+00:00,,,,,,,,,,,,,,,,,,,,,,,,,,,,,,65.81,,
2025-04-10 17:52:01.802532+00:00,,,,,,,,,,,,,,,,,,,,,,,,,,,,,,65.81,,
2025-04-10 17:52:02.966176+00:00,,,,,,,,,,,,,,,,,,,,,,,,,,,,,,65.81,,
2025-04-10 17:52:03.946920+00:00,,,,,,,,,,,,,,,,,,,,,,,,,,,,,,65.81,,
2025-04-10 17:52:05.122349+00:00,,,,,,,,,,,,,,,,,,,,,,,,,,,,,,65.81,,
2025-04-10 17:52:06.287937+00:00,,,,,,,,,,,,,,,,,,,,,,,,,,,,,,65.81,,
2025-04-10 17:52:07.463564+00:00,,,,,,,,,,,,,,,,,,,,,,,,,,,,,,65.81,,
2025-04-10 17:52:08.640993+00:00,,,,,,,,,,,,,,,,,,,,,,,,,,,,,,65.81,,
2025-04-10 17:52:09.819001+00:00,,,,,,,,,,,,,,,,,,,,,,,,,,,,,,65.81,,
2025-04-10 17:52:10.986815+00:00,,,,,,,,,,,,,,,,,,,,,,,,,,,,,,65.81,,
2025-04-10 17:52:12.150918+00:00,,,,,,,,,,,,,,,,,,,,,,,,,,,,,,65.81,,
2025-04-10 17:52:13.331942+00:00,,,,,,,,,,,,,,,,,,,,,,,,,,,,,,65.81,,
2025-04-10 17:52:14.408068+00:00,,,,,,,,,,,,,,,,,,,,,,,,,,,,,,65.81,,
2025-04-10 17:52:15.584230+00:00,,,,,,,,,,,,,,,,,,,,,,,,,,,,,,65.81,,
2025-04-10 17:52:16.758162+00:00,,,,,,,,,,,,,,,,,,,,,,,,,,,,,,65.81,,
2025-04-10 17:52:17.832813+00:00,,,,,,,,,,,,,,,,,,,,,,,,,,,,,,65.81,,
2025-04-10 17:52:18.911946+00:00,,,,,,,,,,,,,,,,,,,,,,,,,,,,,,65.81,,
2025-04-10 17:52:20.075011+00:00,,,,,,,,,,,,,,,,,,,,,,,,,,,,,,65.81,,
2025-04-10 17:52:21.243110+00:00,,,,,,,,,,,,,,,,,,,,,,,,,,,,,,65.81,,
2025-04-10 17:52:22.823373+00:00,,,,,,,,,,,,,,,,,,,,,,,,,,,,,,65.81,,
2025-04-10 17:52:23.991102+00:00,,,,,,,,,,,,,,,,,,,,,,,,,,,,,,65.63,,
2025-04-10 17:52:24.967396+00:00,,,,,,,,,,,,,,,,,,,,,,,,,,,,,,65.63,,
2025-04-10 17:52:26.141378+00:00,,,,,,,,,,,,,,,,,,,,,,,,,,,,,,65.63,,
2025-04-10 17:52:27.321416+00:00,,,,,,,,,,,,,,,,,,,,,,,,,,,,,,65.63,,
2025-04-10 17:52:28.294955+00:00,,,,,,,,,,,,,,,,,,,,,,,,,,,,,,65.63,,
2025-04-10 17:52:29.466428+00:00,,,,,,,,,,,,,,,,,,,,,,,,,,,,,,65.63,,
2025-04-10 17:52:30.642187+00:00,,,,,,,,,,,,,,,,,,,,,,,,,,,,,,65.63,,
2025-04-10 17:52:31.720435+00:00,,,,,,,,,,,,,,,,,,,,,,,,,,,,,,65.63,,
2025-04-10 17:52:32.796210+00:00,,,,,,,,,,,,,,,,,,,,,,,,,,,,,,65.63,,
2025-04-10 17:52:33.958621+00:00,,,,,,,,,,,,,,,,,,,,,,,,,,,,,,65.63,,
2025-04-10 17:52:35.121695+00:00,,,,,,,,,,,,,,,,,,,,,,,,,,,,,,65.63,,
2025-04-10 17:52:36.292008+00:00,,,,,,,,,,,,,,,,,,,,,,,,,,,,,,65.63,,
2025-04-10 17:52:37.467729+00:00,,,,,,,,,,,,,,,,,,,,,,,,,,,,,,65.63,,
2025-04-10 17:52:38.647719+00:00,,,,,,,,,,,,,,,,,,,,,,,,,,,,,,65.63,,
2025-04-10 17:52:39.821066+00:00,,,,,,,,,,,,,,,,,,,,,,,,,,,,,,65.63,,
2025-04-10 17:52:41.000400+00:00,,,,,,,,,,,,,,,,,,,,,,,,,,,,,,65.63,,
2025-04-10 17:52:42.071726+00:00,,,,,,,,,,,,,,,,,,,,,,,,,,,,,,65.63,,
2025-04-10 17:52:43.249566+00:00,,,,,,,,,,,,,,,,,,,,,,,,,,,,,,65.63,,
2025-04-10 17:52:44.218127+00:00,,,,,,,,,,,,,,,,,,,,,,,,,,,,,,65.63,,
2025-04-10 17:52:45.182608+00:00,,,,,,,,,,,,,,,,,,,,,,,,,,,,,,65.63,,
2025-04-10 17:52:46.257970+00:00,,,,,,,,,,,,,,,,,,,,,,,,,,,,,,65.63,,
2025-04-10 17:52:47.132354+00:00,,,,,,,,,,,,,,,,,,,,,,,,,,,,,,65.63,,
2025-04-10 17:52:48.211043+00:00,,,,,,,,,,,,,,,,,,,,,,,,,,,,,,65.63,,
2025-04-10 17:52:49.385107+00:00,,,,,,,,,,,,,,,,,,,,,,,,,,,,,,65.63,,
2025-04-10 17:52:50.567177+00:00,,,,,,,,,,,,,,,,,,,,,,,,,,,,,,65.63,,
2025-04-10 17:52:52.142354+00:00,,,,,,,,,,,,,,,,,,,,,,,,,,,,,,65.63,,
2025-04-10 17:52:53.316357+00:00,,,,,,,,,,,,,,,,,,,,,,,,,,,,,,65.54,,
2025-04-10 17:51:53.882275+00:00,,,,,,,,,,,,,,,,,,,,,,,,,,,,,,,1021.01,
2025-04-10 17:51:55.047548+00:00,,,,,,,,,,,,,,,,,,,,,,,,,,,,,,,1021.01,
2025-04-10 17:51:56.228580+00:00,,,,,,,,,,,,,,,,,,,,,,,,,,,,,,,1021.01,
2025-04-10 17:51:57.393042+00:00,,,,,,,,,,,,,,,,,,,,,,,,,,,,,,,1021.01,
2025-04-10 17:51:58.464717+00:00,,,,,,,,,,,,,,,,,,,,,,,,,,,,,,,1021.01,
2025-04-10 17:51:59.649586+00:00,,,,,,,,,,,,,,,,,,,,,,,,,,,,,,,1021.01,
2025-04-10 17:52:00.730642+00:00,,,,,,,,,,,,,,,,,,,,,,,,,,,,,,,1021.01,
2025-04-10 17:52:01.805146+00:00,,,,,,,,,,,,,,,,,,,,,,,,,,,,,,,1021.01,
2025-04-10 17:52:02.969948+00:00,,,,,,,,,,,,,,,,,,,,,,,,,,,,,,,1021.01,
2025-04-10 17:52:03.949667+00:00,,,,,,,,,,,,,,,,,,,,,,,,,,,,,,,1021.01,
2025-04-10 17:52:05.124967+00:00,,,,,,,,,,,,,,,,,,,,,,,,,,,,,,,1021.01,
2025-04-10 17:52:06.290774+00:00,,,,,,,,,,,,,,,,,,,,,,,,,,,,,,,1021.01,
2025-04-10 17:52:07.466307+00:00,,,,,,,,,,,,,,,,,,,,,,,,,,,,,,,1021.01,
2025-04-10 17:52:08.643888+00:00,,,,,,,,,,,,,,,,,,,,,,,,,,,,,,,1021.01,
2025-04-10 17:52:09.821830+00:00,,,,,,,,,,,,,,,,,,,,,,,,,,,,,,,1021.01,
2025-04-10 17:52:10.990242+00:00,,,,,,,,,,,,,,,,,,,,,,,,,,,,,,,1021.01,
2025-04-10 17:52:12.154450+00:00,,,,,,,,,,,,,,,,,,,,,,,,,,,,,,,1021.01,
2025-04-10 17:52:13.334692+00:00,,,,,,,,,,,,,,,,,,,,,,,,,,,,,,,1021.01,
2025-04-10 17:52:14.411055+00:00,,,,,,,,,,,,,,,,,,,,,,,,,,,,,,,1021.01,
2025-04-10 17:52:15.586918+00:00,,,,,,,,,,,,,,,,,,,,,,,,,,,,,,,1021.01,
2025-04-10 17:52:16.761335+00:00,,,,,,,,,,,,,,,,,,,,,,,,,,,,,,,1021.01,
2025-04-10 17:52:17.835698+00:00,,,,,,,,,,,,,,,,,,,,,,,,,,,,,,,1021.01,
2025-04-10 17:52:18.914495+00:00,,,,,,,,,,,,,,,,,,,,,,,,,,,,,,,1021.01,
2025-04-10 17:52:20.077819+00:00,,,,,,,,,,,,,,,,,,,,,,,,,,,,,,,1021.01,
2025-04-10 17:52:21.246674+00:00,,,,,,,,,,,,,,,,,,,,,,,,,,,,,,,1021.01,
2025-04-10 17:52:22.826179+00:00,,,,,,,,,,,,,,,,,,,,,,,,,,,,,,,1021.03,
2025-04-10 17:52:23.994867+00:00,,,,,,,,,,,,,,,,,,,,,,,,,,,,,,,1021.03,
2025-04-10 17:52:24.970017+00:00,,,,,,,,,,,,,,,,,,,,,,,,,,,,,,,1021.03,
2025-04-10 17:52:26.144345+00:00,,,,,,,,,,,,,,,,,,,,,,,,,,,,,,,1021.03,
2025-04-10 17:52:27.324114+00:00,,,,,,,,,,,,,,,,,,,,,,,,,,,,,,,1021.03,
2025-04-10 17:52:28.297784+00:00,,,,,,,,,,,,,,,,,,,,,,,,,,,,,,,1021.03,
2025-04-10 17:52:29.469818+00:00,,,,,,,,,,,,,,,,,,,,,,,,,,,,,,,1021.03,
2025-04-10 17:52:30.645569+00:00,,,,,,,,,,,,,,,,,,,,,,,,,,,,,,,1021.03,
2025-04-10 17:52:31.723175+00:00,,,,,,,,,,,,,,,,,,,,,,,,,,,,,,,1021.03,
2025-04-10 17:52:32.798832+00:00,,,,,,,,,,,,,,,,,,,,,,,,,,,,,,,1021.03,
2025-04-10 17:52:33.962083+00:00,,,,,,,,,,,,,,,,,,,,,,,,,,,,,,,1021.03,
2025-04-10 17:52:35.124933+00:00,,,,,,,,,,,,,,,,,,,,,,,,,,,,,,,1021.03,
2025-04-10 17:52:36.295883+00:00,,,,,,,,,,,,,,,,,,,,,,,,,,,,,,,1021.03,
2025-04-10 17:52:37.470427+00:00,,,,,,,,,,,,,,,,,,,,,,,,,,,,,,,1021.03,
2025-04-10 17:52:38.650512+00:00,,,,,,,,,,,,,,,,,,,,,,,,,,,,,,,1021.03,
2025-04-10 17:52:39.823755+00:00,,,,,,,,,,,,,,,,,,,,,,,,,,,,,,,1021.03,
2025-04-10 17:52:41.003501+00:00,,,,,,,,,,,,,,,,,,,,,,,,,,,,,,,1021.03,
2025-04-10 17:52:42.074498+00:00,,,,,,,,,,,,,,,,,,,,,,,,,,,,,,,1021.03,
2025-04-10 17:52:43.252954+00:00,,,,,,,,,,,,,,,,,,,,,,,,,,,,,,,1021.03,
2025-04-10 17:52:44.221517+00:00,,,,,,,,,,,,,,,,,,,,,,,,,,,,,,,1021.03,
2025-04-10 17:52:45.185996+00:00,,,,,,,,,,,,,,,,,,,,,,,,,,,,,,,1021.03,
2025-04-10 17:52:46.260615+00:00,,,,,,,,,,,,,,,,,,,,,,,,,,,,,,,1021.03,
2025-04-10 17:52:47.135014+00:00,,,,,,,,,,,,,,,,,,,,,,,,,,,,,,,1021.03,
2025-04-10 17:52:48.213787+00:00,,,,,,,,,,,,,,,,,,,,,,,,,,,,,,,1021.03,
2025-04-10 17:52:49.387854+00:00,,,,,,,,,,,,,,,,,,,,,,,,,,,,,,,1021.03,
2025-04-10 17:52:50.570323+00:00,,,,,,,,,,,,,,,,,,,,,,,,,,,,,,,1021.03,
2025-04-10 17:52:52.145000+00:00,,,,,,,,,,,,,,,,,,,,,,,,,,,,,,,1021.03,
2025-04-10 17:52:53.319152+00:00,,,,,,,,,,,,,,,,,,,,,,,,,,,,,,,1021.0,
2025-04-10 17:51:53.885587+00:00,,,,,,,,,,,,,,,,,,,,,,,,,,,,,,,,-49.83
2025-04-10 17:51:55.050355+00:00,,,,,,,,,,,,,,,,,,,,,,,,,,,,,,,,-49.83
2025-04-10 17:51:56.231649+00:00,,,,,,,,,,,,,,,,,,,,,,,,,,,,,,,,-49.83
2025-04-10 17:51:57.395640+00:00,,,,,,,,,,,,,,,,,,,,,,,,,,,,,,,,-49.83
2025-04-10 17:51:58.467667+00:00,,,,,,,,,,,,,,,,,,,,,,,,,,,,,,,,-49.83
2025-04-10 17:51:59.652326+00:00,,,,,,,,,,,,,,,,,,,,,,,,,,,,,,,,-49.83
2025-04-10 17:52:00.734507+00:00,,,,,,,,,,,,,,,,,,,,,,,,,,,,,,,,-49.83
2025-04-10 17:52:01.807862+00:00,,,,,,,,,,,,,,,,,,,,,,,,,,,,,,,,-49.83
2025-04-10 17:52:02.973056+00:00,,,,,,,,,,,,,,,,,,,,,,,,,,,,,,,,-49.83
2025-04-10 17:52:03.952158+00:00,,,,,,,,,,,,,,,,,,,,,,,,,,,,,,,,-49.83
2025-04-10 17:52:05.128031+00:00,,,,,,,,,,,,,,,,,,,,,,,,,,,,,,,,-49.83
2025-04-10 17:52:06.293398+00:00,,,,,,,,,,,,,,,,,,,,,,,,,,,,,,,,-49.83
2025-04-10 17:52:07.468921+00:00,,,,,,,,,,,,,,,,,,,,,,,,,,,,,,,,-49.83
2025-04-10 17:52:08.647026+00:00,,,,,,,,,,,,,,,,,,,,,,,,,,,,,,,,-49.83
2025-04-10 17:52:09.824532+00:00,,,,,,,,,,,,,,,,,,,,,,,,,,,,,,,,-49.83
2025-04-10 17:52:10.993684+00:00,,,,,,,,,,,,,,,,,,,,,,,,,,,,,,,,-49.83
2025-04-10 17:52:12.157940+00:00,,,,,,,,,,,,,,,,,,,,,,,,,,,,,,,,-49.83
2025-04-10 17:52:13.337369+00:00,,,,,,,,,,,,,,,,,,,,,,,,,,,,,,,,-49.83
2025-04-10 17:52:14.414116+00:00,,,,,,,,,,,,,,,,,,,,,,,,,,,,,,,,-49.83
2025-04-10 17:52:15.589566+00:00,,,,,,,,,,,,,,,,,,,,,,,,,,,,,,,,-49.83
2025-04-10 17:52:16.764321+00:00,,,,,,,,,,,,,,,,,,,,,,,,,,,,,,,,-49.83
2025-04-10 17:52:17.838747+00:00,,,,,,,,,,,,,,,,,,,,,,,,,,,,,,,,-49.83
2025-04-10 17:52:18.917066+00:00,,,,,,,,,,,,,,,,,,,,,,,,,,,,,,,,-49.83
2025-04-10 17:52:20.080929+00:00,,,,,,,,,,,,,,,,,,,,,,,,,,,,,,,,-49.83
2025-04-10 17:52:21.249860+00:00,,,,,,,,,,,,,,,,,,,,,,,,,,,,,,,,-49.83
2025-04-10 17:52:22.829310+00:00,,,,,,,,,,,,,,,,,,,,,,,,,,,,,,,,-50.08
2025-04-10 17:52:23.997856+00:00,,,,,,,,,,,,,,,,,,,,,,,,,,,,,,,,-50.08
2025-04-10 17:52:24.972453+00:00,,,,,,,,,,,,,,,,,,,,,,,,,,,,,,,,-50.08
2025-04-10 17:52:26.147460+00:00,,,,,,,,,,,,,,,,,,,,,,,,,,,,,,,,-50.08
2025-04-10 17:52:27.326910+00:00,,,,,,,,,,,,,,,,,,,,,,,,,,,,,,,,-50.08
2025-04-10 17:52:28.300496+00:00,,,,,,,,,,,,,,,,,,,,,,,,,,,,,,,,-50.08
2025-04-10 17:52:29.473152+00:00,,,,,,,,,,,,,,,,,,,,,,,,,,,,,,,,-50.08
2025-04-10 17:52:30.648785+00:00,,,,,,,,,,,,,,,,,,,,,,,,,,,,,,,,-50.08
2025-04-10 17:52:31.725823+00:00,,,,,,,,,,,,,,,,,,,,,,,,,,,,,,,,-50.08
2025-04-10 17:52:32.801409+00:00,,,,,,,,,,,,,,,,,,,,,,,,,,,,,,,,-50.08
2025-04-10 17:52:33.964992+00:00,,,,,,,,,,,,,,,,,,,,,,,,,,,,,,,,-50.08
2025-04-10 17:52:35.128399+00:00,,,,,,,,,,,,,,,,,,,,,,,,,,,,,,,,-50.08
2025-04-10 17:52:36.298956+00:00,,,,,,,,,,,,,,,,,,,,,,,,,,,,,,,,-50.08
2025-04-10 17:52:37.473364+00:00,,,,,,,,,,,,,,,,,,,,,,,,,,,,,,,,-50.08
2025-04-10 17:52:38.653259+00:00,,,,,,,,,,,,,,,,,,,,,,,,,,,,,,,,-50.08
2025-04-10 17:52:39.826901+00:00,,,,,,,,,,,,,,,,,,,,,,,,,,,,,,,,-50.08
2025-04-10 17:52:41.006219+00:00,,,,,,,,,,,,,,,,,,,,,,,,,,,,,,,,-50.08
2025-04-10 17:52:42.077570+00:00,,,,,,,,,,,,,,,,,,,,,,,,,,,,,,,,-50.08
2025-04-10 17:52:43.256000+00:00,,,,,,,,,,,,,,,,,,,,,,,,,,,,,,,,-50.08
2025-04-10 17:52:44.225205+00:00,,,,,,,,,,,,,,,,,,,,,,,,,,,,,,,,-50.08
2025-04-10 17:52:45.189422+00:00,,,,,,,,,,,,,,,,,,,,,,,,,,,,,,,,-50.08
2025-04-10 17:52:46.263114+00:00,,,,,,,,,,,,,,,,,,,,,,,,,,,,,,,,-50.08
2025-04-10 17:52:47.137713+00:00,,,,,,,,,,,,,,,,,,,,,,,,,,,,,,,,-50.08
2025-04-10 17:52:48.216470+00:00,,,,,,,,,,,,,,,,,,,,,,,,,,,,,,,,-50.08
2025-04-10 17:52:49.390456+00:00,,,,,,,,,,,,,,,,,,,,,,,,,,,,,,,,-50.08
2025-04-10 17:52:50.573025+00:00,,,,,,,,,,,,,,,,,,,,,,,,,,,,,,,,-50.08
2025-04-10 17:52:52.147575+00:00,,,,,,,,,,,,,,,,,,,,,,,,,,,,,,,,-50.08
2025-04-10 17:52:53.321825+00:00,,,,,,,,,,,,,,,,,,,,,,,,,,,,,,,,-49.69
