,rpm_value,orientation_heading,orientation_roll,orientation_pitch,temperature_temp_c,magnetometer_mx,magnetometer_my,magnetometer_mz,gyroscope_gx,gyroscope_gy,gyroscope_gz,accelerometer_ax,accelerometer_ay,accelerometer_az,linear_acceleration_lx,linear_acceleration_ly,linear_acceleration_lz,gravity_grx,gravity_gry,gravity_grz,voltage_value,current_value,power_value,servo_value,weatherstation_speed,weatherstation_direction,weatherstation_humidity,weatherstation_pressure,weatherstation_altitude
2025-04-10 18:50:36.907720+00:00,17.941225997578638,,,,,,,,,,,,,,,,,,,,,,,,,,,,
2025-04-10 18:50:40.404518+00:00,17.15815799210921,,,,,,,,,,,,,,,,,,,,,,,,,,,,
2025-04-10 18:50:43.776912+00:00,17.791596773396492,,,,,,,,,,,,,,,,,,,,,,,,,,,,
2025-04-10 18:50:46.975354+00:00,18.759150237200625,,,,,,,,,,,,,,,,,,,,,,,,,,,,
2025-04-10 18:50:50.161687+00:00,18.830202701074764,,,,,,,,,,,,,,,,,,,,,,,,,,,,
2025-04-10 18:50:53.132131+00:00,20.199055920698047,,,,,,,,,,,,,,,,,,,,,,,,,,,,
2025-04-10 18:50:56.439314+00:00,18.14250349122718,,,,,,,,,,,,,,,,,,,,,,,,,,,,
2025-04-10 18:51:00.105993+00:00,16.363324257994844,,,,,,,,,,,,,,,,,,,,,,,,,,,,
2025-04-10 18:51:04.143297+00:00,14.861520439959829,,,,,,,,,,,,,,,,,,,,,,,,,,,,
2025-04-10 18:51:08.103274+00:00,15.152061446777303,,,,,,,,,,,,,,,,,,,,,,,,,,,,
2025-04-10 18:51:11.851558+00:00,16.006759446223057,,,,,,,,,,,,,,,,,,,,,,,,,,,,
2025-04-10 18:51:15.223097+00:00,17.79614118182167,,,,,,,,,,,,,,,,,,,,,,,,,,,,
2025-04-10 18:51:18.243885+00:00,19.86239398848595,,,,,,,,,,,,,,,,,,,,,,,,,,,,
2025-04-10 18:51:21.121205+00:00,20.852512970766423,,,,,,,,,,,,,,,,,,,,,,,,,,,,
2025-04-10 18:51:24.003081+00:00,20.81975095545174,,,,,,,,,,,,,,,,,,,,,,,,,,,,
2025-04-10 18:51:27.029657+00:00,19.824508623910624,,,,,,,,,,,,,,,,,,,,,,,,,,,,
2025-04-10 18:51:30.370350+00:00,17.96093629618295,,,,,,,,,,,,,,,,,,,,,,,,,,,,
2025-04-10 18:51:34.418175+00:00,14.8227372932689,,,,,,,,,,,,,,,,,,,,,,,,,,,,
2025-04-10 18:50:36.709000+00:00,,344.75,-2.3125,-1.4375,,,,,,,,,,,,,,,,,,,,,,,,,
2025-04-10 18:50:37.755000+00:00,,344.75,-2.3125,-1.4375,,,,,,,,,,,,,,,,,,,,,,,,,
2025-04-10 18:50:38.811000+00:00,,344.625,-2.25,-1.4375,,,,,,,,,,,,,,,,,,,,,,,,,
2025-04-10 18:50:39.865000+00:00,,344.6875,-2.25,-1.4375,,,,,,,,,,,,,,,,,,,,,,,,,
2025-04-10 18:50:40.914000+00:00,,344.75,-2.375,-1.5625,,,,,,,,,,,,,,,,,,,,,,,,,
2025-04-10 18:50:41.962000+00:00,,344.5,-2.3125,-1.5625,,,,,,,,,,,,,,,,,,,,,,,,,
2025-04-10 18:50:43.011000+00:00,,344.375,-2.1875,-1.625,,,,,,,,,,,,,,,,,,,,,,,,,
2025-04-10 18:50:44.045000+00:00,,344.5625,-2.1875,-1.625,,,,,,,,,,,,,,,,,,,,,,,,,
2025-04-10 18:50:45.078000+00:00,,344.5625,-2.125,-1.625,,,,,,,,,,,,,,,,,,,,,,,,,
2025-04-10 18:50:46.114000+00:00,,344.4375,-2.125,-1.6875,,,,,,,,,,,,,,,,,,,,,,,,,
2025-04-10 18:50:47.154000+00:00,,344.5625,-2.1875,-1.625,,,,,,,,,,,,,,,,,,,,,,,,,
2025-04-10 18:50:48.186000+00:00,,344.5625,-2.125,-1.625,,,,,,,,,,,,,,,,,,,,,,,,,
2025-04-10 18:50:49.218000+00:00,,344.5625,-2.3125,-1.625,,,,,,,,,,,,,,,,,,,,,,,,,
2025-04-10 18:50:50.251000+00:00,,344.4375,-2.25,-1.6875,,,,,,,,,,,,,,,,,,,,,,,,,
2025-04-10 18:50:51.297000+00:00,,344.4375,-2.25,-1.625,,,,,,,,,,,,,,,,,,,,,,,,,
2025-04-10 18:50:52.343000+00:00,,344.375,-2.3125,-1.5625,,,,,,,,,,,,,,,,,,,,,,,,,
2025-04-10 18:50:53.394000+00:00,,344.4375,-2.3125,-1.625,,,,,,,,,,,,,,,,,,,,,,,,,
2025-04-10 18:50:54.438000+00:00,,344.4375,-2.25,-1.625,,,,,,,,,,,,,,,,,,,,,,,,,
2025-04-10 18:50:55.472000+00:00,,344.375,-2.375,-1.5,,,,,,,,,,,,,,,,,,,,,,,,,
2025-04-10 18:50:56.519000+00:00,,344.4375,-2.3125,-1.5,,,,,,,,,,,,,,,,,,,,,,,,,
2025-04-10 18:50:57.569000+00:00,,344.5,-2.25,-1.4375,,,,,,,,,,,,,,,,,,,,,,,,,
2025-04-10 18:50:58.620000+00:00,,344.4375,-2.3125,-1.4375,,,,,,,,,,,,,,,,,,,,,,,,,
2025-04-10 18:50:59.671000+00:00,,344.5,-2.3125,-1.5,,,,,,,,,,,,,,,,,,,,,,,,,
2025-04-10 18:51:00.705000+00:00,,344.375,-2.3125,-1.5625,,,,,,,,,,,,,,,,,,,,,,,,,
2025-04-10 18:51:01.758000+00:00,,344.4375,-2.25,-1.5,,,,,,,,,,,,,,,,,,,,,,,,,
2025-04-10 18:51:02.802000+00:00,,344.3125,-2.3125,-1.5,,,,,,,,,,,,,,,,,,,,,,,,,
2025-04-10 18:51:03.839000+00:00,,344.5,-2.3125,-1.5625,,,,,,,,,,,,,,,,,,,,,,,,,
2025-04-10 18:51:04.885000+00:00,,344.3125,-2.25,-1.5625,,,,,,,,,,,,,,,,,,,,,,,,,
2025-04-10 18:51:05.930000+00:00,,344.1875,-2.3125,-1.4375,,,,,,,,,,,,,,,,,,,,,,,,,
2025-04-10 18:51:06.981000+00:00,,344.25,-2.3125,-1.5,,,,,,,,,,,,,,,,,,,,,,,,,
2025-04-10 18:51:08.030000+00:00,,344.3125,-2.1875,-1.375,,,,,,,,,,,,,,,,,,,,,,,,,
2025-04-10 18:51:09.064000+00:00,,344.1875,-2.1875,-1.4375,,,,,,,,,,,,,,,,,,,,,,,,,
2025-04-10 18:51:10.114000+00:00,,344.1875,-2.3125,-1.4375,,,,,,,,,,,,,,,,,,,,,,,,,
2025-04-10 18:51:11.162000+00:00,,344.125,-2.3125,-1.4375,,,,,,,,,,,,,,,,,,,,,,,,,
2025-04-10 18:51:12.209000+00:00,,344.125,-2.1875,-1.4375,,,,,,,,,,,,,,,,,,,,,,,,,
2025-04-10 18:51:13.256000+00:00,,344.0,-2.125,-1.4375,,,,,,,,,,,,,,,,,,,,,,,,,
2025-04-10 18:51:14.302000+00:00,,344.0625,-2.125,-1.5,,,,,,,,,,,,,,,,,,,,,,,,,
2025-04-10 18:51:15.351000+00:00,,344.125,-2.1875,-1.5625,,,,,,,,,,,,,,,,,,,,,,,,,
2025-04-10 18:51:16.401000+00:00,,344.0,-2.25,-1.5,,,,,,,,,,,,,,,,,,,,,,,,,
2025-04-10 18:51:17.448000+00:00,,344.0625,-2.1875,-1.4375,,,,,,,,,,,,,,,,,,,,,,,,,
2025-04-10 18:51:18.492000+00:00,,343.9375,-2.25,-1.5,,,,,,,,,,,,,,,,,,,,,,,,,
2025-04-10 18:51:19.540000+00:00,,343.9375,-2.1875,-1.5,,,,,,,,,,,,,,,,,,,,,,,,,
2025-04-10 18:51:20.586000+00:00,,343.875,-2.375,-1.5,,,,,,,,,,,,,,,,,,,,,,,,,
2025-04-10 18:51:21.638000+00:00,,343.9375,-2.1875,-1.5,,,,,,,,,,,,,,,,,,,,,,,,,
2025-04-10 18:51:22.688000+00:00,,343.8125,-2.25,-1.4375,,,,,,,,,,,,,,,,,,,,,,,,,
2025-04-10 18:51:23.732000+00:00,,343.8125,-2.125,-1.4375,,,,,,,,,,,,,,,,,,,,,,,,,
2025-04-10 18:51:24.780000+00:00,,343.875,-2.125,-1.5,,,,,,,,,,,,,,,,,,,,,,,,,
2025-04-10 18:51:25.819000+00:00,,343.75,-2.125,-1.5625,,,,,,,,,,,,,,,,,,,,,,,,,
2025-04-10 18:51:26.868000+00:00,,343.8125,-2.125,-1.6875,,,,,,,,,,,,,,,,,,,,,,,,,
2025-04-10 18:51:27.914000+00:00,,343.875,-2.1875,-1.5625,,,,,,,,,,,,,,,,,,,,,,,,,
2025-04-10 18:51:28.947000+00:00,,343.6875,-2.25,-1.5,,,,,,,,,,,,,,,,,,,,,,,,,
2025-04-10 18:51:29.994000+00:00,,343.6875,-2.3125,-1.5625,,,,,,,,,,,,,,,,,,,,,,,,,
2025-04-10 18:51:31.040000+00:00,,343.6875,-2.25,-1.5,,,,,,,,,,,,,,,,,,,,,,,,,
2025-04-10 18:51:32.089000+00:00,,343.6875,-2.3125,-1.4375,,,,,,,,,,,,,,,,,,,,,,,,,
2025-04-10 18:51:33.137000+00:00,,343.5625,-2.3125,-1.5,,,,,,,,,,,,,,,,,,,,,,,,,
2025-04-10 18:51:34.187000+00:00,,343.625,-2.25,-1.4375,,,,,,,,,,,,,,,,,,,,,,,,,
2025-04-10 18:51:35.219000+00:00,,343.6875,-2.25,-1.3125,,,,,,,,,,,,,,,,,,,,,,,,,
2025-04-10 18:50:36.725000+00:00,,,,,24.0,,,,,,,,,,,,,,,,,,,,,,,,
2025-04-10 18:50:37.772000+00:00,,,,,24.0,,,,,,,,,,,,,,,,,,,,,,,,
2025-04-10 18:50:38.830000+00:00,,,,,24.0,,,,,,,,,,,,,,,,,,,,,,,,
2025-04-10 18:50:39.882000+00:00,,,,,24.0,,,,,,,,,,,,,,,,,,,,,,,,
2025-04-10 18:50:40.930000+00:00,,,,,23.0,,,,,,,,,,,,,,,,,,,,,,,,
2025-04-10 18:50:41.980000+00:00,,,,,24.0,,,,,,,,,,,,,,,,,,,,,,,,
2025-04-10 18:50:43.014000+00:00,,,,,23.0,,,,,,,,,,,,,,,,,,,,,,,,
2025-04-10 18:50:44.050000+00:00,,,,,23.0,,,,,,,,,,,,,,,,,,,,,,,,
2025-04-10 18:50:45.083000+00:00,,,,,23.0,,,,,,,,,,,,,,,,,,,,,,,,
2025-04-10 18:50:46.125000+00:00,,,,,24.0,,,,,,,,,,,,,,,,,,,,,,,,
2025-04-10 18:50:47.159000+00:00,,,,,24.0,,,,,,,,,,,,,,,,,,,,,,,,
2025-04-10 18:50:48.191000+00:00,,,,,23.0,,,,,,,,,,,,,,,,,,,,,,,,
2025-04-10 18:50:49.222000+00:00,,,,,23.0,,,,,,,,,,,,,,,,,,,,,,,,
2025-04-10 18:50:50.266000+00:00,,,,,23.0,,,,,,,,,,,,,,,,,,,,,,,,
2025-04-10 18:50:51.312000+00:00,,,,,23.0,,,,,,,,,,,,,,,,,,,,,,,,
2025-04-10 18:50:52.364000+00:00,,,,,24.0,,,,,,,,,,,,,,,,,,,,,,,,
2025-04-10 18:50:53.410000+00:00,,,,,24.0,,,,,,,,,,,,,,,,,,,,,,,,
2025-04-10 18:50:54.443000+00:00,,,,,24.0,,,,,,,,,,,,,,,,,,,,,,,,
2025-04-10 18:50:55.489000+00:00,,,,,23.0,,,,,,,,,,,,,,,,,,,,,,,,
2025-04-10 18:50:56.537000+00:00,,,,,23.0,,,,,,,,,,,,,,,,,,,,,,,,
2025-04-10 18:50:57.589000+00:00,,,,,23.0,,,,,,,,,,,,,,,,,,,,,,,,
2025-04-10 18:50:58.640000+00:00,,,,,24.0,,,,,,,,,,,,,,,,,,,,,,,,
2025-04-10 18:50:59.675000+00:00,,,,,24.0,,,,,,,,,,,,,,,,,,,,,,,,
2025-04-10 18:51:00.722000+00:00,,,,,23.0,,,,,,,,,,,,,,,,,,,,,,,,
2025-04-10 18:51:01.773000+00:00,,,,,23.0,,,,,,,,,,,,,,,,,,,,,,,,
2025-04-10 18:51:02.810000+00:00,,,,,23.0,,,,,,,,,,,,,,,,,,,,,,,,
2025-04-10 18:51:03.855000+00:00,,,,,23.0,,,,,,,,,,,,,,,,,,,,,,,,
2025-04-10 18:51:04.899000+00:00,,,,,23.0,,,,,,,,,,,,,,,,,,,,,,,,
2025-04-10 18:51:05.950000+00:00,,,,,23.0,,,,,,,,,,,,,,,,,,,,,,,,
2025-04-10 18:51:06.997000+00:00,,,,,23.0,,,,,,,,,,,,,,,,,,,,,,,,
2025-04-10 18:51:08.034000+00:00,,,,,24.0,,,,,,,,,,,,,,,,,,,,,,,,
2025-04-10 18:51:09.083000+00:00,,,,,23.0,,,,,,,,,,,,,,,,,,,,,,,,
2025-04-10 18:51:10.133000+00:00,,,,,23.0,,,,,,,,,,,,,,,,,,,,,,,,
2025-04-10 18:51:11.177000+00:00,,,,,23.0,,,,,,,,,,,,,,,,,,,,,,,,
2025-04-10 18:51:12.229000+00:00,,,,,23.0,,,,,,,,,,,,,,,,,,,,,,,,
2025-04-10 18:51:13.271000+00:00,,,,,23.0,,,,,,,,,,,,,,,,,,,,,,,,
2025-04-10 18:51:14.322000+00:00,,,,,24.0,,,,,,,,,,,,,,,,,,,,,,,,
2025-04-10 18:51:15.371000+00:00,,,,,24.0,,,,,,,,,,,,,,,,,,,,,,,,
2025-04-10 18:51:16.419000+00:00,,,,,23.0,,,,,,,,,,,,,,,,,,,,,,,,
2025-04-10 18:51:17.464000+00:00,,,,,23.0,,,,,,,,,,,,,,,,,,,,,,,,
2025-04-10 18:51:18.513000+00:00,,,,,23.0,,,,,,,,,,,,,,,,,,,,,,,,
2025-04-10 18:51:19.556000+00:00,,,,,23.0,,,,,,,,,,,,,,,,,,,,,,,,
2025-04-10 18:51:20.608000+00:00,,,,,23.0,,,,,,,,,,,,,,,,,,,,,,,,
2025-04-10 18:51:21.659000+00:00,,,,,23.0,,,,,,,,,,,,,,,,,,,,,,,,
2025-04-10 18:51:22.703000+00:00,,,,,23.0,,,,,,,,,,,,,,,,,,,,,,,,
2025-04-10 18:51:23.748000+00:00,,,,,23.0,,,,,,,,,,,,,,,,,,,,,,,,
2025-04-10 18:51:24.789000+00:00,,,,,23.0,,,,,,,,,,,,,,,,,,,,,,,,
2025-04-10 18:51:25.838000+00:00,,,,,23.0,,,,,,,,,,,,,,,,,,,,,,,,
2025-04-10 18:51:26.881000+00:00,,,,,23.0,,,,,,,,,,,,,,,,,,,,,,,,
2025-04-10 18:51:27.920000+00:00,,,,,23.0,,,,,,,,,,,,,,,,,,,,,,,,
2025-04-10 18:51:28.964000+00:00,,,,,23.0,,,,,,,,,,,,,,,,,,,,,,,,
2025-04-10 18:51:30.011000+00:00,,,,,23.0,,,,,,,,,,,,,,,,,,,,,,,,
2025-04-10 18:51:31.058000+00:00,,,,,23.0,,,,,,,,,,,,,,,,,,,,,,,,
2025-04-10 18:51:32.106000+00:00,,,,,23.0,,,,,,,,,,,,,,,,,,,,,,,,
2025-04-10 18:51:33.156000+00:00,,,,,23.0,,,,,,,,,,,,,,,,,,,,,,,,
2025-04-10 18:51:34.191000+00:00,,,,,23.0,,,,,,,,,,,,,,,,,,,,,,,,
2025-04-10 18:51:35.223000+00:00,,,,,23.0,,,,,,,,,,,,,,,,,,,,,,,,
2025-04-10 18:50:36.730000+00:00,,,,,,-23.0,-2.25,-67.5,,,,,,,,,,,,,,,,,,,,,
2025-04-10 18:50:37.777000+00:00,,,,,,-14.0625,-40.1875,-55.5,,,,,,,,,,,,,,,,,,,,,
2025-04-10 18:50:38.836000+00:00,,,,,,-3.75,-19.5625,-32.25,,,,,,,,,,,,,,,,,,,,,
2025-04-10 18:50:39.887000+00:00,,,,,,-12.875,3.75,-50.875,,,,,,,,,,,,,,,,,,,,,
2025-04-10 18:50:40.936000+00:00,,,,,,-23.5625,-29.1875,-69.875,,,,,,,,,,,,,,,,,,,,,
2025-04-10 18:50:41.985000+00:00,,,,,,-6.875,-22.0625,-31.5,,,,,,,,,,,,,,,,,,,,,
2025-04-10 18:50:43.019000+00:00,,,,,,-6.25,-0.5625,-38.6875,,,,,,,,,,,,,,,,,,,,,
2025-04-10 18:50:44.054000+00:00,,,,,,-26.875,-13.6875,-73.0625,,,,,,,,,,,,,,,,,,,,,
2025-04-10 18:50:45.088000+00:00,,,,,,-7.5625,-28.375,-35.0625,,,,,,,,,,,,,,,,,,,,,
2025-04-10 18:50:46.129000+00:00,,,,,,-3.75,-4.6875,-35.375,,,,,,,,,,,,,,,,,,,,,
2025-04-10 18:50:47.164000+00:00,,,,,,-26.75,-11.875,-73.6875,,,,,,,,,,,,,,,,,,,,,
2025-04-10 18:50:48.195000+00:00,,,,,,-7.5625,-29.0,-36.25,,,,,,,,,,,,,,,,,,,,,
2025-04-10 18:50:49.226000+00:00,,,,,,-4.75,-6.6875,-34.375,,,,,,,,,,,,,,,,,,,,,
2025-04-10 18:50:50.271000+00:00,,,,,,-27.875,-6.6875,-72.25,,,,,,,,,,,,,,,,,,,,,
2025-04-10 18:50:51.316000+00:00,,,,,,-8.5,-29.5,-35.5625,,,,,,,,,,,,,,,,,,,,,
2025-04-10 18:50:52.368000+00:00,,,,,,-6.0,-4.75,-35.5,,,,,,,,,,,,,,,,,,,,,
2025-04-10 18:50:53.415000+00:00,,,,,,-27.6875,-16.1875,-73.75,,,,,,,,,,,,,,,,,,,,,
2025-04-10 18:50:54.447000+00:00,,,,,,-9.5,-24.375,-33.0625,,,,,,,,,,,,,,,,,,,,,
2025-04-10 18:50:55.494000+00:00,,,,,,-6.5,-0.5625,-37.375,,,,,,,,,,,,,,,,,,,,,
2025-04-10 18:50:56.542000+00:00,,,,,,-28.6875,-5.5625,-72.25,,,,,,,,,,,,,,,,,,,,,
2025-04-10 18:50:57.594000+00:00,,,,,,-9.6875,-33.0625,-41.25,,,,,,,,,,,,,,,,,,,,,
2025-04-10 18:50:58.646000+00:00,,,,,,-5.875,-9.875,-33.75,,,,,,,,,,,,,,,,,,,,,
2025-04-10 18:50:59.679000+00:00,,,,,,-21.5625,6.0625,-62.5,,,,,,,,,,,,,,,,,,,,,
2025-04-10 18:51:00.727000+00:00,,,,,,-27.6875,-21.6875,-73.5625,,,,,,,,,,,,,,,,,,,,,
2025-04-10 18:51:01.778000+00:00,,,,,,-8.5,-25.1875,-36.1875,,,,,,,,,,,,,,,,,,,,,
2025-04-10 18:51:02.815000+00:00,,,,,,-6.5,-3.5,-34.5625,,,,,,,,,,,,,,,,,,,,,
2025-04-10 18:51:03.859000+00:00,,,,,,-24.5625,3.1875,-68.875,,,,,,,,,,,,,,,,,,,,,
2025-04-10 18:51:04.905000+00:00,,,,,,-26.6875,-25.5,-70.375,,,,,,,,,,,,,,,,,,,,,
2025-04-10 18:51:05.955000+00:00,,,,,,-9.0,-17.75,-35.375,,,,,,,,,,,,,,,,,,,,,
2025-04-10 18:51:07.001000+00:00,,,,,,-10.1875,3.875,-40.375,,,,,,,,,,,,,,,,,,,,,
2025-04-10 18:51:08.040000+00:00,,,,,,-27.875,1.5,-71.375,,,,,,,,,,,,,,,,,,,,,
2025-04-10 18:51:09.089000+00:00,,,,,,-21.6875,-30.75,-62.0,,,,,,,,,,,,,,,,,,,,,
2025-04-10 18:51:10.138000+00:00,,,,,,-9.5,-13.375,-34.375,,,,,,,,,,,,,,,,,,,,,
2025-04-10 18:51:11.182000+00:00,,,,,,-13.5625,11.5625,-50.5,,,,,,,,,,,,,,,,,,,,,
2025-04-10 18:51:12.233000+00:00,,,,,,-26.1875,-26.0,-70.1875,,,,,,,,,,,,,,,,,,,,,
2025-04-10 18:51:13.275000+00:00,,,,,,-6.5625,-33.875,-32.6875,,,,,,,,,,,,,,,,,,,,,
2025-04-10 18:51:14.327000+00:00,,,,,,-5.1875,-9.1875,-32.875,,,,,,,,,,,,,,,,,,,,,
2025-04-10 18:51:15.375000+00:00,,,,,,-26.375,-13.6875,-70.875,,,,,,,,,,,,,,,,,,,,,
2025-04-10 18:51:16.424000+00:00,,,,,,-6.5625,-35.0,-34.1875,,,,,,,,,,,,,,,,,,,,,
2025-04-10 18:51:17.468000+00:00,,,,,,-4.6875,-8.5625,-33.0625,,,,,,,,,,,,,,,,,,,,,
2025-04-10 18:51:18.518000+00:00,,,,,,-27.5,-21.75,-72.0,,,,,,,,,,,,,,,,,,,,,
2025-04-10 18:51:19.561000+00:00,,,,,,-7.75,-28.5,-32.0,,,,,,,,,,,,,,,,,,,,,
2025-04-10 18:51:20.614000+00:00,,,,,,-9.5625,-1.0625,-39.1875,,,,,,,,,,,,,,,,,,,,,
2025-04-10 18:51:21.665000+00:00,,,,,,-22.6875,-37.375,-62.1875,,,,,,,,,,,,,,,,,,,,,
2025-04-10 18:51:22.708000+00:00,,,,,,-6.875,-20.6875,-31.1875,,,,,,,,,,,,,,,,,,,,,
2025-04-10 18:51:23.753000+00:00,,,,,,-18.375,3.375,-57.875,,,,,,,,,,,,,,,,,,,,,
2025-04-10 18:51:24.794000+00:00,,,,,,-11.6875,-40.375,-43.75,,,,,,,,,,,,,,,,,,,,,
2025-04-10 18:51:25.842000+00:00,,,,,,-7.0,-14.0,-32.5,,,,,,,,,,,,,,,,,,,,,
2025-04-10 18:51:26.890000+00:00,,,,,,-22.375,-0.875,-66.0,,,,,,,,,,,,,,,,,,,,,
2025-04-10 18:51:27.924000+00:00,,,,,,-14.0625,-39.5,-48.5625,,,,,,,,,,,,,,,,,,,,,
2025-04-10 18:51:28.970000+00:00,,,,,,-6.375,-15.0,-32.5,,,,,,,,,,,,,,,,,,,,,
2025-04-10 18:51:30.015000+00:00,,,,,,-19.5,2.5625,-60.0625,,,,,,,,,,,,,,,,,,,,,
2025-04-10 18:51:31.064000+00:00,,,,,,-21.0,-35.0625,-62.6875,,,,,,,,,,,,,,,,,,,,,
2025-04-10 18:51:32.111000+00:00,,,,,,-6.375,-20.1875,-31.75,,,,,,,,,,,,,,,,,,,,,
2025-04-10 18:51:33.162000+00:00,,,,,,-7.5,2.5,-43.75,,,,,,,,,,,,,,,,,,,,,
2025-04-10 18:51:34.195000+00:00,,,,,,-24.1875,-6.25,-70.875,,,,,,,,,,,,,,,,,,,,,
2025-04-10 18:51:35.227000+00:00,,,,,,-25.5625,-13.1875,-73.5,,,,,,,,,,,,,,,,,,,,,
2025-04-10 18:50:36.734000+00:00,,,,,,,,,-0.0011111111111111111,-0.0033333333333333335,0.014444444444444444,,,,,,,,,,,,,,,,,,
2025-04-10 18:50:37.782000+00:00,,,,,,,,,-0.0022222222222222222,0.012222222222222223,-0.01888888888888889,,,,,,,,,,,,,,,,,,
2025-04-10 18:50:38.840000+00:00,,,,,,,,,0.0022222222222222222,0.0044444444444444444,-0.043333333333333335,,,,,,,,,,,,,,,,,,
2025-04-10 18:50:39.891000+00:00,,,,,,,,,0.0,0.02,-0.005555555555555556,,,,,,,,,,,,,,,,,,
2025-04-10 18:50:40.939000+00:00,,,,,,,,,0.01,0.0022222222222222222,0.04555555555555556,,,,,,,,,,,,,,,,,,
2025-04-10 18:50:41.989000+00:00,,,,,,,,,0.0022222222222222222,0.015555555555555555,-0.021111111111111112,,,,,,,,,,,,,,,,,,
2025-04-10 18:50:43.024000+00:00,,,,,,,,,0.011111111111111112,0.006666666666666667,-0.011111111111111112,,,,,,,,,,,,,,,,,,
2025-04-10 18:50:44.059000+00:00,,,,,,,,,0.01,-0.023333333333333334,0.024444444444444446,,,,,,,,,,,,,,,,,,
2025-04-10 18:50:45.092000+00:00,,,,,,,,,0.015555555555555555,0.008888888888888889,-0.023333333333333334,,,,,,,,,,,,,,,,,,
2025-04-10 18:50:46.133000+00:00,,,,,,,,,-0.006666666666666667,0.04,-0.0033333333333333335,,,,,,,,,,,,,,,,,,
2025-04-10 18:50:47.168000+00:00,,,,,,,,,0.0011111111111111111,-0.0044444444444444444,0.01888888888888889,,,,,,,,,,,,,,,,,,
2025-04-10 18:50:48.199000+00:00,,,,,,,,,0.005555555555555556,0.0033333333333333335,0.06666666666666667,,,,,,,,,,,,,,,,,,
2025-04-10 18:50:49.229000+00:00,,,,,,,,,0.006666666666666667,-0.01888888888888889,0.052222222222222225,,,,,,,,,,,,,,,,,,
2025-04-10 18:50:50.275000+00:00,,,,,,,,,-0.006666666666666667,-0.0077777777777777776,0.006666666666666667,,,,,,,,,,,,,,,,,,
2025-04-10 18:50:51.321000+00:00,,,,,,,,,0.0011111111111111111,-0.006666666666666667,0.03888888888888889,,,,,,,,,,,,,,,,,,
2025-04-10 18:50:52.373000+00:00,,,,,,,,,-0.0077777777777777776,-0.021111111111111112,0.07,,,,,,,,,,,,,,,,,,
2025-04-10 18:50:53.418000+00:00,,,,,,,,,0.0,0.0044444444444444444,0.04777777777777778,,,,,,,,,,,,,,,,,,
2025-04-10 18:50:54.452000+00:00,,,,,,,,,-0.0033333333333333335,0.0033333333333333335,0.04,,,,,,,,,,,,,,,,,,
2025-04-10 18:50:55.498000+00:00,,,,,,,,,0.008888888888888889,-0.021111111111111112,0.0011111111111111111,,,,,,,,,,,,,,,,,,
2025-04-10 18:50:56.546000+00:00,,,,,,,,,-0.0011111111111111111,-0.016666666666666666,0.0044444444444444444,,,,,,,,,,,,,,,,,,
2025-04-10 18:50:57.598000+00:00,,,,,,,,,0.01888888888888889,0.016666666666666666,0.028888888888888888,,,,,,,,,,,,,,,,,,
2025-04-10 18:50:58.650000+00:00,,,,,,,,,-0.0022222222222222222,-0.017777777777777778,0.008888888888888889,,,,,,,,,,,,,,,,,,
2025-04-10 18:50:59.683000+00:00,,,,,,,,,0.011111111111111112,0.027777777777777776,-0.0022222222222222222,,,,,,,,,,,,,,,,,,
2025-04-10 18:51:00.733000+00:00,,,,,,,,,0.011111111111111112,0.0,-0.03,,,,,,,,,,,,,,,,,,
2025-04-10 18:51:01.782000+00:00,,,,,,,,,0.011111111111111112,0.022222222222222223,0.03777777777777778,,,,,,,,,,,,,,,,,,
2025-04-10 18:51:02.820000+00:00,,,,,,,,,0.0033333333333333335,0.0,-0.0022222222222222222,,,,,,,,,,,,,,,,,,
2025-04-10 18:51:03.864000+00:00,,,,,,,,,0.013333333333333334,-0.017777777777777778,0.015555555555555555,,,,,,,,,,,,,,,,,,
2025-04-10 18:51:04.909000+00:00,,,,,,,,,0.01,0.011111111111111112,-0.0044444444444444444,,,,,,,,,,,,,,,,,,
2025-04-10 18:51:05.960000+00:00,,,,,,,,,-0.0033333333333333335,0.01,0.027777777777777776,,,,,,,,,,,,,,,,,,
2025-04-10 18:51:07.007000+00:00,,,,,,,,,0.0077777777777777776,-0.0022222222222222222,0.06888888888888889,,,,,,,,,,,,,,,,,,
2025-04-10 18:51:08.044000+00:00,,,,,,,,,0.01,0.0044444444444444444,0.012222222222222223,,,,,,,,,,,,,,,,,,
2025-04-10 18:51:09.093000+00:00,,,,,,,,,-0.01,-0.0022222222222222222,-0.0044444444444444444,,,,,,,,,,,,,,,,,,
2025-04-10 18:51:10.142000+00:00,,,,,,,,,0.0044444444444444444,-0.014444444444444444,-0.014444444444444444,,,,,,,,,,,,,,,,,,
2025-04-10 18:51:11.187000+00:00,,,,,,,,,0.011111111111111112,-0.008888888888888889,0.013333333333333334,,,,,,,,,,,,,,,,,,
2025-04-10 18:51:12.237000+00:00,,,,,,,,,0.006666666666666667,0.011111111111111112,-0.0811111111111111,,,,,,,,,,,,,,,,,,
2025-04-10 18:51:13.280000+00:00,,,,,,,,,-0.013333333333333334,0.01,-0.04555555555555556,,,,,,,,,,,,,,,,,,
2025-04-10 18:51:14.330000+00:00,,,,,,,,,0.011111111111111112,0.01888888888888889,0.03777777777777778,,,,,,,,,,,,,,,,,,
2025-04-10 18:51:15.380000+00:00,,,,,,,,,-0.01888888888888889,-0.0044444444444444444,-0.034444444444444444,,,,,,,,,,,,,,,,,,
2025-04-10 18:51:16.428000+00:00,,,,,,,,,-0.02,-0.022222222222222223,-0.0811111111111111,,,,,,,,,,,,,,,,,,
2025-04-10 18:51:17.474000+00:00,,,,,,,,,0.006666666666666667,0.0044444444444444444,0.03333333333333333,,,,,,,,,,,,,,,,,,
2025-04-10 18:51:18.522000+00:00,,,,,,,,,0.015555555555555555,0.0011111111111111111,-0.005555555555555556,,,,,,,,,,,,,,,,,,
2025-04-10 18:51:19.566000+00:00,,,,,,,,,0.025555555555555557,0.02,-0.014444444444444444,,,,,,,,,,,,,,,,,,
2025-04-10 18:51:20.618000+00:00,,,,,,,,,-0.0011111111111111111,0.0033333333333333335,-0.042222222222222223,,,,,,,,,,,,,,,,,,
2025-04-10 18:51:21.668000+00:00,,,,,,,,,0.011111111111111112,0.025555555555555557,-0.03777777777777778,,,,,,,,,,,,,,,,,,
2025-04-10 18:51:22.712000+00:00,,,,,,,,,0.0022222222222222222,-0.024444444444444446,-0.06,,,,,,,,,,,,,,,,,,
2025-04-10 18:51:23.758000+00:00,,,,,,,,,0.0,-0.028888888888888888,-0.04,,,,,,,,,,,,,,,,,,
2025-04-10 18:51:24.797000+00:00,,,,,,,,,0.0033333333333333335,0.0077777777777777776,0.03222222222222222,,,,,,,,,,,,,,,,,,
2025-04-10 18:51:25.846000+00:00,,,,,,,,,-0.0033333333333333335,-0.008888888888888889,-0.05333333333333334,,,,,,,,,,,,,,,,,,
2025-04-10 18:51:26.894000+00:00,,,,,,,,,-0.011111111111111112,0.023333333333333334,-0.013333333333333334,,,,,,,,,,,,,,,,,,
2025-04-10 18:51:27.929000+00:00,,,,,,,,,-0.008888888888888889,0.012222222222222223,0.052222222222222225,,,,,,,,,,,,,,,,,,
2025-04-10 18:51:28.973000+00:00,,,,,,,,,0.014444444444444444,-0.0022222222222222222,-0.025555555555555557,,,,,,,,,,,,,,,,,,
2025-04-10 18:51:30.020000+00:00,,,,,,,,,0.0,-0.012222222222222223,-0.022222222222222223,,,,,,,,,,,,,,,,,,
2025-04-10 18:51:31.068000+00:00,,,,,,,,,0.0,0.04555555555555556,0.023333333333333334,,,,,,,,,,,,,,,,,,
2025-04-10 18:51:32.115000+00:00,,,,,,,,,0.016666666666666666,0.012222222222222223,0.014444444444444444,,,,,,,,,,,,,,,,,,
2025-04-10 18:51:33.166000+00:00,,,,,,,,,-0.012222222222222223,0.006666666666666667,-0.07888888888888888,,,,,,,,,,,,,,,,,,
2025-04-10 18:51:34.199000+00:00,,,,,,,,,0.0011111111111111111,-0.006666666666666667,-0.03111111111111111,,,,,,,,,,,,,,,,,,
2025-04-10 18:51:35.232000+00:00,,,,,,,,,-0.013333333333333334,-0.0077777777777777776,0.05,,,,,,,,,,,,,,,,,,
2025-04-10 18:51:36.269000+00:00,,,,,,,,,,,-0.07444444444444444,,,,,,,,,,,,,,,,,,
2025-04-10 18:50:36.738000+00:00,,,,,,,,,,,,-0.51,0.11,9.48,,,,,,,,,,,,,,,
2025-04-10 18:50:37.788000+00:00,,,,,,,,,,,,-0.27,0.23,9.48,,,,,,,,,,,,,,,
2025-04-10 18:50:38.846000+00:00,,,,,,,,,,,,-0.48,0.06,9.41,,,,,,,,,,,,,,,
2025-04-10 18:50:39.896000+00:00,,,,,,,,,,,,-0.33,0.32,9.32,,,,,,,,,,,,,,,
2025-04-10 18:50:40.944000+00:00,,,,,,,,,,,,-0.66,0.51,9.42,,,,,,,,,,,,,,,
2025-04-10 18:50:41.994000+00:00,,,,,,,,,,,,-0.55,0.44,9.4,,,,,,,,,,,,,,,
2025-04-10 18:50:43.029000+00:00,,,,,,,,,,,,0.09,0.54,9.47,,,,,,,,,,,,,,,
2025-04-10 18:50:44.062000+00:00,,,,,,,,,,,,0.02,0.46,9.45,,,,,,,,,,,,,,,
2025-04-10 18:50:45.098000+00:00,,,,,,,,,,,,-0.28,0.41,9.31,,,,,,,,,,,,,,,
2025-04-10 18:50:46.138000+00:00,,,,,,,,,,,,-0.26,-0.04,9.52,,,,,,,,,,,,,,,
2025-04-10 18:50:47.171000+00:00,,,,,,,,,,,,-0.45,0.53,9.42,,,,,,,,,,,,,,,
2025-04-10 18:50:48.203000+00:00,,,,,,,,,,,,-0.12,0.0,9.47,,,,,,,,,,,,,,,
2025-04-10 18:50:49.234000+00:00,,,,,,,,,,,,-0.43,0.54,9.27,,,,,,,,,,,,,,,
2025-04-10 18:50:50.280000+00:00,,,,,,,,,,,,0.13,0.11,9.36,,,,,,,,,,,,,,,
2025-04-10 18:50:51.326000+00:00,,,,,,,,,,,,-0.53,0.44,9.52,,,,,,,,,,,,,,,
2025-04-10 18:50:52.377000+00:00,,,,,,,,,,,,-0.52,0.15,9.26,,,,,,,,,,,,,,,
2025-04-10 18:50:53.423000+00:00,,,,,,,,,,,,-0.65,0.23,9.34,,,,,,,,,,,,,,,
2025-04-10 18:50:54.456000+00:00,,,,,,,,,,,,-0.72,-0.03,9.23,,,,,,,,,,,,,,,
2025-04-10 18:50:55.503000+00:00,,,,,,,,,,,,-0.79,0.54,9.42,,,,,,,,,,,,,,,
2025-04-10 18:50:56.551000+00:00,,,,,,,,,,,,-0.13,0.13,9.48,,,,,,,,,,,,,,,
2025-04-10 18:50:57.603000+00:00,,,,,,,,,,,,-0.84,0.48,9.38,,,,,,,,,,,,,,,
2025-04-10 18:50:58.655000+00:00,,,,,,,,,,,,-0.67,0.26,9.3,,,,,,,,,,,,,,,
2025-04-10 18:50:59.687000+00:00,,,,,,,,,,,,-0.21,0.56,9.58,,,,,,,,,,,,,,,
2025-04-10 18:51:00.738000+00:00,,,,,,,,,,,,-0.5,0.61,9.27,,,,,,,,,,,,,,,
2025-04-10 18:51:01.785000+00:00,,,,,,,,,,,,-0.41,0.1,9.35,,,,,,,,,,,,,,,
2025-04-10 18:51:02.823000+00:00,,,,,,,,,,,,-0.35,0.07,9.41,,,,,,,,,,,,,,,
2025-04-10 18:51:03.869000+00:00,,,,,,,,,,,,-0.42,0.21,9.43,,,,,,,,,,,,,,,
2025-04-10 18:51:04.913000+00:00,,,,,,,,,,,,0.06,-0.01,9.4,,,,,,,,,,,,,,,
2025-04-10 18:51:05.965000+00:00,,,,,,,,,,,,-0.45,0.12,9.5,,,,,,,,,,,,,,,
2025-04-10 18:51:07.012000+00:00,,,,,,,,,,,,-0.34,0.29,9.41,,,,,,,,,,,,,,,
2025-04-10 18:51:08.048000+00:00,,,,,,,,,,,,-0.45,0.31,9.42,,,,,,,,,,,,,,,
2025-04-10 18:51:09.097000+00:00,,,,,,,,,,,,0.17,0.24,9.39,,,,,,,,,,,,,,,
2025-04-10 18:51:10.146000+00:00,,,,,,,,,,,,-0.11,0.17,9.56,,,,,,,,,,,,,,,
2025-04-10 18:51:11.191000+00:00,,,,,,,,,,,,-0.13,0.08,9.46,,,,,,,,,,,,,,,
2025-04-10 18:51:12.241000+00:00,,,,,,,,,,,,-0.26,-0.1,9.48,,,,,,,,,,,,,,,
2025-04-10 18:51:13.284000+00:00,,,,,,,,,,,,-0.06,-0.14,9.59,,,,,,,,,,,,,,,
2025-04-10 18:51:14.334000+00:00,,,,,,,,,,,,-0.52,0.47,9.51,,,,,,,,,,,,,,,
2025-04-10 18:51:15.384000+00:00,,,,,,,,,,,,-0.12,0.51,9.51,,,,,,,,,,,,,,,
2025-04-10 18:51:16.433000+00:00,,,,,,,,,,,,-0.33,0.15,9.48,,,,,,,,,,,,,,,
2025-04-10 18:51:17.477000+00:00,,,,,,,,,,,,-0.22,0.02,9.28,,,,,,,,,,,,,,,
2025-04-10 18:51:18.526000+00:00,,,,,,,,,,,,-0.53,0.52,9.42,,,,,,,,,,,,,,,
2025-04-10 18:51:19.570000+00:00,,,,,,,,,,,,-0.75,0.71,9.48,,,,,,,,,,,,,,,
2025-04-10 18:51:20.623000+00:00,,,,,,,,,,,,-0.16,0.15,9.44,,,,,,,,,,,,,,,
2025-04-10 18:51:21.673000+00:00,,,,,,,,,,,,-0.64,0.1,9.36,,,,,,,,,,,,,,,
2025-04-10 18:51:22.717000+00:00,,,,,,,,,,,,-0.23,-0.07,9.41,,,,,,,,,,,,,,,
2025-04-10 18:51:23.762000+00:00,,,,,,,,,,,,0.0,0.19,9.33,,,,,,,,,,,,,,,
2025-04-10 18:51:24.802000+00:00,,,,,,,,,,,,-0.36,0.62,9.37,,,,,,,,,,,,,,,
2025-04-10 18:51:25.850000+00:00,,,,,,,,,,,,0.09,0.21,9.43,,,,,,,,,,,,,,,
2025-04-10 18:51:26.898000+00:00,,,,,,,,,,,,-0.46,0.15,9.4,,,,,,,,,,,,,,,
2025-04-10 18:51:27.932000+00:00,,,,,,,,,,,,-0.5,-0.28,9.43,,,,,,,,,,,,,,,
2025-04-10 18:51:28.979000+00:00,,,,,,,,,,,,-0.25,0.32,9.5,,,,,,,,,,,,,,,
2025-04-10 18:51:30.024000+00:00,,,,,,,,,,,,-0.56,0.78,9.4,,,,,,,,,,,,,,,
2025-04-10 18:51:31.073000+00:00,,,,,,,,,,,,-1.0,0.66,9.27,,,,,,,,,,,,,,,
2025-04-10 18:51:32.120000+00:00,,,,,,,,,,,,-0.41,0.69,9.42,,,,,,,,,,,,,,,
2025-04-10 18:51:33.171000+00:00,,,,,,,,,,,,-0.04,0.0,9.36,,,,,,,,,,,,,,,
2025-04-10 18:51:34.202000+00:00,,,,,,,,,,,,-0.79,0.42,9.36,,,,,,,,,,,,,,,
2025-04-10 18:51:35.237000+00:00,,,,,,,,,,,,-0.48,0.2,9.48,,,,,,,,,,,,,,,
2025-04-10 18:51:36.275000+00:00,,,,,,,,,,,,-0.15,-0.09,9.38,,,,,,,,,,,,,,,
2025-04-10 18:50:36.743000+00:00,,,,,,,,,,,,,,,-0.11,-0.13,-0.31,,,,,,,,,,,,
2025-04-10 18:50:37.795000+00:00,,,,,,,,,,,,,,,-0.03,0.22,-0.35,,,,,,,,,,,,
2025-04-10 18:50:38.852000+00:00,,,,,,,,,,,,,,,-0.09,0.18,-0.41,,,,,,,,,,,,
2025-04-10 18:50:39.900000+00:00,,,,,,,,,,,,,,,0.2,0.21,-0.37,,,,,,,,,,,,
2025-04-10 18:50:40.949000+00:00,,,,,,,,,,,,,,,0.26,-0.24,-0.22,,,,,,,,,,,,
2025-04-10 18:50:41.999000+00:00,,,,,,,,,,,,,,,-0.14,0.16,-0.38,,,,,,,,,,,,
2025-04-10 18:50:43.032000+00:00,,,,,,,,,,,,,,,0.09,0.33,-0.45,,,,,,,,,,,,
2025-04-10 18:50:44.066000+00:00,,,,,,,,,,,,,,,0.4,0.18,-0.34,,,,,,,,,,,,
2025-04-10 18:50:45.102000+00:00,,,,,,,,,,,,,,,0.08,0.0,-0.38,,,,,,,,,,,,
2025-04-10 18:50:46.142000+00:00,,,,,,,,,,,,,,,-0.33,0.02,-0.5,,,,,,,,,,,,
2025-04-10 18:50:47.175000+00:00,,,,,,,,,,,,,,,0.2,-0.19,-0.3,,,,,,,,,,,,
2025-04-10 18:50:48.207000+00:00,,,,,,,,,,,,,,,0.24,-0.26,-0.31,,,,,,,,,,,,
2025-04-10 18:50:49.239000+00:00,,,,,,,,,,,,,,,-0.04,0.26,-0.51,,,,,,,,,,,,
2025-04-10 18:50:50.284000+00:00,,,,,,,,,,,,,,,0.46,0.1,-0.31,,,,,,,,,,,,
2025-04-10 18:50:51.331000+00:00,,,,,,,,,,,,,,,-0.13,0.15,-0.27,,,,,,,,,,,,
2025-04-10 18:50:52.382000+00:00,,,,,,,,,,,,,,,-0.13,-0.12,-0.52,,,,,,,,,,,,
2025-04-10 18:50:53.426000+00:00,,,,,,,,,,,,,,,-0.35,0.08,-0.47,,,,,,,,,,,,
2025-04-10 18:50:54.460000+00:00,,,,,,,,,,,,,,,-0.33,-0.31,-0.56,,,,,,,,,,,,
2025-04-10 18:50:55.507000+00:00,,,,,,,,,,,,,,,0.08,0.06,-0.32,,,,,,,,,,,,
2025-04-10 18:50:56.556000+00:00,,,,,,,,,,,,,,,0.25,-0.12,-0.31,,,,,,,,,,,,
2025-04-10 18:50:57.607000+00:00,,,,,,,,,,,,,,,0.06,-0.06,-0.3,,,,,,,,,,,,
2025-04-10 18:50:58.658000+00:00,,,,,,,,,,,,,,,0.0,0.29,-0.39,,,,,,,,,,,,
2025-04-10 18:50:59.692000+00:00,,,,,,,,,,,,,,,0.18,0.31,-0.2,,,,,,,,,,,,
2025-04-10 18:51:00.743000+00:00,,,,,,,,,,,,,,,0.62,0.26,-0.26,,,,,,,,,,,,
2025-04-10 18:51:01.789000+00:00,,,,,,,,,,,,,,,-0.14,-0.49,-0.31,,,,,,,,,,,,
2025-04-10 18:51:02.828000+00:00,,,,,,,,,,,,,,,0.04,-0.18,-0.37,,,,,,,,,,,,
2025-04-10 18:51:03.873000+00:00,,,,,,,,,,,,,,,0.07,0.49,-0.39,,,,,,,,,,,,
2025-04-10 18:51:04.918000+00:00,,,,,,,,,,,,,,,0.45,-0.29,-0.39,,,,,,,,,,,,
2025-04-10 18:51:05.970000+00:00,,,,,,,,,,,,,,,-0.05,-0.12,-0.29,,,,,,,,,,,,
2025-04-10 18:51:07.017000+00:00,,,,,,,,,,,,,,,0.04,0.03,-0.38,,,,,,,,,,,,
2025-04-10 18:51:08.052000+00:00,,,,,,,,,,,,,,,0.27,-0.21,-0.4,,,,,,,,,,,,
2025-04-10 18:51:09.101000+00:00,,,,,,,,,,,,,,,0.22,-0.29,-0.26,,,,,,,,,,,,
2025-04-10 18:51:10.150000+00:00,,,,,,,,,,,,,,,0.29,-0.07,-0.22,,,,,,,,,,,,
2025-04-10 18:51:11.196000+00:00,,,,,,,,,,,,,,,0.31,0.12,-0.27,,,,,,,,,,,,
2025-04-10 18:51:12.244000+00:00,,,,,,,,,,,,,,,0.5,-0.35,-0.39,,,,,,,,,,,,
2025-04-10 18:51:13.289000+00:00,,,,,,,,,,,,,,,0.3,-0.39,-0.2,,,,,,,,,,,,
2025-04-10 18:51:14.338000+00:00,,,,,,,,,,,,,,,-0.15,0.21,-0.28,,,,,,,,,,,,
2025-04-10 18:51:15.388000+00:00,,,,,,,,,,,,,,,0.52,-0.02,-0.37,,,,,,,,,,,,
2025-04-10 18:51:16.436000+00:00,,,,,,,,,,,,,,,-0.12,-0.46,-0.42,,,,,,,,,,,,
2025-04-10 18:51:17.481000+00:00,,,,,,,,,,,,,,,0.15,-0.22,-0.5,,,,,,,,,,,,
2025-04-10 18:51:18.530000+00:00,,,,,,,,,,,,,,,-0.14,0.26,-0.37,,,,,,,,,,,,
2025-04-10 18:51:19.574000+00:00,,,,,,,,,,,,,,,-0.36,0.44,-0.31,,,,,,,,,,,,
2025-04-10 18:51:20.627000+00:00,,,,,,,,,,,,,,,0.0,-0.28,-0.47,,,,,,,,,,,,
2025-04-10 18:51:21.677000+00:00,,,,,,,,,,,,,,,-0.26,-0.15,-0.43,,,,,,,,,,,,
2025-04-10 18:51:22.721000+00:00,,,,,,,,,,,,,,,-0.22,-0.11,-0.3,,,,,,,,,,,,
2025-04-10 18:51:23.768000+00:00,,,,,,,,,,,,,,,0.36,-0.05,-0.45,,,,,,,,,,,,
2025-04-10 18:51:24.806000+00:00,,,,,,,,,,,,,,,0.0,0.36,-0.42,,,,,,,,,,,,
2025-04-10 18:51:25.855000+00:00,,,,,,,,,,,,,,,0.24,0.12,-0.28,,,,,,,,,,,,
2025-04-10 18:51:26.902000+00:00,,,,,,,,,,,,,,,0.04,-0.6,-0.43,,,,,,,,,,,,
2025-04-10 18:51:27.936000+00:00,,,,,,,,,,,,,,,-0.12,-0.55,-0.36,,,,,,,,,,,,
2025-04-10 18:51:28.983000+00:00,,,,,,,,,,,,,,,0.12,0.05,-0.29,,,,,,,,,,,,
2025-04-10 18:51:30.029000+00:00,,,,,,,,,,,,,,,-0.16,0.51,-0.39,,,,,,,,,,,,
2025-04-10 18:51:31.077000+00:00,,,,,,,,,,,,,,,-0.3,0.35,-0.25,,,,,,,,,,,,
2025-04-10 18:51:32.125000+00:00,,,,,,,,,,,,,,,-0.01,0.43,-0.37,,,,,,,,,,,,
2025-04-10 18:51:33.175000+00:00,,,,,,,,,,,,,,,0.36,-0.25,-0.42,,,,,,,,,,,,
2025-04-10 18:51:34.207000+00:00,,,,,,,,,,,,,,,0.08,0.0,-0.26,,,,,,,,,,,,
2025-04-10 18:51:35.241000+00:00,,,,,,,,,,,,,,,-0.38,-0.15,-0.36,,,,,,,,,,,,
2025-04-10 18:51:36.279000+00:00,,,,,,,,,,,,,,,0.07,-0.29,-0.46,,,,,,,,,,,,
2025-04-10 18:50:36.747000+00:00,,,,,,,,,,,,,,,,,,-0.4,0.24,,,,,,,,,,
2025-04-10 18:50:37.800000+00:00,,,,,,,,,,,,,,,,,,-0.4,0.25,9.79,,,,,,,,,
2025-04-10 18:50:38.858000+00:00,,,,,,,,,,,,,,,,,,-0.39,0.25,9.79,,,,,,,,,
2025-04-10 18:50:39.905000+00:00,,,,,,,,,,,,,,,,,,-0.39,0.25,9.79,,,,,,,,,
2025-04-10 18:50:40.955000+00:00,,,,,,,,,,,,,,,,,,-0.4,0.27,9.79,,,,,,,,,
2025-04-10 18:50:42.003000+00:00,,,,,,,,,,,,,,,,,,-0.4,0.27,9.79,,,,,,,,,
2025-04-10 18:50:43.037000+00:00,,,,,,,,,,,,,,,,,,-0.38,0.28,9.79,,,,,,,,,
2025-04-10 18:50:44.070000+00:00,,,,,,,,,,,,,,,,,,-0.36,0.28,9.79,,,,,,,,,
2025-04-10 18:50:45.106000+00:00,,,,,,,,,,,,,,,,,,-0.37,0.28,9.79,,,,,,,,,
2025-04-10 18:50:46.147000+00:00,,,,,,,,,,,,,,,,,,-0.37,0.28,9.79,,,,,,,,,
2025-04-10 18:50:47.178000+00:00,,,,,,,,,,,,,,,,,,-0.37,0.28,9.79,,,,,,,,,
2025-04-10 18:50:48.212000+00:00,,,,,,,,,,,,,,,,,,-0.36,0.27,9.79,,,,,,,,,
2025-04-10 18:50:49.242000+00:00,,,,,,,,,,,,,,,,,,-0.39,0.28,9.79,,,,,,,,,
2025-04-10 18:50:50.288000+00:00,,,,,,,,,,,,,,,,,,-0.38,0.29,9.79,,,,,,,,,
2025-04-10 18:50:51.335000+00:00,,,,,,,,,,,,,,,,,,-0.39,0.28,9.79,,,,,,,,,
2025-04-10 18:50:52.385000+00:00,,,,,,,,,,,,,,,,,,-0.38,0.27,9.79,,,,,,,,,
2025-04-10 18:50:53.431000+00:00,,,,,,,,,,,,,,,,,,-0.4,0.28,9.79,,,,,,,,,
2025-04-10 18:50:54.465000+00:00,,,,,,,,,,,,,,,,,,-0.39,0.27,9.79,,,,,,,,,
2025-04-10 18:50:55.512000+00:00,,,,,,,,,,,,,,,,,,-0.41,0.26,9.79,,,,,,,,,
2025-04-10 18:50:56.561000+00:00,,,,,,,,,,,,,,,,,,-0.39,0.26,9.79,,,,,,,,,
2025-04-10 18:50:57.612000+00:00,,,,,,,,,,,,,,,,,,-0.39,0.26,9.79,,,,,,,,,
2025-04-10 18:50:58.663000+00:00,,,,,,,,,,,,,,,,,,-0.39,0.26,9.79,,,,,,,,,
2025-04-10 18:50:59.697000+00:00,,,,,,,,,,,,,,,,,,-0.4,0.25,9.79,,,,,,,,,
2025-04-10 18:51:00.750000+00:00,,,,,,,,,,,,,,,,,,-0.4,0.27,9.79,,,,,,,,,
2025-04-10 18:51:01.794000+00:00,,,,,,,,,,,,,,,,,,-0.39,0.26,9.79,,,,,,,,,
2025-04-10 18:51:02.832000+00:00,,,,,,,,,,,,,,,,,,-0.4,0.26,9.79,,,,,,,,,
2025-04-10 18:51:03.878000+00:00,,,,,,,,,,,,,,,,,,-0.39,0.27,9.79,,,,,,,,,
2025-04-10 18:51:04.921000+00:00,,,,,,,,,,,,,,,,,,-0.39,0.27,9.79,,,,,,,,,
2025-04-10 18:51:05.973000+00:00,,,,,,,,,,,,,,,,,,-0.39,0.24,9.79,,,,,,,,,
2025-04-10 18:51:07.021000+00:00,,,,,,,,,,,,,,,,,,-0.39,0.25,9.79,,,,,,,,,
2025-04-10 18:51:08.057000+00:00,,,,,,,,,,,,,,,,,,-0.38,0.23,9.79,,,,,,,,,
2025-04-10 18:51:09.106000+00:00,,,,,,,,,,,,,,,,,,-0.38,0.24,9.79,,,,,,,,,
2025-04-10 18:51:10.154000+00:00,,,,,,,,,,,,,,,,,,-0.39,0.24,9.79,,,,,,,,,
2025-04-10 18:51:11.201000+00:00,,,,,,,,,,,,,,,,,,-0.4,0.24,9.79,,,,,,,,,
2025-04-10 18:51:12.249000+00:00,,,,,,,,,,,,,,,,,,-0.38,0.25,9.79,,,,,,,,,
2025-04-10 18:51:13.293000+00:00,,,,,,,,,,,,,,,,,,-0.36,0.24,9.79,,,,,,,,,
2025-04-10 18:51:14.343000+00:00,,,,,,,,,,,,,,,,,,-0.36,0.26,9.79,,,,,,,,,
2025-04-10 18:51:15.393000+00:00,,,,,,,,,,,,,,,,,,-0.37,0.26,9.79,,,,,,,,,
2025-04-10 18:51:16.441000+00:00,,,,,,,,,,,,,,,,,,-0.38,0.25,9.79,,,,,,,,,
2025-04-10 18:51:17.485000+00:00,,,,,,,,,,,,,,,,,,-0.38,0.25,9.79,,,,,,,,,
2025-04-10 18:51:18.534000+00:00,,,,,,,,,,,,,,,,,,-0.38,0.26,9.79,,,,,,,,,
2025-04-10 18:51:19.578000+00:00,,,,,,,,,,,,,,,,,,-0.39,0.27,9.79,,,,,,,,,
2025-04-10 18:51:20.631000+00:00,,,,,,,,,,,,,,,,,,-0.41,0.26,9.79,,,,,,,,,
2025-04-10 18:51:21.681000+00:00,,,,,,,,,,,,,,,,,,-0.38,0.26,9.79,,,,,,,,,
2025-04-10 18:51:22.725000+00:00,,,,,,,,,,,,,,,,,,-0.38,0.24,9.79,,,,,,,,,
2025-04-10 18:51:23.771000+00:00,,,,,,,,,,,,,,,,,,-0.36,0.25,9.79,,,,,,,,,
2025-04-10 18:51:24.810000+00:00,,,,,,,,,,,,,,,,,,-0.36,0.25,9.79,,,,,,,,,
2025-04-10 18:51:25.860000+00:00,,,,,,,,,,,,,,,,,,-0.36,0.27,9.79,,,,,,,,,
2025-04-10 18:51:26.907000+00:00,,,,,,,,,,,,,,,,,,-0.37,0.28,9.79,,,,,,,,,
2025-04-10 18:51:27.941000+00:00,,,,,,,,,,,,,,,,,,-0.37,0.26,9.79,,,,,,,,,
2025-04-10 18:51:28.987000+00:00,,,,,,,,,,,,,,,,,,-0.38,0.26,9.79,,,,,,,,,
2025-04-10 18:51:30.033000+00:00,,,,,,,,,,,,,,,,,,-0.39,0.26,9.79,,,,,,,,,
2025-04-10 18:51:31.082000+00:00,,,,,,,,,,,,,,,,,,-0.4,0.26,9.79,,,,,,,,,
2025-04-10 18:51:32.129000+00:00,,,,,,,,,,,,,,,,,,-0.39,0.25,9.79,,,,,,,,,
2025-04-10 18:51:33.180000+00:00,,,,,,,,,,,,,,,,,,-0.41,0.25,9.79,,,,,,,,,
2025-04-10 18:51:34.211000+00:00,,,,,,,,,,,,,,,,,,-0.38,0.25,9.79,,,,,,,,,
2025-04-10 18:51:35.246000+00:00,,,,,,,,,,,,,,,,,,-0.38,0.23,9.79,,,,,,,,,
2025-04-10 18:51:36.283000+00:00,,,,,,,,,,,,,,,,,,-0.39,0.21,9.79,,,,,,,,,
2025-04-10 18:50:36.889821+00:00,,,,,,,,,,,,,,,,,,,,,0.515,,,,,,,,
2025-04-10 18:50:37.915301+00:00,,,,,,,,,,,,,,,,,,,,,0.9475,,,,,,,,
2025-04-10 18:50:38.931299+00:00,,,,,,,,,,,,,,,,,,,,,0.71375,,,,,,,,
2025-04-10 18:50:39.945897+00:00,,,,,,,,,,,,,,,,,,,,,0.5750000000000001,,,,,,,,
2025-04-10 18:50:40.960047+00:00,,,,,,,,,,,,,,,,,,,,,0.865,,,,,,,,
2025-04-10 18:50:41.981206+00:00,,,,,,,,,,,,,,,,,,,,,0.9975,,,,,,,,
2025-04-10 18:50:43.009068+00:00,,,,,,,,,,,,,,,,,,,,,0.93,,,,,,,,
2025-04-10 18:50:44.033101+00:00,,,,,,,,,,,,,,,,,,,,,0.57375,,,,,,,,
2025-04-10 18:50:45.049909+00:00,,,,,,,,,,,,,,,,,,,,,0.7887500000000001,,,,,,,,
2025-04-10 18:50:46.078876+00:00,,,,,,,,,,,,,,,,,,,,,0.655,,,,,,,,
2025-04-10 18:50:47.107266+00:00,,,,,,,,,,,,,,,,,,,,,0.63125,,,,,,,,
2025-04-10 18:50:48.119913+00:00,,,,,,,,,,,,,,,,,,,,,0.84,,,,,,,,
2025-04-10 18:50:49.148168+00:00,,,,,,,,,,,,,,,,,,,,,0.735,,,,,,,,
2025-04-10 18:50:50.174456+00:00,,,,,,,,,,,,,,,,,,,,,0.65625,,,,,,,,
2025-04-10 18:50:51.199471+00:00,,,,,,,,,,,,,,,,,,,,,0.915,,,,,,,,
2025-04-10 18:50:52.228026+00:00,,,,,,,,,,,,,,,,,,,,,0.715,,,,,,,,
2025-04-10 18:50:53.240958+00:00,,,,,,,,,,,,,,,,,,,,,0.59375,,,,,,,,
2025-04-10 18:50:54.266456+00:00,,,,,,,,,,,,,,,,,,,,,0.9325,,,,,,,,
2025-04-10 18:50:55.293739+00:00,,,,,,,,,,,,,,,,,,,,,0.6525,,,,,,,,
2025-04-10 18:50:56.322460+00:00,,,,,,,,,,,,,,,,,,,,,0.56625,,,,,,,,
2025-04-10 18:50:57.348093+00:00,,,,,,,,,,,,,,,,,,,,,0.9475,,,,,,,,
2025-04-10 18:50:58.377163+00:00,,,,,,,,,,,,,,,,,,,,,0.81125,,,,,,,,
2025-04-10 18:50:59.401754+00:00,,,,,,,,,,,,,,,,,,,,,0.7000000000000001,,,,,,,,
2025-04-10 18:51:00.427867+00:00,,,,,,,,,,,,,,,,,,,,,0.4825,,,,,,,,
2025-04-10 18:51:01.444843+00:00,,,,,,,,,,,,,,,,,,,,,0.7275,,,,,,,,
2025-04-10 18:51:02.474881+00:00,,,,,,,,,,,,,,,,,,,,,0.7725,,,,,,,,
2025-04-10 18:51:03.502757+00:00,,,,,,,,,,,,,,,,,,,,,0.6275000000000001,,,,,,,,
2025-04-10 18:51:04.527613+00:00,,,,,,,,,,,,,,,,,,,,,0.45375,,,,,,,,
2025-04-10 18:51:05.540836+00:00,,,,,,,,,,,,,,,,,,,,,0.92,,,,,,,,
2025-04-10 18:51:06.554331+00:00,,,,,,,,,,,,,,,,,,,,,0.5575,,,,,,,,
2025-04-10 18:51:07.585034+00:00,,,,,,,,,,,,,,,,,,,,,0.4425,,,,,,,,
2025-04-10 18:51:08.615263+00:00,,,,,,,,,,,,,,,,,,,,,0.36875,,,,,,,,
2025-04-10 18:51:09.643279+00:00,,,,,,,,,,,,,,,,,,,,,0.7525000000000001,,,,,,,,
2025-04-10 18:51:10.670725+00:00,,,,,,,,,,,,,,,,,,,,,0.7275,,,,,,,,
2025-04-10 18:51:11.697882+00:00,,,,,,,,,,,,,,,,,,,,,0.58375,,,,,,,,
2025-04-10 18:51:12.721023+00:00,,,,,,,,,,,,,,,,,,,,,0.9725,,,,,,,,
2025-04-10 18:51:13.734237+00:00,,,,,,,,,,,,,,,,,,,,,0.9762500000000001,,,,,,,,
2025-04-10 18:51:14.758754+00:00,,,,,,,,,,,,,,,,,,,,,0.72,,,,,,,,
2025-04-10 18:51:15.783531+00:00,,,,,,,,,,,,,,,,,,,,,0.87875,,,,,,,,
2025-04-10 18:51:16.808417+00:00,,,,,,,,,,,,,,,,,,,,,1.06,,,,,,,,
2025-04-10 18:51:17.834769+00:00,,,,,,,,,,,,,,,,,,,,,0.95375,,,,,,,,
2025-04-10 18:51:18.859568+00:00,,,,,,,,,,,,,,,,,,,,,0.9137500000000001,,,,,,,,
2025-04-10 18:51:19.883040+00:00,,,,,,,,,,,,,,,,,,,,,0.925,,,,,,,,
2025-04-10 18:51:20.906463+00:00,,,,,,,,,,,,,,,,,,,,,0.68125,,,,,,,,
2025-04-10 18:51:21.930729+00:00,,,,,,,,,,,,,,,,,,,,,0.9912500000000001,,,,,,,,
2025-04-10 18:51:22.957417+00:00,,,,,,,,,,,,,,,,,,,,,0.8512500000000001,,,,,,,,
2025-04-10 18:51:23.982395+00:00,,,,,,,,,,,,,,,,,,,,,0.5325,,,,,,,,
2025-04-10 18:51:25.009162+00:00,,,,,,,,,,,,,,,,,,,,,0.89375,,,,,,,,
2025-04-10 18:51:26.033848+00:00,,,,,,,,,,,,,,,,,,,,,0.7212500000000001,,,,,,,,
2025-04-10 18:51:27.048491+00:00,,,,,,,,,,,,,,,,,,,,,0.51,,,,,,,,
2025-04-10 18:51:28.073822+00:00,,,,,,,,,,,,,,,,,,,,,0.81625,,,,,,,,
2025-04-10 18:51:29.097898+00:00,,,,,,,,,,,,,,,,,,,,,0.67625,,,,,,,,
2025-04-10 18:51:30.125073+00:00,,,,,,,,,,,,,,,,,,,,,0.5325,,,,,,,,
2025-04-10 18:51:31.137809+00:00,,,,,,,,,,,,,,,,,,,,,0.86375,,,,,,,,
2025-04-10 18:51:32.150640+00:00,,,,,,,,,,,,,,,,,,,,,0.88,,,,,,,,
2025-04-10 18:51:33.163582+00:00,,,,,,,,,,,,,,,,,,,,,0.80875,,,,,,,,
2025-04-10 18:51:34.176606+00:00,,,,,,,,,,,,,,,,,,,,,0.10250000000000001,,,,,,,,
2025-04-10 18:51:35.200233+00:00,,,,,,,,,,,,,,,,,,,,,0.17375000000000002,,,,,,,,
2025-04-10 18:51:36.223836+00:00,,,,,,,,,,,,,,,,,,,,,0.77875,,,,,,,,
2025-04-10 18:50:37.900213+00:00,,,,,,,,,,,,,,,,,,,,,,1.25,,,,,,,
2025-04-10 18:50:38.927207+00:00,,,,,,,,,,,,,,,,,,,,,,0.0,,,,,,,
2025-04-10 18:50:39.942427+00:00,,,,,,,,,,,,,,,,,,,,,,0.0,,,,,,,
2025-04-10 18:50:40.957102+00:00,,,,,,,,,,,,,,,,,,,,,,-1.25,,,,,,,
2025-04-10 18:50:41.970743+00:00,,,,,,,,,,,,,,,,,,,,,,-1.25,,,,,,,
2025-04-10 18:50:42.991109+00:00,,,,,,,,,,,,,,,,,,,,,,0.0,,,,,,,
2025-04-10 18:50:44.018668+00:00,,,,,,,,,,,,,,,,,,,,,,0.0,,,,,,,
2025-04-10 18:50:45.042324+00:00,,,,,,,,,,,,,,,,,,,,,,0.0,,,,,,,
2025-04-10 18:50:46.059401+00:00,,,,,,,,,,,,,,,,,,,,,,0.0,,,,,,,
2025-04-10 18:50:47.089329+00:00,,,,,,,,,,,,,,,,,,,,,,0.0,,,,,,,
2025-04-10 18:50:48.116492+00:00,,,,,,,,,,,,,,,,,,,,,,-2.5,,,,,,,
2025-04-10 18:50:49.129595+00:00,,,,,,,,,,,,,,,,,,,,,,-1.25,,,,,,,
2025-04-10 18:50:50.157649+00:00,,,,,,,,,,,,,,,,,,,,,,0.0,,,,,,,
2025-04-10 18:50:51.184336+00:00,,,,,,,,,,,,,,,,,,,,,,-1.25,,,,,,,
2025-04-10 18:50:52.209626+00:00,,,,,,,,,,,,,,,,,,,,,,0.0,,,,,,,
2025-04-10 18:50:53.237723+00:00,,,,,,,,,,,,,,,,,,,,,,0.0,,,,,,,
2025-04-10 18:50:54.250241+00:00,,,,,,,,,,,,,,,,,,,,,,0.0,,,,,,,
2025-04-10 18:50:55.276083+00:00,,,,,,,,,,,,,,,,,,,,,,1.25,,,,,,,
2025-04-10 18:50:56.303439+00:00,,,,,,,,,,,,,,,,,,,,,,0.0,,,,,,,
2025-04-10 18:50:57.332090+00:00,,,,,,,,,,,,,,,,,,,,,,2.5,,,,,,,
2025-04-10 18:50:58.357822+00:00,,,,,,,,,,,,,,,,,,,,,,-1.25,,,,,,,
2025-04-10 18:50:59.386739+00:00,,,,,,,,,,,,,,,,,,,,,,-1.25,,,,,,,
2025-04-10 18:51:00.412845+00:00,,,,,,,,,,,,,,,,,,,,,,1.25,,,,,,,
2025-04-10 18:51:01.437773+00:00,,,,,,,,,,,,,,,,,,,,,,0.0,,,,,,,
2025-04-10 18:51:02.455909+00:00,,,,,,,,,,,,,,,,,,,,,,0.0,,,,,,,
2025-04-10 18:51:03.484491+00:00,,,,,,,,,,,,,,,,,,,,,,1.25,,,,,,,
2025-04-10 18:51:04.513381+00:00,,,,,,,,,,,,,,,,,,,,,,-1.25,,,,,,,
2025-04-10 18:51:05.536737+00:00,,,,,,,,,,,,,,,,,,,,,,-1.25,,,,,,,
2025-04-10 18:51:06.551359+00:00,,,,,,,,,,,,,,,,,,,,,,-1.25,,,,,,,
2025-04-10 18:51:07.563510+00:00,,,,,,,,,,,,,,,,,,,,,,0.0,,,,,,,
2025-04-10 18:51:08.598257+00:00,,,,,,,,,,,,,,,,,,,,,,0.0,,,,,,,
2025-04-10 18:51:09.624705+00:00,,,,,,,,,,,,,,,,,,,,,,1.25,,,,,,,
2025-04-10 18:51:10.652465+00:00,,,,,,,,,,,,,,,,,,,,,,0.0,,,,,,,
2025-04-10 18:51:11.680016+00:00,,,,,,,,,,,,,,,,,,,,,,0.0,,,,,,,
2025-04-10 18:51:12.706950+00:00,,,,,,,,,,,,,,,,,,,,,,0.0,,,,,,,
2025-04-10 18:51:13.730090+00:00,,,,,,,,,,,,,,,,,,,,,,1.25,,,,,,,
2025-04-10 18:51:14.743539+00:00,,,,,,,,,,,,,,,,,,,,,,-1.25,,,,,,,
2025-04-10 18:51:15.768428+00:00,,,,,,,,,,,,,,,,,,,,,,1.25,,,,,,,
2025-04-10 18:51:16.792979+00:00,,,,,,,,,,,,,,,,,,,,,,1.25,,,,,,,
2025-04-10 18:51:17.817476+00:00,,,,,,,,,,,,,,,,,,,,,,0.0,,,,,,,
2025-04-10 18:51:18.844223+00:00,,,,,,,,,,,,,,,,,,,,,,0.0,,,,,,,
2025-04-10 18:51:19.868916+00:00,,,,,,,,,,,,,,,,,,,,,,0.0,,,,,,,
2025-04-10 18:51:20.892356+00:00,,,,,,,,,,,,,,,,,,,,,,0.0,,,,,,,
2025-04-10 18:51:21.915753+00:00,,,,,,,,,,,,,,,,,,,,,,0.0,,,,,,,
2025-04-10 18:51:22.939900+00:00,,,,,,,,,,,,,,,,,,,,,,0.0,,,,,,,
2025-04-10 18:51:23.966726+00:00,,,,,,,,,,,,,,,,,,,,,,-1.25,,,,,,,
2025-04-10 18:51:24.991598+00:00,,,,,,,,,,,,,,,,,,,,,,0.0,,,,,,,
2025-04-10 18:51:26.018449+00:00,,,,,,,,,,,,,,,,,,,,,,0.0,,,,,,,
2025-04-10 18:51:27.043247+00:00,,,,,,,,,,,,,,,,,,,,,,0.0,,,,,,,
2025-04-10 18:51:28.057543+00:00,,,,,,,,,,,,,,,,,,,,,,0.0,,,,,,,
2025-04-10 18:51:29.083056+00:00,,,,,,,,,,,,,,,,,,,,,,-1.25,,,,,,,
2025-04-10 18:51:30.107143+00:00,,,,,,,,,,,,,,,,,,,,,,-1.25,,,,,,,
2025-04-10 18:51:31.134190+00:00,,,,,,,,,,,,,,,,,,,,,,-1.25,,,,,,,
2025-04-10 18:51:32.146941+00:00,,,,,,,,,,,,,,,,,,,,,,-1.25,,,,,,,
2025-04-10 18:51:33.160172+00:00,,,,,,,,,,,,,,,,,,,,,,0.0,,,,,,,
2025-04-10 18:51:34.172563+00:00,,,,,,,,,,,,,,,,,,,,,,-1.25,,,,,,,
2025-04-10 18:51:35.186004+00:00,,,,,,,,,,,,,,,,,,,,,,0.0,,,,,,,
2025-04-10 18:51:36.209527+00:00,,,,,,,,,,,,,,,,,,,,,,-2.5,,,,,,,
2025-04-10 18:50:37.920817+00:00,,,,,,,,,,,,,,,,,,,,,,,0.0,,,,,,
2025-04-10 18:50:38.935281+00:00,,,,,,,,,,,,,,,,,,,,,,,0.0,,,,,,
2025-04-10 18:50:39.948703+00:00,,,,,,,,,,,,,,,,,,,,,,,0.0,,,,,,
2025-04-10 18:50:40.963843+00:00,,,,,,,,,,,,,,,,,,,,,,,0.0,,,,,,
2025-04-10 18:50:41.984485+00:00,,,,,,,,,,,,,,,,,,,,,,,0.0,,,,,,
2025-04-10 18:50:43.012094+00:00,,,,,,,,,,,,,,,,,,,,,,,0.0,,,,,,
2025-04-10 18:50:44.036019+00:00,,,,,,,,,,,,,,,,,,,,,,,0.0,,,,,,
2025-04-10 18:50:45.053138+00:00,,,,,,,,,,,,,,,,,,,,,,,0.0,,,,,,
2025-04-10 18:50:46.081947+00:00,,,,,,,,,,,,,,,,,,,,,,,0.0,,,,,,
2025-04-10 18:50:47.110120+00:00,,,,,,,,,,,,,,,,,,,,,,,0.0,,,,,,
2025-04-10 18:50:48.123037+00:00,,,,,,,,,,,,,,,,,,,,,,,0.0,,,,,,
2025-04-10 18:50:49.151146+00:00,,,,,,,,,,,,,,,,,,,,,,,0.0,,,,,,
2025-04-10 18:50:50.177578+00:00,,,,,,,,,,,,,,,,,,,,,,,0.0,,,,,,
2025-04-10 18:50:51.202986+00:00,,,,,,,,,,,,,,,,,,,,,,,0.0,,,,,,
2025-04-10 18:50:52.231251+00:00,,,,,,,,,,,,,,,,,,,,,,,0.0,,,,,,
2025-04-10 18:50:53.243754+00:00,,,,,,,,,,,,,,,,,,,,,,,0.0,,,,,,
2025-04-10 18:50:54.269630+00:00,,,,,,,,,,,,,,,,,,,,,,,0.0,,,,,,
2025-04-10 18:50:55.296861+00:00,,,,,,,,,,,,,,,,,,,,,,,0.0,,,,,,
2025-04-10 18:50:56.325482+00:00,,,,,,,,,,,,,,,,,,,,,,,0.0,,,,,,
2025-04-10 18:50:57.351238+00:00,,,,,,,,,,,,,,,,,,,,,,,0.0,,,,,,
2025-04-10 18:50:58.380305+00:00,,,,,,,,,,,,,,,,,,,,,,,0.0,,,,,,
2025-04-10 18:50:59.405073+00:00,,,,,,,,,,,,,,,,,,,,,,,0.0,,,,,,
2025-04-10 18:51:00.431036+00:00,,,,,,,,,,,,,,,,,,,,,,,0.0,,,,,,
2025-04-10 18:51:01.448763+00:00,,,,,,,,,,,,,,,,,,,,,,,0.0,,,,,,
2025-04-10 18:51:02.477835+00:00,,,,,,,,,,,,,,,,,,,,,,,0.0,,,,,,
2025-04-10 18:51:03.506477+00:00,,,,,,,,,,,,,,,,,,,,,,,0.0,,,,,,
2025-04-10 18:51:04.530456+00:00,,,,,,,,,,,,,,,,,,,,,,,0.0,,,,,,
2025-04-10 18:51:05.544711+00:00,,,,,,,,,,,,,,,,,,,,,,,0.0,,,,,,
2025-04-10 18:51:06.557146+00:00,,,,,,,,,,,,,,,,,,,,,,,0.0,,,,,,
2025-04-10 18:51:07.591881+00:00,,,,,,,,,,,,,,,,,,,,,,,0.0,,,,,,
2025-04-10 18:51:08.618307+00:00,,,,,,,,,,,,,,,,,,,,,,,0.0,,,,,,
2025-04-10 18:51:09.646292+00:00,,,,,,,,,,,,,,,,,,,,,,,0.0,,,,,,
2025-04-10 18:51:10.673617+00:00,,,,,,,,,,,,,,,,,,,,,,,0.0,,,,,,
2025-04-10 18:51:11.700738+00:00,,,,,,,,,,,,,,,,,,,,,,,0.0,,,,,,
2025-04-10 18:51:12.723970+00:00,,,,,,,,,,,,,,,,,,,,,,,0.0,,,,,,
2025-04-10 18:51:13.737290+00:00,,,,,,,,,,,,,,,,,,,,,,,0.0,,,,,,
2025-04-10 18:51:14.761976+00:00,,,,,,,,,,,,,,,,,,,,,,,0.0,,,,,,
2025-04-10 18:51:15.786664+00:00,,,,,,,,,,,,,,,,,,,,,,,0.0,,,,,,
2025-04-10 18:51:16.811195+00:00,,,,,,,,,,,,,,,,,,,,,,,0.0,,,,,,
2025-04-10 18:51:17.837890+00:00,,,,,,,,,,,,,,,,,,,,,,,0.0,,,,,,
2025-04-10 18:51:18.862605+00:00,,,,,,,,,,,,,,,,,,,,,,,0.0,,,,,,
2025-04-10 18:51:19.886032+00:00,,,,,,,,,,,,,,,,,,,,,,,0.0,,,,,,
2025-04-10 18:51:20.909333+00:00,,,,,,,,,,,,,,,,,,,,,,,0.0,,,,,,
2025-04-10 18:51:21.933597+00:00,,,,,,,,,,,,,,,,,,,,,,,0.0,,,,,,
2025-04-10 18:51:22.960371+00:00,,,,,,,,,,,,,,,,,,,,,,,0.0,,,,,,
2025-04-10 18:51:23.985239+00:00,,,,,,,,,,,,,,,,,,,,,,,0.0,,,,,,
2025-04-10 18:51:25.012109+00:00,,,,,,,,,,,,,,,,,,,,,,,0.0,,,,,,
2025-04-10 18:51:26.036866+00:00,,,,,,,,,,,,,,,,,,,,,,,0.0,,,,,,
2025-04-10 18:51:27.051245+00:00,,,,,,,,,,,,,,,,,,,,,,,0.0,,,,,,
2025-04-10 18:51:28.076739+00:00,,,,,,,,,,,,,,,,,,,,,,,0.0,,,,,,
2025-04-10 18:51:29.100892+00:00,,,,,,,,,,,,,,,,,,,,,,,0.0,,,,,,
2025-04-10 18:51:30.127883+00:00,,,,,,,,,,,,,,,,,,,,,,,0.0,,,,,,
2025-04-10 18:51:31.140608+00:00,,,,,,,,,,,,,,,,,,,,,,,0.0,,,,,,
2025-04-10 18:51:32.153738+00:00,,,,,,,,,,,,,,,,,,,,,,,0.0,,,,,,
2025-04-10 18:51:33.166292+00:00,,,,,,,,,,,,,,,,,,,,,,,0.0,,,,,,
2025-04-10 18:51:34.179687+00:00,,,,,,,,,,,,,,,,,,,,,,,0.0,,,,,,
2025-04-10 18:51:35.203084+00:00,,,,,,,,,,,,,,,,,,,,,,,0.0,,,,,,
2025-04-10 18:51:36.226830+00:00,,,,,,,,,,,,,,,,,,,,,,,0.0,,,,,,
2025-04-10 18:50:37.752715+00:00,,,,,,,,,,,,,,,,,,,,,,,,,4.2,,,,
2025-04-10 18:50:38.943304+00:00,,,,,,,,,,,,,,,,,,,,,,,,,4.2,,,,
2025-04-10 18:50:40.009013+00:00,,,,,,,,,,,,,,,,,,,,,,,,,4.2,,,,
2025-04-10 18:50:41.177629+00:00,,,,,,,,,,,,,,,,,,,,,,,,,4.2,,,,
2025-04-10 18:50:42.354217+00:00,,,,,,,,,,,,,,,,,,,,,,,,,4.2,,,,
2025-04-10 18:50:43.416436+00:00,,,,,,,,,,,,,,,,,,,,,,,,,4.2,,,,
2025-04-10 18:50:44.595735+00:00,,,,,,,,,,,,,,,,,,,,,,,,,4.2,,,,
2025-04-10 18:50:45.774300+00:00,,,,,,,,,,,,,,,,,,,,,,,,,4.3,,,,
2025-04-10 18:50:46.950562+00:00,,,,,,,,,,,,,,,,,,,,,,,,,4.3,,,,
2025-04-10 18:50:48.029112+00:00,,,,,,,,,,,,,,,,,,,,,,,,,4.3,,,,
2025-04-10 18:50:49.205591+00:00,,,,,,,,,,,,,,,,,,,,,,,,,4.3,,,,
2025-04-10 18:50:50.370718+00:00,,,,,,,,,,,,,,,,,,,,,,,,,4.3,,,,
2025-04-10 18:50:51.546211+00:00,,,,,,,,,,,,,,,,,,,,,,,,,4.4,,,,
2025-04-10 18:50:53.222773+00:00,,,,,,,,,,,,,,,,,,,,,,,,,4.4,,,,
2025-04-10 18:50:54.397196+00:00,,,,,,,,,,,,,,,,,,,,,,,,,4.7,,,,
2025-04-10 18:50:55.574333+00:00,,,,,,,,,,,,,,,,,,,,,,,,,4.7,,,,
2025-04-10 18:50:56.736658+00:00,,,,,,,,,,,,,,,,,,,,,,,,,4.7,,,,
2025-04-10 18:50:57.812384+00:00,,,,,,,,,,,,,,,,,,,,,,,,,4.4,,,,
2025-04-10 18:50:58.985177+00:00,,,,,,,,,,,,,,,,,,,,,,,,,4.4,,,,
2025-04-10 18:50:59.961234+00:00,,,,,,,,,,,,,,,,,,,,,,,,,4.4,,,,
2025-04-10 18:51:00.840247+00:00,,,,,,,,,,,,,,,,,,,,,,,,,4.4,,,,
2025-04-10 18:51:02.016939+00:00,,,,,,,,,,,,,,,,,,,,,,,,,4.4,,,,
2025-04-10 18:51:03.193607+00:00,,,,,,,,,,,,,,,,,,,,,,,,,4.1,,,,
2025-04-10 18:51:04.366271+00:00,,,,,,,,,,,,,,,,,,,,,,,,,4.1,,,,
2025-04-10 18:51:05.445715+00:00,,,,,,,,,,,,,,,,,,,,,,,,,4.1,,,,
2025-04-10 18:51:06.520960+00:00,,,,,,,,,,,,,,,,,,,,,,,,,4.0,,,,
2025-04-10 18:51:07.598729+00:00,,,,,,,,,,,,,,,,,,,,,,,,,4.0,,,,
2025-04-10 18:51:08.762229+00:00,,,,,,,,,,,,,,,,,,,,,,,,,4.0,,,,
2025-04-10 18:51:09.641372+00:00,,,,,,,,,,,,,,,,,,,,,,,,,4.1,,,,
2025-04-10 18:51:10.802130+00:00,,,,,,,,,,,,,,,,,,,,,,,,,4.1,,,,
2025-04-10 18:51:11.978675+00:00,,,,,,,,,,,,,,,,,,,,,,,,,4.2,,,,
2025-04-10 18:51:13.155626+00:00,,,,,,,,,,,,,,,,,,,,,,,,,4.2,,,,
2025-04-10 18:51:14.332048+00:00,,,,,,,,,,,,,,,,,,,,,,,,,4.2,,,,
2025-04-10 18:51:15.496493+00:00,,,,,,,,,,,,,,,,,,,,,,,,,4.1,,,,
2025-04-10 18:51:16.669368+00:00,,,,,,,,,,,,,,,,,,,,,,,,,4.1,,,,
2025-04-10 18:51:17.846209+00:00,,,,,,,,,,,,,,,,,,,,,,,,,4.1,,,,
2025-04-10 18:51:18.907772+00:00,,,,,,,,,,,,,,,,,,,,,,,,,4.2,,,,
2025-04-10 18:51:19.969580+00:00,,,,,,,,,,,,,,,,,,,,,,,,,4.2,,,,
2025-04-10 18:51:21.046820+00:00,,,,,,,,,,,,,,,,,,,,,,,,,4.2,,,,
2025-04-10 18:51:22.524819+00:00,,,,,,,,,,,,,,,,,,,,,,,,,4.2,,,,
2025-04-10 18:51:23.596278+00:00,,,,,,,,,,,,,,,,,,,,,,,,,4.2,,,,
2025-04-10 18:51:24.768893+00:00,,,,,,,,,,,,,,,,,,,,,,,,,4.3,,,,
2025-04-10 18:51:25.650586+00:00,,,,,,,,,,,,,,,,,,,,,,,,,4.3,,,,
2025-04-10 18:51:26.729882+00:00,,,,,,,,,,,,,,,,,,,,,,,,,4.3,,,,
2025-04-10 18:51:27.803731+00:00,,,,,,,,,,,,,,,,,,,,,,,,,4.1,,,,
2025-04-10 18:51:28.979805+00:00,,,,,,,,,,,,,,,,,,,,,,,,,4.1,,,,
2025-04-10 18:51:30.141473+00:00,,,,,,,,,,,,,,,,,,,,,,,,,4.2,,,,
2025-04-10 18:51:31.301920+00:00,,,,,,,,,,,,,,,,,,,,,,,,,4.2,,,,
2025-04-10 18:51:32.377747+00:00,,,,,,,,,,,,,,,,,,,,,,,,,4.2,,,,
2025-04-10 18:51:33.454534+00:00,,,,,,,,,,,,,,,,,,,,,,,,,4.4,,,,
2025-04-10 18:51:34.531024+00:00,,,,,,,,,,,,,,,,,,,,,,,,,4.4,,,,
2025-04-10 18:51:35.605537+00:00,,,,,,,,,,,,,,,,,,,,,,,,,4.4,,,,
2025-04-10 18:51:36.680336+00:00,,,,,,,,,,,,,,,,,,,,,,,,,4.3,,,,
2025-04-10 18:50:37.770595+00:00,,,,,,,,,,,,,,,,,,,,,,,,,,1.0,,,
2025-04-10 18:50:38.946962+00:00,,,,,,,,,,,,,,,,,,,,,,,,,,1.0,,,
2025-04-10 18:50:40.013223+00:00,,,,,,,,,,,,,,,,,,,,,,,,,,1.0,,,
2025-04-10 18:50:41.195577+00:00,,,,,,,,,,,,,,,,,,,,,,,,,,1.0,,,
2025-04-10 18:50:42.358544+00:00,,,,,,,,,,,,,,,,,,,,,,,,,,1.0,,,
2025-04-10 18:50:43.435476+00:00,,,,,,,,,,,,,,,,,,,,,,,,,,1.0,,,
2025-04-10 18:50:44.615512+00:00,,,,,,,,,,,,,,,,,,,,,,,,,,1.0,,,
2025-04-10 18:50:45.791301+00:00,,,,,,,,,,,,,,,,,,,,,,,,,,1.0,,,
2025-04-10 18:50:46.968267+00:00,,,,,,,,,,,,,,,,,,,,,,,,,,1.0,,,
2025-04-10 18:50:48.046269+00:00,,,,,,,,,,,,,,,,,,,,,,,,,,1.0,,,
2025-04-10 18:50:49.210557+00:00,,,,,,,,,,,,,,,,,,,,,,,,,,1.0,,,
2025-04-10 18:50:50.386563+00:00,,,,,,,,,,,,,,,,,,,,,,,,,,1.0,,,
2025-04-10 18:50:51.561030+00:00,,,,,,,,,,,,,,,,,,,,,,,,,,1.0,,,
2025-04-10 18:50:53.239202+00:00,,,,,,,,,,,,,,,,,,,,,,,,,,1.0,,,
2025-04-10 18:50:54.414686+00:00,,,,,,,,,,,,,,,,,,,,,,,,,,1.0,,,
2025-04-10 18:50:55.579007+00:00,,,,,,,,,,,,,,,,,,,,,,,,,,1.0,,,
2025-04-10 18:50:56.752226+00:00,,,,,,,,,,,,,,,,,,,,,,,,,,1.0,,,
2025-04-10 18:50:57.826873+00:00,,,,,,,,,,,,,,,,,,,,,,,,,,1.0,,,
2025-04-10 18:50:59.003290+00:00,,,,,,,,,,,,,,,,,,,,,,,,,,1.0,,,
2025-04-10 18:50:59.975661+00:00,,,,,,,,,,,,,,,,,,,,,,,,,,1.0,,,
2025-04-10 18:51:00.859056+00:00,,,,,,,,,,,,,,,,,,,,,,,,,,1.0,,,
2025-04-10 18:51:02.035378+00:00,,,,,,,,,,,,,,,,,,,,,,,,,,1.0,,,
2025-04-10 18:51:03.208051+00:00,,,,,,,,,,,,,,,,,,,,,,,,,,1.0,,,
2025-04-10 18:51:04.384872+00:00,,,,,,,,,,,,,,,,,,,,,,,,,,1.0,,,
2025-04-10 18:51:05.462237+00:00,,,,,,,,,,,,,,,,,,,,,,,,,,1.0,,,
2025-04-10 18:51:06.539833+00:00,,,,,,,,,,,,,,,,,,,,,,,,,,1.0,,,
2025-04-10 18:51:07.601943+00:00,,,,,,,,,,,,,,,,,,,,,,,,,,1.0,,,
2025-04-10 18:51:08.780598+00:00,,,,,,,,,,,,,,,,,,,,,,,,,,1.0,,,
2025-04-10 18:51:09.644757+00:00,,,,,,,,,,,,,,,,,,,,,,,,,,1.0,,,
2025-04-10 18:51:10.821243+00:00,,,,,,,,,,,,,,,,,,,,,,,,,,1.0,,,
2025-04-10 18:51:11.997559+00:00,,,,,,,,,,,,,,,,,,,,,,,,,,1.0,,,
2025-04-10 18:51:13.173186+00:00,,,,,,,,,,,,,,,,,,,,,,,,,,1.0,,,
2025-04-10 18:51:14.335003+00:00,,,,,,,,,,,,,,,,,,,,,,,,,,1.0,,,
2025-04-10 18:51:15.511867+00:00,,,,,,,,,,,,,,,,,,,,,,,,,,1.0,,,
2025-04-10 18:51:16.688396+00:00,,,,,,,,,,,,,,,,,,,,,,,,,,1.0,,,
2025-04-10 18:51:17.849353+00:00,,,,,,,,,,,,,,,,,,,,,,,,,,1.0,,,
2025-04-10 18:51:18.911655+00:00,,,,,,,,,,,,,,,,,,,,,,,,,,1.0,,,
2025-04-10 18:51:19.985803+00:00,,,,,,,,,,,,,,,,,,,,,,,,,,1.0,,,
2025-04-10 18:51:21.065887+00:00,,,,,,,,,,,,,,,,,,,,,,,,,,1.0,,,
2025-04-10 18:51:22.538755+00:00,,,,,,,,,,,,,,,,,,,,,,,,,,1.0,,,
2025-04-10 18:51:23.610483+00:00,,,,,,,,,,,,,,,,,,,,,,,,,,1.0,,,
2025-04-10 18:51:24.788349+00:00,,,,,,,,,,,,,,,,,,,,,,,,,,1.0,,,
2025-04-10 18:51:25.670787+00:00,,,,,,,,,,,,,,,,,,,,,,,,,,1.0,,,
2025-04-10 18:51:26.744581+00:00,,,,,,,,,,,,,,,,,,,,,,,,,,1.0,,,
2025-04-10 18:51:27.819141+00:00,,,,,,,,,,,,,,,,,,,,,,,,,,1.0,,,
2025-04-10 18:51:28.982834+00:00,,,,,,,,,,,,,,,,,,,,,,,,,,1.0,,,
2025-04-10 18:51:30.144949+00:00,,,,,,,,,,,,,,,,,,,,,,,,,,1.0,,,
2025-04-10 18:51:31.320006+00:00,,,,,,,,,,,,,,,,,,,,,,,,,,1.0,,,
2025-04-10 18:51:32.396682+00:00,,,,,,,,,,,,,,,,,,,,,,,,,,1.0,,,
2025-04-10 18:51:33.473318+00:00,,,,,,,,,,,,,,,,,,,,,,,,,,1.0,,,
2025-04-10 18:51:34.547241+00:00,,,,,,,,,,,,,,,,,,,,,,,,,,1.0,,,
2025-04-10 18:51:35.619852+00:00,,,,,,,,,,,,,,,,,,,,,,,,,,1.0,,,
2025-04-10 18:51:36.695383+00:00,,,,,,,,,,,,,,,,,,,,,,,,,,1.0,,,
2025-04-10 18:50:37.778279+00:00,,,,,,,,,,,,,,,,,,,,,,,,,,,65.17,,
2025-04-10 18:50:38.954794+00:00,,,,,,,,,,,,,,,,,,,,,,,,,,,65.17,,
2025-04-10 18:50:40.021693+00:00,,,,,,,,,,,,,,,,,,,,,,,,,,,65.17,,
2025-04-10 18:50:41.201906+00:00,,,,,,,,,,,,,,,,,,,,,,,,,,,65.17,,
2025-04-10 18:50:42.364014+00:00,,,,,,,,,,,,,,,,,,,,,,,,,,,65.17,,
2025-04-10 18:50:43.442399+00:00,,,,,,,,,,,,,,,,,,,,,,,,,,,65.17,,
2025-04-10 18:50:44.622035+00:00,,,,,,,,,,,,,,,,,,,,,,,,,,,65.17,,
2025-04-10 18:50:45.797347+00:00,,,,,,,,,,,,,,,,,,,,,,,,,,,65.17,,
2025-04-10 18:50:46.974435+00:00,,,,,,,,,,,,,,,,,,,,,,,,,,,65.17,,
2025-04-10 18:50:48.052885+00:00,,,,,,,,,,,,,,,,,,,,,,,,,,,65.17,,
2025-04-10 18:50:49.217635+00:00,,,,,,,,,,,,,,,,,,,,,,,,,,,65.17,,
2025-04-10 18:50:50.392376+00:00,,,,,,,,,,,,,,,,,,,,,,,,,,,65.17,,
2025-04-10 18:50:51.567201+00:00,,,,,,,,,,,,,,,,,,,,,,,,,,,65.17,,
2025-04-10 18:50:53.244924+00:00,,,,,,,,,,,,,,,,,,,,,,,,,,,65.06,,
2025-04-10 18:50:54.421010+00:00,,,,,,,,,,,,,,,,,,,,,,,,,,,65.06,,
2025-04-10 18:50:55.584772+00:00,,,,,,,,,,,,,,,,,,,,,,,,,,,65.06,,
2025-04-10 18:50:56.758606+00:00,,,,,,,,,,,,,,,,,,,,,,,,,,,65.06,,
2025-04-10 18:50:57.832820+00:00,,,,,,,,,,,,,,,,,,,,,,,,,,,65.06,,
2025-04-10 18:50:59.009997+00:00,,,,,,,,,,,,,,,,,,,,,,,,,,,65.06,,
2025-04-10 18:50:59.982873+00:00,,,,,,,,,,,,,,,,,,,,,,,,,,,65.06,,
2025-04-10 18:51:00.865238+00:00,,,,,,,,,,,,,,,,,,,,,,,,,,,65.06,,
2025-04-10 18:51:02.041386+00:00,,,,,,,,,,,,,,,,,,,,,,,,,,,65.06,,
2025-04-10 18:51:03.214241+00:00,,,,,,,,,,,,,,,,,,,,,,,,,,,65.06,,
2025-04-10 18:51:04.390821+00:00,,,,,,,,,,,,,,,,,,,,,,,,,,,65.06,,
2025-04-10 18:51:05.469018+00:00,,,,,,,,,,,,,,,,,,,,,,,,,,,65.06,,
2025-04-10 18:51:06.546052+00:00,,,,,,,,,,,,,,,,,,,,,,,,,,,65.06,,
2025-04-10 18:51:07.607657+00:00,,,,,,,,,,,,,,,,,,,,,,,,,,,65.06,,
2025-04-10 18:51:08.786856+00:00,,,,,,,,,,,,,,,,,,,,,,,,,,,65.06,,
2025-04-10 18:51:09.650138+00:00,,,,,,,,,,,,,,,,,,,,,,,,,,,65.06,,
2025-04-10 18:51:10.827123+00:00,,,,,,,,,,,,,,,,,,,,,,,,,,,65.06,,
2025-04-10 18:51:12.003343+00:00,,,,,,,,,,,,,,,,,,,,,,,,,,,65.06,,
2025-04-10 18:51:13.178953+00:00,,,,,,,,,,,,,,,,,,,,,,,,,,,65.06,,
2025-04-10 18:51:14.340648+00:00,,,,,,,,,,,,,,,,,,,,,,,,,,,65.06,,
2025-04-10 18:51:15.517927+00:00,,,,,,,,,,,,,,,,,,,,,,,,,,,65.06,,
2025-04-10 18:51:16.694511+00:00,,,,,,,,,,,,,,,,,,,,,,,,,,,65.06,,
2025-04-10 18:51:17.854704+00:00,,,,,,,,,,,,,,,,,,,,,,,,,,,65.06,,
2025-04-10 18:51:18.917591+00:00,,,,,,,,,,,,,,,,,,,,,,,,,,,65.06,,
2025-04-10 18:51:19.991965+00:00,,,,,,,,,,,,,,,,,,,,,,,,,,,65.06,,
2025-04-10 18:51:21.071917+00:00,,,,,,,,,,,,,,,,,,,,,,,,,,,65.06,,
2025-04-10 18:51:22.544102+00:00,,,,,,,,,,,,,,,,,,,,,,,,,,,65.06,,
2025-04-10 18:51:23.616736+00:00,,,,,,,,,,,,,,,,,,,,,,,,,,,65.07,,
2025-04-10 18:51:24.795123+00:00,,,,,,,,,,,,,,,,,,,,,,,,,,,65.07,,
2025-04-10 18:51:25.677573+00:00,,,,,,,,,,,,,,,,,,,,,,,,,,,65.07,,
2025-04-10 18:51:26.750769+00:00,,,,,,,,,,,,,,,,,,,,,,,,,,,65.07,,
2025-04-10 18:51:27.825091+00:00,,,,,,,,,,,,,,,,,,,,,,,,,,,65.07,,
2025-04-10 18:51:28.988422+00:00,,,,,,,,,,,,,,,,,,,,,,,,,,,65.07,,
2025-04-10 18:51:30.150142+00:00,,,,,,,,,,,,,,,,,,,,,,,,,,,65.07,,
2025-04-10 18:51:31.326354+00:00,,,,,,,,,,,,,,,,,,,,,,,,,,,65.07,,
2025-04-10 18:51:32.402931+00:00,,,,,,,,,,,,,,,,,,,,,,,,,,,65.07,,
2025-04-10 18:51:33.479473+00:00,,,,,,,,,,,,,,,,,,,,,,,,,,,65.07,,
2025-04-10 18:51:34.553225+00:00,,,,,,,,,,,,,,,,,,,,,,,,,,,65.07,,
2025-04-10 18:51:35.627153+00:00,,,,,,,,,,,,,,,,,,,,,,,,,,,65.07,,
2025-04-10 18:51:36.701917+00:00,,,,,,,,,,,,,,,,,,,,,,,,,,,65.07,,
2025-04-10 18:50:37.781764+00:00,,,,,,,,,,,,,,,,,,,,,,,,,,,,1020.49,
2025-04-10 18:50:38.957571+00:00,,,,,,,,,,,,,,,,,,,,,,,,,,,,1020.49,
2025-04-10 18:50:40.026233+00:00,,,,,,,,,,,,,,,,,,,,,,,,,,,,1020.49,
2025-04-10 18:50:41.204643+00:00,,,,,,,,,,,,,,,,,,,,,,,,,,,,1020.49,
2025-04-10 18:50:42.366808+00:00,,,,,,,,,,,,,,,,,,,,,,,,,,,,1020.49,
2025-04-10 18:50:43.445298+00:00,,,,,,,,,,,,,,,,,,,,,,,,,,,,1020.49,
2025-04-10 18:50:44.624751+00:00,,,,,,,,,,,,,,,,,,,,,,,,,,,,1020.49,
2025-04-10 18:50:45.799957+00:00,,,,,,,,,,,,,,,,,,,,,,,,,,,,1020.49,
2025-04-10 18:50:46.977144+00:00,,,,,,,,,,,,,,,,,,,,,,,,,,,,1020.49,
2025-04-10 18:50:48.055688+00:00,,,,,,,,,,,,,,,,,,,,,,,,,,,,1020.49,
2025-04-10 18:50:49.220338+00:00,,,,,,,,,,,,,,,,,,,,,,,,,,,,1020.49,
2025-04-10 18:50:50.394887+00:00,,,,,,,,,,,,,,,,,,,,,,,,,,,,1020.49,
2025-04-10 18:50:51.569856+00:00,,,,,,,,,,,,,,,,,,,,,,,,,,,,1020.49,
2025-04-10 18:50:53.247731+00:00,,,,,,,,,,,,,,,,,,,,,,,,,,,,1020.49,
2025-04-10 18:50:54.423742+00:00,,,,,,,,,,,,,,,,,,,,,,,,,,,,1020.49,
2025-04-10 18:50:55.587398+00:00,,,,,,,,,,,,,,,,,,,,,,,,,,,,1020.49,
2025-04-10 18:50:56.761248+00:00,,,,,,,,,,,,,,,,,,,,,,,,,,,,1020.49,
2025-04-10 18:50:57.835476+00:00,,,,,,,,,,,,,,,,,,,,,,,,,,,,1020.49,
2025-04-10 18:50:59.012708+00:00,,,,,,,,,,,,,,,,,,,,,,,,,,,,1020.49,
2025-04-10 18:50:59.985780+00:00,,,,,,,,,,,,,,,,,,,,,,,,,,,,1020.49,
2025-04-10 18:51:00.867801+00:00,,,,,,,,,,,,,,,,,,,,,,,,,,,,1020.49,
2025-04-10 18:51:02.044050+00:00,,,,,,,,,,,,,,,,,,,,,,,,,,,,1020.49,
2025-04-10 18:51:03.216785+00:00,,,,,,,,,,,,,,,,,,,,,,,,,,,,1020.49,
2025-04-10 18:51:04.393582+00:00,,,,,,,,,,,,,,,,,,,,,,,,,,,,1020.49,
2025-04-10 18:51:05.471813+00:00,,,,,,,,,,,,,,,,,,,,,,,,,,,,1020.49,
2025-04-10 18:51:06.548834+00:00,,,,,,,,,,,,,,,,,,,,,,,,,,,,1020.49,
2025-04-10 18:51:07.610477+00:00,,,,,,,,,,,,,,,,,,,,,,,,,,,,1020.49,
2025-04-10 18:51:08.789697+00:00,,,,,,,,,,,,,,,,,,,,,,,,,,,,1020.49,
2025-04-10 18:51:09.652695+00:00,,,,,,,,,,,,,,,,,,,,,,,,,,,,1020.49,
2025-04-10 18:51:10.829603+00:00,,,,,,,,,,,,,,,,,,,,,,,,,,,,1020.49,
2025-04-10 18:51:12.005832+00:00,,,,,,,,,,,,,,,,,,,,,,,,,,,,1020.49,
2025-04-10 18:51:13.181509+00:00,,,,,,,,,,,,,,,,,,,,,,,,,,,,1020.49,
2025-04-10 18:51:14.343658+00:00,,,,,,,,,,,,,,,,,,,,,,,,,,,,1020.49,
2025-04-10 18:51:15.520449+00:00,,,,,,,,,,,,,,,,,,,,,,,,,,,,1020.49,
2025-04-10 18:51:16.696996+00:00,,,,,,,,,,,,,,,,,,,,,,,,,,,,1020.49,
2025-04-10 18:51:17.857268+00:00,,,,,,,,,,,,,,,,,,,,,,,,,,,,1020.49,
2025-04-10 18:51:18.920390+00:00,,,,,,,,,,,,,,,,,,,,,,,,,,,,1020.49,
2025-04-10 18:51:19.994792+00:00,,,,,,,,,,,,,,,,,,,,,,,,,,,,1020.49,
2025-04-10 18:51:21.074457+00:00,,,,,,,,,,,,,,,,,,,,,,,,,,,,1020.49,
2025-04-10 18:51:22.546678+00:00,,,,,,,,,,,,,,,,,,,,,,,,,,,,1020.49,
2025-04-10 18:51:23.619278+00:00,,,,,,,,,,,,,,,,,,,,,,,,,,,,1020.45,
2025-04-10 18:51:24.797827+00:00,,,,,,,,,,,,,,,,,,,,,,,,,,,,1020.45,
2025-04-10 18:51:25.680366+00:00,,,,,,,,,,,,,,,,,,,,,,,,,,,,1020.45,
2025-04-10 18:51:26.753475+00:00,,,,,,,,,,,,,,,,,,,,,,,,,,,,1020.45,
2025-04-10 18:51:27.827719+00:00,,,,,,,,,,,,,,,,,,,,,,,,,,,,1020.45,
2025-04-10 18:51:28.991094+00:00,,,,,,,,,,,,,,,,,,,,,,,,,,,,1020.45,
2025-04-10 18:51:30.152721+00:00,,,,,,,,,,,,,,,,,,,,,,,,,,,,1020.45,
2025-04-10 18:51:31.328976+00:00,,,,,,,,,,,,,,,,,,,,,,,,,,,,1020.45,
2025-04-10 18:51:32.405652+00:00,,,,,,,,,,,,,,,,,,,,,,,,,,,,1020.45,
2025-04-10 18:51:33.482040+00:00,,,,,,,,,,,,,,,,,,,,,,,,,,,,1020.45,
2025-04-10 18:51:34.556112+00:00,,,,,,,,,,,,,,,,,,,,,,,,,,,,1020.45,
2025-04-10 18:51:35.630058+00:00,,,,,,,,,,,,,,,,,,,,,,,,,,,,1020.45,
2025-04-10 18:51:36.704949+00:00,,,,,,,,,,,,,,,,,,,,,,,,,,,,1020.45,
2025-04-10 18:50:37.786774+00:00,,,,,,,,,,,,,,,,,,,,,,,,,,,,,-45.34
2025-04-10 18:50:38.960196+00:00,,,,,,,,,,,,,,,,,,,,,,,,,,,,,-45.34
2025-04-10 18:50:40.029755+00:00,,,,,,,,,,,,,,,,,,,,,,,,,,,,,-45.34
2025-04-10 18:50:41.207231+00:00,,,,,,,,,,,,,,,,,,,,,,,,,,,,,-45.34
2025-04-10 18:50:42.369436+00:00,,,,,,,,,,,,,,,,,,,,,,,,,,,,,-45.34
2025-04-10 18:50:43.447989+00:00,,,,,,,,,,,,,,,,,,,,,,,,,,,,,-45.34
2025-04-10 18:50:44.627260+00:00,,,,,,,,,,,,,,,,,,,,,,,,,,,,,-45.34
2025-04-10 18:50:45.802632+00:00,,,,,,,,,,,,,,,,,,,,,,,,,,,,,-45.34
2025-04-10 18:50:46.979808+00:00,,,,,,,,,,,,,,,,,,,,,,,,,,,,,-45.34
2025-04-10 18:50:48.058445+00:00,,,,,,,,,,,,,,,,,,,,,,,,,,,,,-45.34
2025-04-10 18:50:49.222924+00:00,,,,,,,,,,,,,,,,,,,,,,,,,,,,,-45.34
2025-04-10 18:50:50.397472+00:00,,,,,,,,,,,,,,,,,,,,,,,,,,,,,-45.34
2025-04-10 18:50:51.572344+00:00,,,,,,,,,,,,,,,,,,,,,,,,,,,,,-45.34
2025-04-10 18:50:53.250555+00:00,,,,,,,,,,,,,,,,,,,,,,,,,,,,,-45.7
2025-04-10 18:50:54.426523+00:00,,,,,,,,,,,,,,,,,,,,,,,,,,,,,-45.7
2025-04-10 18:50:55.589911+00:00,,,,,,,,,,,,,,,,,,,,,,,,,,,,,-45.7
2025-04-10 18:50:56.763840+00:00,,,,,,,,,,,,,,,,,,,,,,,,,,,,,-45.7
2025-04-10 18:50:57.838036+00:00,,,,,,,,,,,,,,,,,,,,,,,,,,,,,-45.7
2025-04-10 18:50:59.015325+00:00,,,,,,,,,,,,,,,,,,,,,,,,,,,,,-45.7
2025-04-10 18:50:59.988585+00:00,,,,,,,,,,,,,,,,,,,,,,,,,,,,,-45.7
2025-04-10 18:51:00.870219+00:00,,,,,,,,,,,,,,,,,,,,,,,,,,,,,-45.7
2025-04-10 18:51:02.046706+00:00,,,,,,,,,,,,,,,,,,,,,,,,,,,,,-45.7
2025-04-10 18:51:03.219398+00:00,,,,,,,,,,,,,,,,,,,,,,,,,,,,,-45.7
2025-04-10 18:51:04.396337+00:00,,,,,,,,,,,,,,,,,,,,,,,,,,,,,-45.7
2025-04-10 18:51:05.474416+00:00,,,,,,,,,,,,,,,,,,,,,,,,,,,,,-45.7
2025-04-10 18:51:06.551463+00:00,,,,,,,,,,,,,,,,,,,,,,,,,,,,,-45.7
2025-04-10 18:51:07.613333+00:00,,,,,,,,,,,,,,,,,,,,,,,,,,,,,-45.7
2025-04-10 18:51:08.792284+00:00,,,,,,,,,,,,,,,,,,,,,,,,,,,,,-45.7
2025-04-10 18:51:09.655300+00:00,,,,,,,,,,,,,,,,,,,,,,,,,,,,,-45.7
2025-04-10 18:51:10.832124+00:00,,,,,,,,,,,,,,,,,,,,,,,,,,,,,-45.7
2025-04-10 18:51:12.008453+00:00,,,,,,,,,,,,,,,,,,,,,,,,,,,,,-45.7
2025-04-10 18:51:13.184121+00:00,,,,,,,,,,,,,,,,,,,,,,,,,,,,,-45.7
2025-04-10 18:51:14.346584+00:00,,,,,,,,,,,,,,,,,,,,,,,,,,,,,-45.7
2025-04-10 18:51:15.522830+00:00,,,,,,,,,,,,,,,,,,,,,,,,,,,,,-45.7
2025-04-10 18:51:16.699590+00:00,,,,,,,,,,,,,,,,,,,,,,,,,,,,,-45.7
2025-04-10 18:51:17.859832+00:00,,,,,,,,,,,,,,,,,,,,,,,,,,,,,-45.7
2025-04-10 18:51:18.923251+00:00,,,,,,,,,,,,,,,,,,,,,,,,,,,,,-45.7
2025-04-10 18:51:19.997293+00:00,,,,,,,,,,,,,,,,,,,,,,,,,,,,,-45.7
2025-04-10 18:51:21.076919+00:00,,,,,,,,,,,,,,,,,,,,,,,,,,,,,-45.7
2025-04-10 18:51:22.549391+00:00,,,,,,,,,,,,,,,,,,,,,,,,,,,,,-45.7
2025-04-10 18:51:23.621815+00:00,,,,,,,,,,,,,,,,,,,,,,,,,,,,,-45.45
2025-04-10 18:51:24.800439+00:00,,,,,,,,,,,,,,,,,,,,,,,,,,,,,-45.45
2025-04-10 18:51:25.683208+00:00,,,,,,,,,,,,,,,,,,,,,,,,,,,,,-45.45
2025-04-10 18:51:26.756087+00:00,,,,,,,,,,,,,,,,,,,,,,,,,,,,,-45.45
2025-04-10 18:51:27.830233+00:00,,,,,,,,,,,,,,,,,,,,,,,,,,,,,-45.45
2025-04-10 18:51:28.993771+00:00,,,,,,,,,,,,,,,,,,,,,,,,,,,,,-45.45
2025-04-10 18:51:30.155295+00:00,,,,,,,,,,,,,,,,,,,,,,,,,,,,,-45.45
2025-04-10 18:51:31.331554+00:00,,,,,,,,,,,,,,,,,,,,,,,,,,,,,-45.45
2025-04-10 18:51:32.408263+00:00,,,,,,,,,,,,,,,,,,,,,,,,,,,,,-45.45
2025-04-10 18:51:33.484640+00:00,,,,,,,,,,,,,,,,,,,,,,,,,,,,,-45.45
2025-04-10 18:51:34.558817+00:00,,,,,,,,,,,,,,,,,,,,,,,,,,,,,-45.45
2025-04-10 18:51:35.632832+00:00,,,,,,,,,,,,,,,,,,,,,,,,,,,,,-45.45
2025-04-10 18:51:36.707777+00:00,,,,,,,,,,,,,,,,,,,,,,,,,,,,,-45.45
