,rpm_value,blade_60,blade_45,blade_30,blade_15,orientation_heading,orientation_roll,orientation_pitch,temperature_value,magnetometer_mx,magnetometer_my,magnetometer_mz,gyroscope_gx,gyroscope_gy,gyroscope_gz,accelerometer_ax,accelerometer_ay,accelerometer_az,linear_acceleration_lx,linear_acceleration_ly,linear_acceleration_lz,gravity_grx,gravity_gry,gravity_grz,voltage_value,current_value,power_value,servo_value,speed_value,direction_value,pressure_value,humidity_value,altitude_value,alignment_0,alignment_45
2024-11-29 18:25:13.650000+00:00,49.61673732,0,0,0,1,8.562,-1.625,0.625,,-130.562,-6.75,-45.875,0.027,-0.008,-0.003,-0.83,0.15,9.43,-0.51,0.29,-0.36,-0.32,-0.14,9.8,1.9425,8.75,10,0,12,-1,,,,1,0
2024-11-29 18:25:14.649000+00:00,50.64103992,0,0,0,1,8.562,-1.625,0.625,,-130.562,-6.75,-45.875,0.027,-0.008,-0.003,-0.83,0.15,9.43,-0.51,0.29,-0.36,-0.32,-0.14,9.8,1.9425,8.75,10,0,12,-1,,,,1,0
2024-11-29 18:25:15.405000+00:00,51.47359505,0,0,0,1,8.562,-1.625,0.625,,-130.562,-6.75,-45.875,0.027,-0.008,-0.003,-0.83,0.15,9.43,-0.51,0.29,-0.36,-0.32,-0.14,9.8,1.9425,8.75,10,0,12,-1,,,,1,0
2024-11-29 18:25:16.306000+00:00,52.0790627,0,0,0,1,8.562,-1.625,0.625,,-130.562,-6.75,-45.875,0.027,-0.008,-0.003,-0.83,0.15,9.43,-0.51,0.29,-0.36,-0.32,-0.14,9.8,1.9425,8.75,10,0,12,-1,,,,1,0
2024-11-29 18:25:17.307000+00:00,52.35160475,0,0,0,1,8.562,-1.625,0.625,,-130.562,-6.75,-45.875,0.027,-0.008,-0.003,-0.83,0.15,9.43,-0.51,0.29,-0.36,-0.32,-0.14,9.8,1.9425,8.75,10,0,12,-1,,,,1,0
2024-11-29 18:25:18.208000+00:00,53.18393684,0,0,0,1,8.562,-1.625,0.625,,-130.562,-6.75,-45.875,0.027,-0.008,-0.003,-0.83,0.15,9.43,-0.51,0.29,-0.36,-0.32,-0.14,9.8,1.9425,8.75,10,0,12,-1,,,,1,0
2024-11-29 18:25:19.109000+00:00,53.78940169,0,0,0,1,8.562,-1.625,0.625,,-130.562,-6.75,-45.875,0.027,-0.008,-0.003,-0.83,0.15,9.43,-0.51,0.29,-0.36,-0.32,-0.14,9.8,1.9425,8.75,10,0,12,-1,,,,1,0
2024-11-29 18:25:20.068000+00:00,54.81370452,0,0,0,1,8.562,-1.625,0.625,,-130.562,-6.75,-45.875,0.027,-0.008,-0.003,-0.83,0.15,9.43,-0.51,0.29,-0.36,-0.32,-0.14,9.8,1.9425,8.75,10,0,12,-1,,,,1,0
2024-11-29 18:25:21.072000+00:00,55.83808372,0,0,0,1,8.562,-1.625,0.625,,-130.562,-6.75,-45.875,0.027,-0.008,-0.003,-0.83,0.15,9.43,-0.51,0.29,-0.36,-0.32,-0.14,9.8,1.9425,8.75,10,0,12,-1,,,,1,0
2024-11-29 18:25:22.089000+00:00,56.8627481,0,0,0,1,8.562,-1.625,0.625,,-130.562,-6.75,-45.875,0.027,-0.008,-0.003,-0.83,0.15,9.43,-0.51,0.29,-0.36,-0.32,-0.14,9.8,1.9425,8.75,10,0,12,-1,,,,1,0
2024-11-29 18:25:23.099000+00:00,57.55433406,0,0,0,1,8.562,-1.625,0.625,,-130.562,-6.75,-45.875,0.027,-0.008,-0.003,-0.83,0.15,9.43,-0.51,0.29,-0.36,-0.32,-0.14,9.8,1.9425,8.75,10,0,12,-1,,,,1,0
2024-11-29 18:25:23.714000+00:00,58.38706741,0,0,0,1,8.562,-1.625,0.625,,-130.562,-6.75,-45.875,0.027,-0.008,-0.003,-0.83,0.15,9.43,-0.51,0.29,-0.36,-0.32,-0.14,9.8,1.9425,8.75,10,0,12,-1,,,,1,0
2024-11-29 18:25:24.714000+00:00,58.88696157,0,0,0,1,8.562,-1.625,0.625,,-130.562,-6.75,-45.875,0.027,-0.008,-0.003,-0.83,0.15,9.43,-0.51,0.29,-0.36,-0.32,-0.14,9.8,1.9425,8.75,10,0,12,-1,,,,1,0
2024-11-29 18:25:25.688000+00:00,59.71926011,0,0,0,1,8.562,-1.625,0.625,,-130.562,-6.75,-45.875,0.027,-0.008,-0.003,-0.83,0.15,9.43,-0.51,0.29,-0.36,-0.32,-0.14,9.8,1.9425,8.75,10,0,12,-1,,,,1,0
2024-11-29 18:25:27.516000+00:00,58.79910462,0,0,0,1,8.562,-1.625,0.625,,-130.562,-6.75,-45.875,0.027,-0.008,-0.003,-0.83,0.15,9.43,-0.51,0.29,-0.36,-0.32,-0.14,9.8,1.9425,8.75,10,0,12,-1,,,,1,0
2024-11-29 18:25:28.417000+00:00,59.82372786,0,0,0,1,8.562,-1.625,0.625,,-130.562,-6.75,-45.875,0.027,-0.008,-0.003,-0.83,0.15,9.43,-0.51,0.29,-0.36,-0.32,-0.14,9.8,1.9425,8.75,10,0,12,-1,,,,1,0
2024-11-29 18:25:29.318000+00:00,60.6560957,0,0,0,1,8.562,-1.625,0.625,,-130.562,-6.75,-45.875,0.027,-0.008,-0.003,-0.83,0.15,9.43,-0.51,0.29,-0.36,-0.32,-0.14,9.8,1.9425,8.75,10,0,12,-1,,,,1,0
2024-11-29 18:25:31.171000+00:00,59.59671926,0,0,0,1,8.562,-1.625,0.625,,-130.562,-6.75,-45.875,0.027,-0.008,-0.003,-0.83,0.15,9.43,-0.51,0.29,-0.36,-0.32,-0.14,9.8,1.9425,8.75,10,0,12,-1,,,,1,0
2024-11-29 18:25:32.181000+00:00,59.92937787,0,0,0,1,8.562,-1.625,0.625,,-130.562,-6.75,-45.875,0.027,-0.008,-0.003,-0.83,0.15,9.43,-0.51,0.29,-0.36,-0.32,-0.14,9.8,1.9425,8.75,10,0,12,-1,,,,1,0
2024-11-29 18:25:33.181000+00:00,62.18906139,0,0,0,1,8.562,-1.625,0.625,,-130.562,-6.75,-45.875,0.027,-0.008,-0.003,-0.83,0.15,9.43,-0.51,0.29,-0.36,-0.32,-0.14,9.8,1.9425,8.75,10,0,12,-1,,,,1,0
2024-11-29 18:25:33.822000+00:00,62.18899968,0,0,0,1,8.562,-1.625,0.625,,-130.562,-6.75,-45.875,0.027,-0.008,-0.003,-0.83,0.15,9.43,-0.51,0.29,-0.36,-0.32,-0.14,9.8,1.9425,8.75,10,0,12,-1,,,,1,0
2024-11-29 18:25:34.754000+00:00,62.18924029,0,0,0,1,8.562,-1.625,0.625,,-130.562,-6.75,-45.875,0.027,-0.008,-0.003,-0.83,0.15,9.43,-0.51,0.29,-0.36,-0.32,-0.14,9.8,1.9425,8.75,10,0,12,-1,,,,1,0
2024-11-29 18:25:36.732000+00:00,60.43645249,0,0,0,1,8.562,-1.625,0.625,,-130.562,-6.75,-45.875,0.027,-0.008,-0.003,-0.83,0.15,9.43,-0.51,0.29,-0.36,-0.32,-0.14,9.8,1.9425,8.75,10,0,12,-1,,,,1,0
2024-11-29 18:25:37.525000+00:00,60.43610786,0,0,0,1,8.562,-1.625,0.625,,-130.562,-6.75,-45.875,0.027,-0.008,-0.003,-0.83,0.15,9.43,-0.51,0.29,-0.36,-0.32,-0.14,9.8,1.9425,8.75,10,0,12,-1,,,,1,0
2024-11-29 18:25:38.427000+00:00,60.76882193,0,0,0,1,8.562,-1.625,0.625,,-130.562,-6.75,-45.875,0.027,-0.008,-0.003,-0.83,0.15,9.43,-0.51,0.29,-0.36,-0.32,-0.14,9.8,1.9425,8.75,10,0,12,-1,,,,1,0
2024-11-29 18:25:39.327000+00:00,60.76873114,0,0,0,1,8.562,-1.625,0.625,,-130.562,-6.75,-45.875,0.027,-0.008,-0.003,-0.83,0.15,9.43,-0.51,0.29,-0.36,-0.32,-0.14,9.8,1.9425,8.75,10,0,12,-1,,,,1,0
2024-11-29 18:25:40.251000+00:00,60.76862184,0,0,0,1,8.562,-1.625,0.625,,-130.562,-6.75,-45.875,0.027,-0.008,-0.003,-0.83,0.15,9.43,-0.51,0.29,-0.36,-0.32,-0.14,9.8,1.9425,8.75,10,0,12,-1,,,,1,0
2024-11-29 18:25:42.268000+00:00,59.01619843,0,0,0,1,8.562,-1.625,0.625,,-130.562,-6.75,-45.875,0.027,-0.008,-0.003,-0.83,0.15,9.43,-0.51,0.29,-0.36,-0.32,-0.14,9.8,1.9425,8.75,10,0,12,-1,,,,1,0
2024-11-29 18:25:43.278000+00:00,59.01619843,0,0,0,1,8.562,-1.625,0.625,,-130.562,-6.75,-45.875,0.027,-0.008,-0.003,-0.83,0.15,9.43,-0.51,0.29,-0.36,-0.32,-0.14,9.8,1.9425,8.75,10,0,12,-1,,,,1,0
2024-11-29 18:25:13.712000+00:00,59.01619843,0,0,0,1,8.562,-1.625,0.625,,-130.562,-6.75,-45.875,0.027,-0.008,-0.003,-0.83,0.15,9.43,-0.51,0.29,-0.36,-0.32,-0.14,9.8,1.9425,8.75,10,0,12,-1,,,,1,0
2024-11-29 18:25:14.720000+00:00,59.01619843,0,0,0,1,8.625,-1.875,0.812,,-130.562,-6.75,-45.875,0.027,-0.008,-0.003,-0.83,0.15,9.43,-0.51,0.29,-0.36,-0.32,-0.14,9.8,1.9425,8.75,10,0,12,-1,,,,1,0
2024-11-29 18:25:15.730000+00:00,59.01619843,0,0,0,1,8.75,-1.625,0.625,,-130.562,-6.75,-45.875,0.027,-0.008,-0.003,-0.83,0.15,9.43,-0.51,0.29,-0.36,-0.32,-0.14,9.8,1.9425,8.75,10,0,12,-1,,,,1,0
2024-11-29 18:25:16.741000+00:00,59.01619843,0,0,0,1,8.688,-1.625,0.625,,-130.562,-6.75,-45.875,0.027,-0.008,-0.003,-0.83,0.15,9.43,-0.51,0.29,-0.36,-0.32,-0.14,9.8,1.9425,8.75,10,0,12,-1,,,,1,0
2024-11-29 18:25:17.752000+00:00,59.01619843,0,0,0,1,8.375,-2,1,,-130.562,-6.75,-45.875,0.027,-0.008,-0.003,-0.83,0.15,9.43,-0.51,0.29,-0.36,-0.32,-0.14,9.8,1.9425,8.75,10,0,12,-1,,,,1,0
2024-11-29 18:25:18.759000+00:00,59.01619843,0,0,0,1,8.562,-1.938,0.938,,-130.562,-6.75,-45.875,0.027,-0.008,-0.003,-0.83,0.15,9.43,-0.51,0.29,-0.36,-0.32,-0.14,9.8,1.9425,8.75,10,0,12,-1,,,,1,0
2024-11-29 18:25:19.766000+00:00,59.01619843,0,0,0,1,8.562,-1.688,0.625,,-130.562,-6.75,-45.875,0.027,-0.008,-0.003,-0.83,0.15,9.43,-0.51,0.29,-0.36,-0.32,-0.14,9.8,1.9425,8.75,10,0,12,-1,,,,1,0
2024-11-29 18:25:20.774000+00:00,59.01619843,0,0,0,1,8.438,-1.75,0.562,,-130.562,-6.75,-45.875,0.027,-0.008,-0.003,-0.83,0.15,9.43,-0.51,0.29,-0.36,-0.32,-0.14,9.8,1.9425,8.75,10,0,12,-1,,,,1,0
2024-11-29 18:25:21.785000+00:00,59.01619843,0,0,0,1,8.5,-1.938,0.625,,-130.562,-6.75,-45.875,0.027,-0.008,-0.003,-0.83,0.15,9.43,-0.51,0.29,-0.36,-0.32,-0.14,9.8,1.9425,8.75,10,0,12,-1,,,,1,0
2024-11-29 18:25:22.796000+00:00,59.01619843,0,0,0,1,8.688,-1.625,0.188,,-130.562,-6.75,-45.875,0.027,-0.008,-0.003,-0.83,0.15,9.43,-0.51,0.29,-0.36,-0.32,-0.14,9.8,1.9425,8.75,10,0,12,-1,,,,1,0
2024-11-29 18:25:23.807000+00:00,59.01619843,0,0,0,1,8.5,-1.625,0.375,,-130.562,-6.75,-45.875,0.027,-0.008,-0.003,-0.83,0.15,9.43,-0.51,0.29,-0.36,-0.32,-0.14,9.8,1.9425,8.75,10,0,12,-1,,,,1,0
2024-11-29 18:25:24.813000+00:00,59.01619843,0,0,0,1,8.188,-1.875,0.688,,-130.562,-6.75,-45.875,0.027,-0.008,-0.003,-0.83,0.15,9.43,-0.51,0.29,-0.36,-0.32,-0.14,9.8,1.9425,8.75,10,0,12,-1,,,,1,0
2024-11-29 18:25:25.821000+00:00,59.01619843,0,0,0,1,8.188,-2.25,1.125,,-130.562,-6.75,-45.875,0.027,-0.008,-0.003,-0.83,0.15,9.43,-0.51,0.29,-0.36,-0.32,-0.14,9.8,1.9425,8.75,10,0,12,-1,,,,1,0
2024-11-29 18:25:26.828000+00:00,59.01619843,0,0,0,1,8.312,-2,0.625,,-130.562,-6.75,-45.875,0.027,-0.008,-0.003,-0.83,0.15,9.43,-0.51,0.29,-0.36,-0.32,-0.14,9.8,1.9425,8.75,10,0,12,-1,,,,1,0
2024-11-29 18:25:27.838000+00:00,59.01619843,0,0,0,1,8.438,-1.75,0.312,,-130.562,-6.75,-45.875,0.027,-0.008,-0.003,-0.83,0.15,9.43,-0.51,0.29,-0.36,-0.32,-0.14,9.8,1.9425,8.75,10,0,12,-1,,,,1,0
2024-11-29 18:25:28.849000+00:00,59.01619843,0,0,0,1,8.25,-1.938,0.5,,-130.562,-6.75,-45.875,0.027,-0.008,-0.003,-0.83,0.15,9.43,-0.51,0.29,-0.36,-0.32,-0.14,9.8,1.9425,8.75,10,0,12,-1,,,,1,0
2024-11-29 18:25:29.860000+00:00,59.01619843,0,0,0,1,8.062,-2.188,0.938,,-130.562,-6.75,-45.875,0.027,-0.008,-0.003,-0.83,0.15,9.43,-0.51,0.29,-0.36,-0.32,-0.14,9.8,1.9425,8.75,10,0,12,-1,,,,1,0
2024-11-29 18:25:30.867000+00:00,59.01619843,0,0,0,1,8.25,-1.875,0.562,,-130.562,-6.75,-45.875,0.027,-0.008,-0.003,-0.83,0.15,9.43,-0.51,0.29,-0.36,-0.32,-0.14,9.8,1.9425,8.75,10,0,12,-1,,,,1,0
2024-11-29 18:25:31.875000+00:00,59.01619843,0,0,0,1,8.125,-2.062,0.688,,-130.562,-6.75,-45.875,0.027,-0.008,-0.003,-0.83,0.15,9.43,-0.51,0.29,-0.36,-0.32,-0.14,9.8,1.9425,8.75,10,0,12,-1,,,,1,0
2024-11-29 18:25:32.883000+00:00,59.01619843,0,0,0,1,8.188,-1.875,0.438,,-130.562,-6.75,-45.875,0.027,-0.008,-0.003,-0.83,0.15,9.43,-0.51,0.29,-0.36,-0.32,-0.14,9.8,1.9425,8.75,10,0,12,-1,,,,1,0
2024-11-29 18:25:33.893000+00:00,59.01619843,0,0,0,1,8.125,-1.812,0.375,,-130.562,-6.75,-45.875,0.027,-0.008,-0.003,-0.83,0.15,9.43,-0.51,0.29,-0.36,-0.32,-0.14,9.8,1.9425,8.75,10,0,12,-1,,,,1,0
2024-11-29 18:25:34.904000+00:00,59.01619843,0,0,0,1,7.938,-2.125,0.688,,-130.562,-6.75,-45.875,0.027,-0.008,-0.003,-0.83,0.15,9.43,-0.51,0.29,-0.36,-0.32,-0.14,9.8,1.9425,8.75,10,0,12,-1,,,,1,0
2024-11-29 18:25:35.914000+00:00,59.01619843,0,0,0,1,7.938,-2.25,0.812,,-130.562,-6.75,-45.875,0.027,-0.008,-0.003,-0.83,0.15,9.43,-0.51,0.29,-0.36,-0.32,-0.14,9.8,1.9425,8.75,10,0,12,-1,,,,1,0
2024-11-29 18:25:36.922000+00:00,59.01619843,0,0,0,1,8.188,-2.062,0.625,,-130.562,-6.75,-45.875,0.027,-0.008,-0.003,-0.83,0.15,9.43,-0.51,0.29,-0.36,-0.32,-0.14,9.8,1.9425,8.75,10,0,12,-1,,,,1,0
2024-11-29 18:25:37.929000+00:00,59.01619843,0,0,0,1,8.062,-1.938,0.438,,-130.562,-6.75,-45.875,0.027,-0.008,-0.003,-0.83,0.15,9.43,-0.51,0.29,-0.36,-0.32,-0.14,9.8,1.9425,8.75,10,0,12,-1,,,,1,0
2024-11-29 18:25:38.937000+00:00,59.01619843,0,0,0,1,7.938,-2.312,0.75,,-130.562,-6.75,-45.875,0.027,-0.008,-0.003,-0.83,0.15,9.43,-0.51,0.29,-0.36,-0.32,-0.14,9.8,1.9425,8.75,10,0,12,-1,,,,1,0
2024-11-29 18:25:39.948000+00:00,59.01619843,0,0,0,1,8.062,-2.125,0.625,,-130.562,-6.75,-45.875,0.027,-0.008,-0.003,-0.83,0.15,9.43,-0.51,0.29,-0.36,-0.32,-0.14,9.8,1.9425,8.75,10,0,12,-1,,,,1,0
2024-11-29 18:25:40.959000+00:00,59.01619843,0,0,0,1,7.938,-2,0.562,,-130.562,-6.75,-45.875,0.027,-0.008,-0.003,-0.83,0.15,9.43,-0.51,0.29,-0.36,-0.32,-0.14,9.8,1.9425,8.75,10,0,12,-1,,,,1,0
2024-11-29 18:25:41.968000+00:00,59.01619843,0,0,0,1,7.875,-2.188,0.875,,-130.562,-6.75,-45.875,0.027,-0.008,-0.003,-0.83,0.15,9.43,-0.51,0.29,-0.36,-0.32,-0.14,9.8,1.9425,8.75,10,0,12,-1,,,,1,0
2024-11-29 18:25:42.975000+00:00,59.01619843,0,0,0,1,7.875,-2.25,0.938,,-130.562,-6.75,-45.875,0.027,-0.008,-0.003,-0.83,0.15,9.43,-0.51,0.29,-0.36,-0.32,-0.14,9.8,1.9425,8.75,10,0,12,-1,,,,1,0
2024-11-29 18:25:13.759000+00:00,59.01619843,0,0,0,1,7.875,-2.25,0.938,,-130.562,-6.75,-45.875,0.027,-0.008,-0.003,-0.83,0.15,9.43,-0.51,0.29,-0.36,-0.32,-0.14,9.8,1.9425,8.75,10,0,12,-1,,,,1,0
2024-11-29 18:25:14.772000+00:00,59.01619843,0,0,0,1,7.875,-2.25,0.938,,-104.062,-8.25,-45.875,0.027,-0.008,-0.003,-0.83,0.15,9.43,-0.51,0.29,-0.36,-0.32,-0.14,9.8,1.9425,8.75,10,0,12,-1,,,,1,0
2024-11-29 18:25:15.782000+00:00,59.01619843,0,0,0,1,7.875,-2.25,0.938,,-86.375,-16.062,-56.5,0.027,-0.008,-0.003,-0.83,0.15,9.43,-0.51,0.29,-0.36,-0.32,-0.14,9.8,1.9425,8.75,10,0,12,-1,,,,1,0
2024-11-29 18:25:16.790000+00:00,59.01619843,0,0,0,1,7.875,-2.25,0.938,,-82,-21.75,-58.062,0.027,-0.008,-0.003,-0.83,0.15,9.43,-0.51,0.29,-0.36,-0.32,-0.14,9.8,1.9425,8.75,10,0,12,-1,,,,1,0
2024-11-29 18:25:17.800000+00:00,59.01619843,0,0,0,1,7.875,-2.25,0.938,,-80,-25.688,-61.688,0.027,-0.008,-0.003,-0.83,0.15,9.43,-0.51,0.29,-0.36,-0.32,-0.14,9.8,1.9425,8.75,10,0,12,-1,,,,1,0
2024-11-29 18:25:18.812000+00:00,59.01619843,0,0,0,1,7.875,-2.25,0.938,,-76.5,-26.875,-65.188,0.027,-0.008,-0.003,-0.83,0.15,9.43,-0.51,0.29,-0.36,-0.32,-0.14,9.8,1.9425,8.75,10,0,12,-1,,,,1,0
2024-11-29 18:25:19.818000+00:00,59.01619843,0,0,0,1,7.875,-2.25,0.938,,-76.875,-20.062,-73.25,0.027,-0.008,-0.003,-0.83,0.15,9.43,-0.51,0.29,-0.36,-0.32,-0.14,9.8,1.9425,8.75,10,0,12,-1,,,,1,0
2024-11-29 18:25:20.823000+00:00,59.01619843,0,0,0,1,7.875,-2.25,0.938,,-103.688,-18.062,-71.75,0.027,-0.008,-0.003,-0.83,0.15,9.43,-0.51,0.29,-0.36,-0.32,-0.14,9.8,1.9425,8.75,10,0,12,-1,,,,1,0
2024-11-29 18:25:21.839000+00:00,59.01619843,0,0,0,1,7.875,-2.25,0.938,,-134.25,-23.562,-58.688,0.027,-0.008,-0.003,-0.83,0.15,9.43,-0.51,0.29,-0.36,-0.32,-0.14,9.8,1.9425,8.75,10,0,12,-1,,,,1,0
2024-11-29 18:25:22.850000+00:00,59.01619843,0,0,0,1,7.875,-2.25,0.938,,-146.188,-29.25,-46.25,0.027,-0.008,-0.003,-0.83,0.15,9.43,-0.51,0.29,-0.36,-0.32,-0.14,9.8,1.9425,8.75,10,0,12,-1,,,,1,0
2024-11-29 18:25:23.862000+00:00,59.01619843,0,0,0,1,7.875,-2.25,0.938,,-159.25,-33.688,-24.062,0.027,-0.008,-0.003,-0.83,0.15,9.43,-0.51,0.29,-0.36,-0.32,-0.14,9.8,1.9425,8.75,10,0,12,-1,,,,1,0
2024-11-29 18:25:24.863000+00:00,59.01619843,0,0,0,1,7.875,-2.25,0.938,,-160.688,-31.688,-16,0.027,-0.008,-0.003,-0.83,0.15,9.43,-0.51,0.29,-0.36,-0.32,-0.14,9.8,1.9425,8.75,10,0,12,-1,,,,1,0
2024-11-29 18:25:25.874000+00:00,59.01619843,0,0,0,1,7.875,-2.25,0.938,,-129.875,-23.562,-45.875,0.027,-0.008,-0.003,-0.83,0.15,9.43,-0.51,0.29,-0.36,-0.32,-0.14,9.8,1.9425,8.75,10,0,12,-1,,,,1,0
2024-11-29 18:25:26.879000+00:00,59.01619843,0,0,0,1,7.875,-2.25,0.938,,-119.5,-30.25,-59.188,0.027,-0.008,-0.003,-0.83,0.15,9.43,-0.51,0.29,-0.36,-0.32,-0.14,9.8,1.9425,8.75,10,0,12,-1,,,,1,0
2024-11-29 18:25:27.894000+00:00,59.01619843,0,0,0,1,7.875,-2.25,0.938,,-110.188,-37.75,-66.25,0.027,-0.008,-0.003,-0.83,0.15,9.43,-0.51,0.29,-0.36,-0.32,-0.14,9.8,1.9425,8.75,10,0,12,-1,,,,1,0
2024-11-29 18:25:28.904000+00:00,59.01619843,0,0,0,1,7.875,-2.25,0.938,,-105.25,-44.062,-66,0.027,-0.008,-0.003,-0.83,0.15,9.43,-0.51,0.29,-0.36,-0.32,-0.14,9.8,1.9425,8.75,10,0,12,-1,,,,1,0
2024-11-29 18:25:29.912000+00:00,59.01619843,0,0,0,1,7.875,-2.25,0.938,,-52.5,-13.688,-21.188,0.027,-0.008,-0.003,-0.83,0.15,9.43,-0.51,0.29,-0.36,-0.32,-0.14,9.8,1.9425,8.75,10,0,12,-1,,,,1,0
2024-11-29 18:25:30.922000+00:00,59.01619843,0,0,0,1,7.875,-2.25,0.938,,-46.5,-12.25,-29.562,0.027,-0.008,-0.003,-0.83,0.15,9.43,-0.51,0.29,-0.36,-0.32,-0.14,9.8,1.9425,8.75,10,0,12,-1,,,,1,0
2024-11-29 18:25:31.932000+00:00,59.01619843,0,0,0,1,7.875,-2.25,0.938,,-84,-6.875,-26,0.027,-0.008,-0.003,-0.83,0.15,9.43,-0.51,0.29,-0.36,-0.32,-0.14,9.8,1.9425,8.75,10,0,12,-1,,,,1,0
2024-11-29 18:25:32.931000+00:00,59.01619843,0,0,0,1,7.875,-2.25,0.938,,-118.188,-18.875,-6.062,0.027,-0.008,-0.003,-0.83,0.15,9.43,-0.51,0.29,-0.36,-0.32,-0.14,9.8,1.9425,8.75,10,0,12,-1,,,,1,0
2024-11-29 18:25:33.943000+00:00,59.01619843,0,0,0,1,7.875,-2.25,0.938,,-130.5,-21.5,18.75,0.027,-0.008,-0.003,-0.83,0.15,9.43,-0.51,0.29,-0.36,-0.32,-0.14,9.8,1.9425,8.75,10,0,12,-1,,,,1,0
2024-11-29 18:25:34.954000+00:00,59.01619843,0,0,0,1,7.875,-2.25,0.938,,-121.25,-8.25,18.75,0.027,-0.008,-0.003,-0.83,0.15,9.43,-0.51,0.29,-0.36,-0.32,-0.14,9.8,1.9425,8.75,10,0,12,-1,,,,1,0
2024-11-29 18:25:35.958000+00:00,59.01619843,0,0,0,1,7.875,-2.25,0.938,,-101.188,-7,-4.25,0.027,-0.008,-0.003,-0.83,0.15,9.43,-0.51,0.29,-0.36,-0.32,-0.14,9.8,1.9425,8.75,10,0,12,-1,,,,1,0
2024-11-29 18:25:36.968000+00:00,59.01619843,0,0,0,1,7.875,-2.25,0.938,,-77.562,-20.562,-23.188,0.027,-0.008,-0.003,-0.83,0.15,9.43,-0.51,0.29,-0.36,-0.32,-0.14,9.8,1.9425,8.75,10,0,12,-1,,,,1,0
2024-11-29 18:25:37.980000+00:00,59.01619843,0,0,0,1,7.875,-2.25,0.938,,-73.375,-25.875,-25.5,0.027,-0.008,-0.003,-0.83,0.15,9.43,-0.51,0.29,-0.36,-0.32,-0.14,9.8,1.9425,8.75,10,0,12,-1,,,,1,0
2024-11-29 18:25:38.992000+00:00,59.01619843,0,0,0,1,7.875,-2.25,0.938,,-65.688,-29.875,-31,0.027,-0.008,-0.003,-0.83,0.15,9.43,-0.51,0.29,-0.36,-0.32,-0.14,9.8,1.9425,8.75,10,0,12,-1,,,,1,0
2024-11-29 18:25:40.001000+00:00,59.01619843,0,0,0,1,7.875,-2.25,0.938,,-63.188,-24.375,-37.5,0.027,-0.008,-0.003,-0.83,0.15,9.43,-0.51,0.29,-0.36,-0.32,-0.14,9.8,1.9425,8.75,10,0,12,-1,,,,1,0
2024-11-29 18:25:41.011000+00:00,59.01619843,0,0,0,1,7.875,-2.25,0.938,,-71.562,-23.5,-39.562,0.027,-0.008,-0.003,-0.83,0.15,9.43,-0.51,0.29,-0.36,-0.32,-0.14,9.8,1.9425,8.75,10,0,12,-1,,,,1,0
2024-11-29 18:25:42.018000+00:00,59.01619843,0,0,0,1,7.875,-2.25,0.938,,-86,-21.75,-39.188,0.027,-0.008,-0.003,-0.83,0.15,9.43,-0.51,0.29,-0.36,-0.32,-0.14,9.8,1.9425,8.75,10,0,12,-1,,,,1,0
2024-11-29 18:25:43.029000+00:00,59.01619843,0,0,0,1,7.875,-2.25,0.938,,-128.5,-30.875,-19.562,0.027,-0.008,-0.003,-0.83,0.15,9.43,-0.51,0.29,-0.36,-0.32,-0.14,9.8,1.9425,8.75,10,0,12,-1,,,,1,0
2024-11-29 18:25:14.819000+00:00,59.01619843,0,0,0,1,7.875,-2.25,0.938,,-128.5,-30.875,-19.562,0.027,-0.008,-0.003,-0.83,0.15,9.43,-0.51,0.29,-0.36,-0.32,-0.14,9.8,1.9425,8.75,10,0,12,-1,,,,1,0
2024-11-29 18:25:15.829000+00:00,59.01619843,0,0,0,1,7.875,-2.25,0.938,,-128.5,-30.875,-19.562,0.057,0.001,-0.03,-0.83,0.15,9.43,-0.51,0.29,-0.36,-0.32,-0.14,9.8,1.9425,8.75,10,0,12,-1,,,,1,0
2024-11-29 18:25:16.839000+00:00,59.01619843,0,0,0,1,7.875,-2.25,0.938,,-128.5,-30.875,-19.562,-0.11,0.049,0.022,-0.83,0.15,9.43,-0.51,0.29,-0.36,-0.32,-0.14,9.8,1.9425,8.75,10,0,12,-1,,,,1,0
2024-11-29 18:25:17.850000+00:00,59.01619843,0,0,0,1,7.875,-2.25,0.938,,-128.5,-30.875,-19.562,-0.092,0.064,0.096,-0.83,0.15,9.43,-0.51,0.29,-0.36,-0.32,-0.14,9.8,1.9425,8.75,10,0,12,-1,,,,1,0
2024-11-29 18:25:18.861000+00:00,59.01619843,0,0,0,1,7.875,-2.25,0.938,,-128.5,-30.875,-19.562,0.014,-0.029,-0.07,-0.83,0.15,9.43,-0.51,0.29,-0.36,-0.32,-0.14,9.8,1.9425,8.75,10,0,12,-1,,,,1,0
2024-11-29 18:25:19.869000+00:00,59.01619843,0,0,0,1,7.875,-2.25,0.938,,-128.5,-30.875,-19.562,0.043,-0.011,-0.051,-0.83,0.15,9.43,-0.51,0.29,-0.36,-0.32,-0.14,9.8,1.9425,8.75,10,0,12,-1,,,,1,0
2024-11-29 18:25:20.870000+00:00,59.01619843,0,0,0,1,7.875,-2.25,0.938,,-128.5,-30.875,-19.562,-0.047,0.018,-0.037,-0.83,0.15,9.43,-0.51,0.29,-0.36,-0.32,-0.14,9.8,1.9425,8.75,10,0,12,-1,,,,1,0
2024-11-29 18:25:21.890000+00:00,59.01619843,0,0,0,1,7.875,-2.25,0.938,,-128.5,-30.875,-19.562,0.071,-0.05,-0.006,-0.83,0.15,9.43,-0.51,0.29,-0.36,-0.32,-0.14,9.8,1.9425,8.75,10,0,12,-1,,,,1,0
2024-11-29 18:25:22.901000+00:00,59.01619843,0,0,0,1,7.875,-2.25,0.938,,-128.5,-30.875,-19.562,0.136,-0.113,-0.17,-0.83,0.15,9.43,-0.51,0.29,-0.36,-0.32,-0.14,9.8,1.9425,8.75,10,0,12,-1,,,,1,0
2024-11-29 18:25:23.911000+00:00,59.01619843,0,0,0,1,7.875,-2.25,0.938,,-128.5,-30.875,-19.562,-0.099,0.03,0.058,-0.83,0.15,9.43,-0.51,0.29,-0.36,-0.32,-0.14,9.8,1.9425,8.75,10,0,12,-1,,,,1,0
2024-11-29 18:25:24.910000+00:00,59.01619843,0,0,0,1,7.875,-2.25,0.938,,-128.5,-30.875,-19.562,-0.171,0.064,0.126,-0.83,0.15,9.43,-0.51,0.29,-0.36,-0.32,-0.14,9.8,1.9425,8.75,10,0,12,-1,,,,1,0
2024-11-29 18:25:25.919000+00:00,59.01619843,0,0,0,1,7.875,-2.25,0.938,,-128.5,-30.875,-19.562,0.024,0.044,0.062,-0.83,0.15,9.43,-0.51,0.29,-0.36,-0.32,-0.14,9.8,1.9425,8.75,10,0,12,-1,,,,1,0
2024-11-29 18:25:26.929000+00:00,59.01619843,0,0,0,1,7.875,-2.25,0.938,,-128.5,-30.875,-19.562,0.127,-0.088,-0.067,-0.83,0.15,9.43,-0.51,0.29,-0.36,-0.32,-0.14,9.8,1.9425,8.75,10,0,12,-1,,,,1,0
2024-11-29 18:25:27.941000+00:00,59.01619843,0,0,0,1,7.875,-2.25,0.938,,-128.5,-30.875,-19.562,0.066,-0.081,-0.014,-0.83,0.15,9.43,-0.51,0.29,-0.36,-0.32,-0.14,9.8,1.9425,8.75,10,0,12,-1,,,,1,0
2024-11-29 18:25:28.951000+00:00,59.01619843,0,0,0,1,7.875,-2.25,0.938,,-128.5,-30.875,-19.562,-0.103,0.048,-0.001,-0.83,0.15,9.43,-0.51,0.29,-0.36,-0.32,-0.14,9.8,1.9425,8.75,10,0,12,-1,,,,1,0
2024-11-29 18:25:29.961000+00:00,59.01619843,0,0,0,1,7.875,-2.25,0.938,,-128.5,-30.875,-19.562,0.03,-0.008,0.017,-0.83,0.15,9.43,-0.51,0.29,-0.36,-0.32,-0.14,9.8,1.9425,8.75,10,0,12,-1,,,,1,0
2024-11-29 18:25:30.968000+00:00,59.01619843,0,0,0,1,7.875,-2.25,0.938,,-128.5,-30.875,-19.562,0.019,-0.027,-0.009,-0.83,0.15,9.43,-0.51,0.29,-0.36,-0.32,-0.14,9.8,1.9425,8.75,10,0,12,-1,,,,1,0
2024-11-29 18:25:31.980000+00:00,59.01619843,0,0,0,1,7.875,-2.25,0.938,,-128.5,-30.875,-19.562,-0.019,0.028,-0.05,-0.83,0.15,9.43,-0.51,0.29,-0.36,-0.32,-0.14,9.8,1.9425,8.75,10,0,12,-1,,,,1,0
2024-11-29 18:25:32.981000+00:00,59.01619843,0,0,0,1,7.875,-2.25,0.938,,-128.5,-30.875,-19.562,0.038,-0.056,0.01,-0.83,0.15,9.43,-0.51,0.29,-0.36,-0.32,-0.14,9.8,1.9425,8.75,10,0,12,-1,,,,1,0
2024-11-29 18:25:33.991000+00:00,59.01619843,0,0,0,1,7.875,-2.25,0.938,,-128.5,-30.875,-19.562,0.069,-0.043,0.079,-0.83,0.15,9.43,-0.51,0.29,-0.36,-0.32,-0.14,9.8,1.9425,8.75,10,0,12,-1,,,,1,0
2024-11-29 18:25:35.001000+00:00,59.01619843,0,0,0,1,7.875,-2.25,0.938,,-128.5,-30.875,-19.562,-0.09,0.048,-0.02,-0.83,0.15,9.43,-0.51,0.29,-0.36,-0.32,-0.14,9.8,1.9425,8.75,10,0,12,-1,,,,1,0
2024-11-29 18:25:36.010000+00:00,59.01619843,0,0,0,1,7.875,-2.25,0.938,,-128.5,-30.875,-19.562,0.077,-0.02,0.013,-0.83,0.15,9.43,-0.51,0.29,-0.36,-0.32,-0.14,9.8,1.9425,8.75,10,0,12,-1,,,,1,0
2024-11-29 18:25:37.018000+00:00,59.01619843,0,0,0,1,7.875,-2.25,0.938,,-128.5,-30.875,-19.562,0.047,-0.067,0.02,-0.83,0.15,9.43,-0.51,0.29,-0.36,-0.32,-0.14,9.8,1.9425,8.75,10,0,12,-1,,,,1,0
2024-11-29 18:25:38.029000+00:00,59.01619843,0,0,0,1,7.875,-2.25,0.938,,-128.5,-30.875,-19.562,-0.019,0.042,0.021,-0.83,0.15,9.43,-0.51,0.29,-0.36,-0.32,-0.14,9.8,1.9425,8.75,10,0,12,-1,,,,1,0
2024-11-29 18:25:39.041000+00:00,59.01619843,0,0,0,1,7.875,-2.25,0.938,,-128.5,-30.875,-19.562,-0.018,-0.007,0.026,-0.83,0.15,9.43,-0.51,0.29,-0.36,-0.32,-0.14,9.8,1.9425,8.75,10,0,12,-1,,,,1,0
2024-11-29 18:25:40.051000+00:00,59.01619843,0,0,0,1,7.875,-2.25,0.938,,-128.5,-30.875,-19.562,0.07,-0.014,-0.009,-0.83,0.15,9.43,-0.51,0.29,-0.36,-0.32,-0.14,9.8,1.9425,8.75,10,0,12,-1,,,,1,0
2024-11-29 18:25:41.060000+00:00,59.01619843,0,0,0,1,7.875,-2.25,0.938,,-128.5,-30.875,-19.562,0.008,0.036,0.013,-0.83,0.15,9.43,-0.51,0.29,-0.36,-0.32,-0.14,9.8,1.9425,8.75,10,0,12,-1,,,,1,0
2024-11-29 18:25:42.069000+00:00,59.01619843,0,0,0,1,7.875,-2.25,0.938,,-128.5,-30.875,-19.562,-0.068,0.034,-0.044,-0.83,0.15,9.43,-0.51,0.29,-0.36,-0.32,-0.14,9.8,1.9425,8.75,10,0,12,-1,,,,1,0
2024-11-29 18:25:43.078000+00:00,59.01619843,0,0,0,1,7.875,-2.25,0.938,,-128.5,-30.875,-19.562,0.038,-0.013,0.052,-0.83,0.15,9.43,-0.51,0.29,-0.36,-0.32,-0.14,9.8,1.9425,8.75,10,0,12,-1,,,,1,0
2024-11-29 18:25:14.879000+00:00,59.01619843,0,0,0,1,7.875,-2.25,0.938,,-128.5,-30.875,-19.562,0.038,-0.013,0.052,-0.83,0.15,9.43,-0.51,0.29,-0.36,-0.32,-0.14,9.8,1.9425,8.75,10,0,12,-1,,,,1,0
2024-11-29 18:25:15.889000+00:00,59.01619843,0,0,0,1,7.875,-2.25,0.938,,-128.5,-30.875,-19.562,0.038,-0.013,0.052,-0.42,0.06,9.39,-0.51,0.29,-0.36,-0.32,-0.14,9.8,1.9425,8.75,10,0,12,-1,,,,1,0
2024-11-29 18:25:16.890000+00:00,59.01619843,0,0,0,1,7.875,-2.25,0.938,,-128.5,-30.875,-19.562,0.038,-0.013,0.052,0.33,0.16,9.38,-0.51,0.29,-0.36,-0.32,-0.14,9.8,1.9425,8.75,10,0,12,-1,,,,1,0
2024-11-29 18:25:17.899000+00:00,59.01619843,0,0,0,1,7.875,-2.25,0.938,,-128.5,-30.875,-19.562,0.038,-0.013,0.052,-0.22,-0.75,9.31,-0.51,0.29,-0.36,-0.32,-0.14,9.8,1.9425,8.75,10,0,12,-1,,,,1,0
2024-11-29 18:25:18.909000+00:00,59.01619843,0,0,0,1,7.875,-2.25,0.938,,-128.5,-30.875,-19.562,0.038,-0.013,0.052,-0.7,-0.87,9.47,-0.51,0.29,-0.36,-0.32,-0.14,9.8,1.9425,8.75,10,0,12,-1,,,,1,0
2024-11-29 18:25:19.919000+00:00,59.01619843,0,0,0,1,7.875,-2.25,0.938,,-128.5,-30.875,-19.562,0.038,-0.013,0.052,-0.32,-0.18,9.46,-0.51,0.29,-0.36,-0.32,-0.14,9.8,1.9425,8.75,10,0,12,-1,,,,1,0
2024-11-29 18:25:20.919000+00:00,59.01619843,0,0,0,1,7.875,-2.25,0.938,,-128.5,-30.875,-19.562,0.038,-0.013,0.052,0.37,-0.37,9.33,-0.51,0.29,-0.36,-0.32,-0.14,9.8,1.9425,8.75,10,0,12,-1,,,,1,0
2024-11-29 18:25:21.938000+00:00,59.01619843,0,0,0,1,7.875,-2.25,0.938,,-128.5,-30.875,-19.562,0.038,-0.013,0.052,-1.44,-0.45,9.43,-0.51,0.29,-0.36,-0.32,-0.14,9.8,1.9425,8.75,10,0,12,-1,,,,1,0
2024-11-29 18:25:22.948000+00:00,59.01619843,0,0,0,1,7.875,-2.25,0.938,,-128.5,-30.875,-19.562,0.038,-0.013,0.052,0.74,0.78,9.29,-0.51,0.29,-0.36,-0.32,-0.14,9.8,1.9425,8.75,10,0,12,-1,,,,1,0
2024-11-29 18:25:23.958000+00:00,59.01619843,0,0,0,1,7.875,-2.25,0.938,,-128.5,-30.875,-19.562,0.038,-0.013,0.052,1.22,0.07,9.32,-0.51,0.29,-0.36,-0.32,-0.14,9.8,1.9425,8.75,10,0,12,-1,,,,1,0
2024-11-29 18:25:24.958000+00:00,59.01619843,0,0,0,1,7.875,-2.25,0.938,,-128.5,-30.875,-19.562,0.038,-0.013,0.052,-0.26,0.26,9.39,-0.51,0.29,-0.36,-0.32,-0.14,9.8,1.9425,8.75,10,0,12,-1,,,,1,0
2024-11-29 18:25:25.969000+00:00,59.01619843,0,0,0,1,7.875,-2.25,0.938,,-128.5,-30.875,-19.562,0.038,-0.013,0.052,-0.9,-1.78,9.43,-0.51,0.29,-0.36,-0.32,-0.14,9.8,1.9425,8.75,10,0,12,-1,,,,1,0
2024-11-29 18:25:26.978000+00:00,59.01619843,0,0,0,1,7.875,-2.25,0.938,,-128.5,-30.875,-19.562,0.038,-0.013,0.052,-0.95,0.14,9.38,-0.51,0.29,-0.36,-0.32,-0.14,9.8,1.9425,8.75,10,0,12,-1,,,,1,0
2024-11-29 18:25:27.990000+00:00,59.01619843,0,0,0,1,7.875,-2.25,0.938,,-128.5,-30.875,-19.562,0.038,-0.013,0.052,0.23,0.98,9.41,-0.51,0.29,-0.36,-0.32,-0.14,9.8,1.9425,8.75,10,0,12,-1,,,,1,0
2024-11-29 18:25:29.001000+00:00,59.01619843,0,0,0,1,7.875,-2.25,0.938,,-128.5,-30.875,-19.562,0.038,-0.013,0.052,-0.65,-0.62,9.56,-0.51,0.29,-0.36,-0.32,-0.14,9.8,1.9425,8.75,10,0,12,-1,,,,1,0
2024-11-29 18:25:30.008000+00:00,59.01619843,0,0,0,1,7.875,-2.25,0.938,,-128.5,-30.875,-19.562,0.038,-0.013,0.052,-0.62,-0.39,9.37,-0.51,0.29,-0.36,-0.32,-0.14,9.8,1.9425,8.75,10,0,12,-1,,,,1,0
2024-11-29 18:25:31.018000+00:00,59.01619843,0,0,0,1,7.875,-2.25,0.938,,-128.5,-30.875,-19.562,0.038,-0.013,0.052,-0.6,-0.38,9.3,-0.51,0.29,-0.36,-0.32,-0.14,9.8,1.9425,8.75,10,0,12,-1,,,,1,0
2024-11-29 18:25:32.029000+00:00,59.01619843,0,0,0,1,7.875,-2.25,0.938,,-128.5,-30.875,-19.562,0.038,-0.013,0.052,-1.17,0.14,9.42,-0.51,0.29,-0.36,-0.32,-0.14,9.8,1.9425,8.75,10,0,12,-1,,,,1,0
2024-11-29 18:25:33.035000+00:00,59.01619843,0,0,0,1,7.875,-2.25,0.938,,-128.5,-30.875,-19.562,0.038,-0.013,0.052,0.88,0.36,9.31,-0.51,0.29,-0.36,-0.32,-0.14,9.8,1.9425,8.75,10,0,12,-1,,,,1,0
2024-11-29 18:25:34.038000+00:00,59.01619843,0,0,0,1,7.875,-2.25,0.938,,-128.5,-30.875,-19.562,0.038,-0.013,0.052,0.57,0.99,9.27,-0.51,0.29,-0.36,-0.32,-0.14,9.8,1.9425,8.75,10,0,12,-1,,,,1,0
2024-11-29 18:25:35.048000+00:00,59.01619843,0,0,0,1,7.875,-2.25,0.938,,-128.5,-30.875,-19.562,0.038,-0.013,0.052,-0.25,0.04,9.39,-0.51,0.29,-0.36,-0.32,-0.14,9.8,1.9425,8.75,10,0,12,-1,,,,1,0
2024-11-29 18:25:36.071000+00:00,59.01619843,0,0,0,1,7.875,-2.25,0.938,,-128.5,-30.875,-19.562,0.038,-0.013,0.052,-0.79,0.5,9.44,-0.51,0.29,-0.36,-0.32,-0.14,9.8,1.9425,8.75,10,0,12,-1,,,,1,0
2024-11-29 18:25:37.068000+00:00,59.01619843,0,0,0,1,7.875,-2.25,0.938,,-128.5,-30.875,-19.562,0.038,-0.013,0.052,0.13,0.16,9.44,-0.51,0.29,-0.36,-0.32,-0.14,9.8,1.9425,8.75,10,0,12,-1,,,,1,0
2024-11-29 18:25:38.079000+00:00,59.01619843,0,0,0,1,7.875,-2.25,0.938,,-128.5,-30.875,-19.562,0.038,-0.013,0.052,-0.11,0.27,9.43,-0.51,0.29,-0.36,-0.32,-0.14,9.8,1.9425,8.75,10,0,12,-1,,,,1,0
2024-11-29 18:25:39.089000+00:00,59.01619843,0,0,0,1,7.875,-2.25,0.938,,-128.5,-30.875,-19.562,0.038,-0.013,0.052,-0.59,-0.63,9.39,-0.51,0.29,-0.36,-0.32,-0.14,9.8,1.9425,8.75,10,0,12,-1,,,,1,0
2024-11-29 18:25:40.097000+00:00,59.01619843,0,0,0,1,7.875,-2.25,0.938,,-128.5,-30.875,-19.562,0.038,-0.013,0.052,-0.32,0.19,9.38,-0.51,0.29,-0.36,-0.32,-0.14,9.8,1.9425,8.75,10,0,12,-1,,,,1,0
2024-11-29 18:25:41.110000+00:00,59.01619843,0,0,0,1,7.875,-2.25,0.938,,-128.5,-30.875,-19.562,0.038,-0.013,0.052,-0.42,0.19,9.29,-0.51,0.29,-0.36,-0.32,-0.14,9.8,1.9425,8.75,10,0,12,-1,,,,1,0
2024-11-29 18:25:42.119000+00:00,59.01619843,0,0,0,1,7.875,-2.25,0.938,,-128.5,-30.875,-19.562,0.038,-0.013,0.052,-0.06,-0.92,9.38,-0.51,0.29,-0.36,-0.32,-0.14,9.8,1.9425,8.75,10,0,12,-1,,,,1,0
2024-11-29 18:25:43.128000+00:00,59.01619843,0,0,0,1,7.875,-2.25,0.938,,-128.5,-30.875,-19.562,0.038,-0.013,0.052,-0.35,0.25,9.42,-0.51,0.29,-0.36,-0.32,-0.14,9.8,1.9425,8.75,10,0,12,-1,,,,1,0
2024-11-29 18:25:14.930000+00:00,59.01619843,0,0,0,1,7.875,-2.25,0.938,,-128.5,-30.875,-19.562,0.038,-0.013,0.052,-0.35,0.25,9.42,-0.51,0.29,-0.36,-0.32,-0.14,9.8,1.9425,8.75,10,0,12,-1,,,,1,0
2024-11-29 18:25:15.939000+00:00,59.01619843,0,0,0,1,7.875,-2.25,0.938,,-128.5,-30.875,-19.562,0.038,-0.013,0.052,-0.35,0.25,9.42,-0.13,0.17,-0.4,-0.32,-0.14,9.8,1.9425,8.75,10,0,12,-1,,,,1,0
2024-11-29 18:25:16.940000+00:00,59.01619843,0,0,0,1,7.875,-2.25,0.938,,-128.5,-30.875,-19.562,0.038,-0.013,0.052,-0.35,0.25,9.42,0.63,0.29,-0.42,-0.32,-0.14,9.8,1.9425,8.75,10,0,12,-1,,,,1,0
2024-11-29 18:25:17.951000+00:00,59.01619843,0,0,0,1,7.875,-2.25,0.938,,-128.5,-30.875,-19.562,0.038,-0.013,0.052,-0.35,0.25,9.42,0.12,-0.57,-0.48,-0.32,-0.14,9.8,1.9425,8.75,10,0,12,-1,,,,1,0
2024-11-29 18:25:18.959000+00:00,59.01619843,0,0,0,1,7.875,-2.25,0.938,,-128.5,-30.875,-19.562,0.038,-0.013,0.052,-0.35,0.25,9.42,0,-0.55,-0.41,-0.32,-0.14,9.8,1.9425,8.75,10,0,12,-1,,,,1,0
2024-11-29 18:25:19.969000+00:00,59.01619843,0,0,0,1,7.875,-2.25,0.938,,-128.5,-30.875,-19.562,0.038,-0.013,0.052,-0.35,0.25,9.42,-0.02,-0.06,-0.33,-0.32,-0.14,9.8,1.9425,8.75,10,0,12,-1,,,,1,0
2024-11-29 18:25:20.970000+00:00,59.01619843,0,0,0,1,7.875,-2.25,0.938,,-128.5,-30.875,-19.562,0.038,-0.013,0.052,-0.35,0.25,9.42,0.68,-0.27,-0.46,-0.32,-0.14,9.8,1.9425,8.75,10,0,12,-1,,,,1,0
2024-11-29 18:25:21.989000+00:00,59.01619843,0,0,0,1,7.875,-2.25,0.938,,-128.5,-30.875,-19.562,0.038,-0.013,0.052,-0.35,0.25,9.42,-1.1,-0.34,-0.36,-0.32,-0.14,9.8,1.9425,8.75,10,0,12,-1,,,,1,0
2024-11-29 18:25:22.998000+00:00,59.01619843,0,0,0,1,7.875,-2.25,0.938,,-128.5,-30.875,-19.562,0.038,-0.013,0.052,-0.35,0.25,9.42,1.03,0.82,-0.5,-0.32,-0.14,9.8,1.9425,8.75,10,0,12,-1,,,,1,0
2024-11-29 18:25:24.012000+00:00,59.01619843,0,0,0,1,7.875,-2.25,0.938,,-128.5,-30.875,-19.562,0.038,-0.013,0.052,-0.35,0.25,9.42,1.51,0.14,-0.47,-0.32,-0.14,9.8,1.9425,8.75,10,0,12,-1,,,,1,0
2024-11-29 18:25:25.008000+00:00,59.01619843,0,0,0,1,7.875,-2.25,0.938,,-128.5,-30.875,-19.562,0.038,-0.013,0.052,-0.35,0.25,9.42,0.07,0.4,-0.4,-0.32,-0.14,9.8,1.9425,8.75,10,0,12,-1,,,,1,0
2024-11-29 18:25:26.019000+00:00,59.01619843,0,0,0,1,7.875,-2.25,0.938,,-128.5,-30.875,-19.562,0.038,-0.013,0.052,-0.35,0.25,9.42,-0.51,-1.58,-0.35,-0.32,-0.14,9.8,1.9425,8.75,10,0,12,-1,,,,1,0
2024-11-29 18:25:27.030000+00:00,59.01619843,0,0,0,1,7.875,-2.25,0.938,,-128.5,-30.875,-19.562,0.038,-0.013,0.052,-0.35,0.25,9.42,-0.6,0.25,-0.41,-0.32,-0.14,9.8,1.9425,8.75,10,0,12,-1,,,,1,0
2024-11-29 18:25:28.040000+00:00,59.01619843,0,0,0,1,7.875,-2.25,0.938,,-128.5,-30.875,-19.562,0.038,-0.013,0.052,-0.35,0.25,9.42,0.54,1.04,-0.38,-0.32,-0.14,9.8,1.9425,8.75,10,0,12,-1,,,,1,0
2024-11-29 18:25:29.051000+00:00,59.01619843,0,0,0,1,7.875,-2.25,0.938,,-128.5,-30.875,-19.562,0.038,-0.013,0.052,-0.35,0.25,9.42,-0.31,-0.53,-0.23,-0.32,-0.14,9.8,1.9425,8.75,10,0,12,-1,,,,1,0
2024-11-29 18:25:30.061000+00:00,59.01619843,0,0,0,1,7.875,-2.25,0.938,,-128.5,-30.875,-19.562,0.038,-0.013,0.052,-0.35,0.25,9.42,-0.24,-0.23,-0.42,-0.32,-0.14,9.8,1.9425,8.75,10,0,12,-1,,,,1,0
2024-11-29 18:25:31.070000+00:00,59.01619843,0,0,0,1,7.875,-2.25,0.938,,-128.5,-30.875,-19.562,0.038,-0.013,0.052,-0.35,0.25,9.42,-0.28,-0.27,-0.49,-0.32,-0.14,9.8,1.9425,8.75,10,0,12,-1,,,,1,0
2024-11-29 18:25:32.081000+00:00,59.01619843,0,0,0,1,7.875,-2.25,0.938,,-128.5,-30.875,-19.562,0.038,-0.013,0.052,-0.35,0.25,9.42,-0.36,-0.87,-0.36,-0.32,-0.14,9.8,1.9425,8.75,10,0,12,-1,,,,1,0
2024-11-29 18:25:33.081000+00:00,59.01619843,0,0,0,1,7.875,-2.25,0.938,,-128.5,-30.875,-19.562,0.038,-0.013,0.052,-0.35,0.25,9.42,0.93,0.12,-0.29,-0.32,-0.14,9.8,1.9425,8.75,10,0,12,-1,,,,1,0
2024-11-29 18:25:34.089000+00:00,59.01619843,0,0,0,1,7.875,-2.25,0.938,,-128.5,-30.875,-19.562,0.038,-0.013,0.052,-0.35,0.25,9.42,1.32,1.27,-0.23,-0.32,-0.14,9.8,1.9425,8.75,10,0,12,-1,,,,1,0
2024-11-29 18:25:35.101000+00:00,59.01619843,0,0,0,1,7.875,-2.25,0.938,,-128.5,-30.875,-19.562,0.038,-0.013,0.052,-0.35,0.25,9.42,-0.45,0.07,-0.42,-0.32,-0.14,9.8,1.9425,8.75,10,0,12,-1,,,,1,0
2024-11-29 18:25:36.121000+00:00,59.01619843,0,0,0,1,7.875,-2.25,0.938,,-128.5,-30.875,-19.562,0.038,-0.013,0.052,-0.35,0.25,9.42,-0.4,0.65,-0.35,-0.32,-0.14,9.8,1.9425,8.75,10,0,12,-1,,,,1,0
2024-11-29 18:25:37.117000+00:00,59.01619843,0,0,0,1,7.875,-2.25,0.938,,-128.5,-30.875,-19.562,0.038,-0.013,0.052,-0.35,0.25,9.42,0.49,0.27,-0.35,-0.32,-0.14,9.8,1.9425,8.75,10,0,12,-1,,,,1,0
2024-11-29 18:25:38.130000+00:00,59.01619843,0,0,0,1,7.875,-2.25,0.938,,-128.5,-30.875,-19.562,0.038,-0.013,0.052,-0.35,0.25,9.42,0.23,0.35,-0.36,-0.32,-0.14,9.8,1.9425,8.75,10,0,12,-1,,,,1,0
2024-11-29 18:25:39.139000+00:00,59.01619843,0,0,0,1,7.875,-2.25,0.938,,-128.5,-30.875,-19.562,0.038,-0.013,0.052,-0.35,0.25,9.42,-0.19,-0.5,-0.39,-0.32,-0.14,9.8,1.9425,8.75,10,0,12,-1,,,,1,0
2024-11-29 18:25:40.148000+00:00,59.01619843,0,0,0,1,7.875,-2.25,0.938,,-128.5,-30.875,-19.562,0.038,-0.013,0.052,-0.35,0.25,9.42,0.04,0.3,-0.41,-0.32,-0.14,9.8,1.9425,8.75,10,0,12,-1,,,,1,0
2024-11-29 18:25:41.159000+00:00,59.01619843,0,0,0,1,7.875,-2.25,0.938,,-128.5,-30.875,-19.562,0.038,-0.013,0.052,-0.35,0.25,9.42,-0.07,0.29,-0.5,-0.32,-0.14,9.8,1.9425,8.75,10,0,12,-1,,,,1,0
2024-11-29 18:25:42.170000+00:00,59.01619843,0,0,0,1,7.875,-2.25,0.938,,-128.5,-30.875,-19.562,0.038,-0.013,0.052,-0.35,0.25,9.42,0.31,-0.76,-0.41,-0.32,-0.14,9.8,1.9425,8.75,10,0,12,-1,,,,1,0
2024-11-29 18:25:43.177000+00:00,59.01619843,0,0,0,1,7.875,-2.25,0.938,,-128.5,-30.875,-19.562,0.038,-0.013,0.052,-0.35,0.25,9.42,0.03,0.42,-0.37,-0.32,-0.14,9.8,1.9425,8.75,10,0,12,-1,,,,1,0
2024-11-29 18:25:44.177000+00:00,59.01619843,0,0,0,1,7.875,-2.25,0.938,,-128.5,-30.875,-19.562,0.038,-0.013,0.052,-0.35,0.25,9.42,0.03,0.42,-0.3,-0.32,-0.14,9.8,1.9425,8.75,10,0,12,-1,,,,1,0
2024-11-29 18:25:14.981000+00:00,59.01619843,0,0,0,1,7.875,-2.25,0.938,,-128.5,-30.875,-19.562,0.038,-0.013,0.052,-0.35,0.25,9.42,0.03,0.42,-0.3,-0.32,-0.14,9.8,1.9425,8.75,10,0,12,-1,,,,1,0
2024-11-29 18:25:15.990000+00:00,59.01619843,0,0,0,1,7.875,-2.25,0.938,,-128.5,-30.875,-19.562,0.038,-0.013,0.052,-0.35,0.25,9.42,0.03,0.42,-0.3,-0.28,-0.11,9.8,1.9425,8.75,10,0,12,-1,,,,1,0
2024-11-29 18:25:16.989000+00:00,59.01619843,0,0,0,1,7.875,-2.25,0.938,,-128.5,-30.875,-19.562,0.038,-0.013,0.052,-0.35,0.25,9.42,0.03,0.42,-0.3,-0.29,-0.12,9.8,1.9425,8.75,10,0,12,-1,,,,1,0
2024-11-29 18:25:18+00:00,59.01619843,0,0,0,1,7.875,-2.25,0.938,,-128.5,-30.875,-19.562,0.038,-0.013,0.052,-0.35,0.25,9.42,0.03,0.42,-0.3,-0.35,-0.18,9.79,1.9425,8.75,10,0,12,-1,,,,1,0
2024-11-29 18:25:19.008000+00:00,59.01619843,0,0,0,1,7.875,-2.25,0.938,,-128.5,-30.875,-19.562,0.038,-0.013,0.052,-0.35,0.25,9.42,0.03,0.42,-0.3,-0.33,-0.16,9.79,1.9425,8.75,10,0,12,-1,,,,1,0
2024-11-29 18:25:20.019000+00:00,59.01619843,0,0,0,1,7.875,-2.25,0.938,,-128.5,-30.875,-19.562,0.038,-0.013,0.052,-0.35,0.25,9.42,0.03,0.42,-0.3,-0.29,-0.11,9.8,1.9425,8.75,10,0,12,-1,,,,1,0
2024-11-29 18:25:21.019000+00:00,59.01619843,0,0,0,1,7.875,-2.25,0.938,,-128.5,-30.875,-19.562,0.038,-0.013,0.052,-0.35,0.25,9.42,0.03,0.42,-0.3,-0.3,-0.1,9.8,1.9425,8.75,10,0,12,-1,,,,1,0
2024-11-29 18:25:22.039000+00:00,59.01619843,0,0,0,1,7.875,-2.25,0.938,,-128.5,-30.875,-19.562,0.038,-0.013,0.052,-0.35,0.25,9.42,0.03,0.42,-0.3,-0.33,-0.11,9.8,1.9425,8.75,10,0,12,-1,,,,1,0
2024-11-29 18:25:23.048000+00:00,59.01619843,0,0,0,1,7.875,-2.25,0.938,,-128.5,-30.875,-19.562,0.038,-0.013,0.052,-0.35,0.25,9.42,0.03,0.42,-0.3,-0.28,-0.04,9.8,1.9425,8.75,10,0,12,-1,,,,1,0
2024-11-29 18:25:24.059000+00:00,59.01619843,0,0,0,1,7.875,-2.25,0.938,,-128.5,-30.875,-19.562,0.038,-0.013,0.052,-0.35,0.25,9.42,0.03,0.42,-0.3,-0.28,-0.06,9.8,1.9425,8.75,10,0,12,-1,,,,1,0
2024-11-29 18:25:25.061000+00:00,59.01619843,0,0,0,1,7.875,-2.25,0.938,,-128.5,-30.875,-19.562,0.038,-0.013,0.052,-0.35,0.25,9.42,0.03,0.42,-0.3,-0.33,-0.13,9.79,1.9425,8.75,10,0,12,-1,,,,1,0
2024-11-29 18:25:26.071000+00:00,59.01619843,0,0,0,1,7.875,-2.25,0.938,,-128.5,-30.875,-19.562,0.038,-0.013,0.052,-0.35,0.25,9.42,0.03,0.42,-0.3,-0.38,-0.19,9.79,1.9425,8.75,10,0,12,-1,,,,1,0
2024-11-29 18:25:27.079000+00:00,59.01619843,0,0,0,1,7.875,-2.25,0.938,,-128.5,-30.875,-19.562,0.038,-0.013,0.052,-0.35,0.25,9.42,0.03,0.42,-0.3,-0.35,-0.1,9.79,1.9425,8.75,10,0,12,-1,,,,1,0
2024-11-29 18:25:28.090000+00:00,59.01619843,0,0,0,1,7.875,-2.25,0.938,,-128.5,-30.875,-19.562,0.038,-0.013,0.052,-0.35,0.25,9.42,0.03,0.42,-0.3,-0.3,-0.06,9.8,1.9425,8.75,10,0,12,-1,,,,1,0
2024-11-29 18:25:29.101000+00:00,59.01619843,0,0,0,1,7.875,-2.25,0.938,,-128.5,-30.875,-19.562,0.038,-0.013,0.052,-0.35,0.25,9.42,0.03,0.42,-0.3,-0.33,-0.09,9.8,1.9425,8.75,10,0,12,-1,,,,1,0
2024-11-29 18:25:30.111000+00:00,59.01619843,0,0,0,1,7.875,-2.25,0.938,,-128.5,-30.875,-19.562,0.038,-0.013,0.052,-0.35,0.25,9.42,0.03,0.42,-0.3,-0.37,-0.16,9.79,1.9425,8.75,10,0,12,-1,,,,1,0
2024-11-29 18:25:31.121000+00:00,59.01619843,0,0,0,1,7.875,-2.25,0.938,,-128.5,-30.875,-19.562,0.038,-0.013,0.052,-0.35,0.25,9.42,0.03,0.42,-0.3,-0.31,-0.1,9.8,1.9425,8.75,10,0,12,-1,,,,1,0
2024-11-29 18:25:32.131000+00:00,59.01619843,0,0,0,1,7.875,-2.25,0.938,,-128.5,-30.875,-19.562,0.038,-0.013,0.052,-0.35,0.25,9.42,0.03,0.42,-0.3,-0.35,-0.12,9.79,1.9425,8.75,10,0,12,-1,,,,1,0
2024-11-29 18:25:33.131000+00:00,59.01619843,0,0,0,1,7.875,-2.25,0.938,,-128.5,-30.875,-19.562,0.038,-0.013,0.052,-0.35,0.25,9.42,0.03,0.42,-0.3,-0.32,-0.07,9.8,1.9425,8.75,10,0,12,-1,,,,1,0
2024-11-29 18:25:34.140000+00:00,59.01619843,0,0,0,1,7.875,-2.25,0.938,,-128.5,-30.875,-19.562,0.038,-0.013,0.052,-0.35,0.25,9.42,0.03,0.42,-0.3,-0.31,-0.06,9.8,1.9425,8.75,10,0,12,-1,,,,1,0
2024-11-29 18:25:35.151000+00:00,59.01619843,0,0,0,1,7.875,-2.25,0.938,,-128.5,-30.875,-19.562,0.038,-0.013,0.052,-0.35,0.25,9.42,0.03,0.42,-0.3,-0.36,-0.13,9.79,1.9425,8.75,10,0,12,-1,,,,1,0
2024-11-29 18:25:36.171000+00:00,59.01619843,0,0,0,1,7.875,-2.25,0.938,,-128.5,-30.875,-19.562,0.038,-0.013,0.052,-0.35,0.25,9.42,0.03,0.42,-0.3,-0.38,-0.14,9.79,1.9425,8.75,10,0,12,-1,,,,1,0
2024-11-29 18:25:37.168000+00:00,59.01619843,0,0,0,1,7.875,-2.25,0.938,,-128.5,-30.875,-19.562,0.038,-0.013,0.052,-0.35,0.25,9.42,0.03,0.42,-0.3,-0.35,-0.1,9.79,1.9425,8.75,10,0,12,-1,,,,1,0
2024-11-29 18:25:38.179000+00:00,59.01619843,0,0,0,1,7.875,-2.25,0.938,,-128.5,-30.875,-19.562,0.038,-0.013,0.052,-0.35,0.25,9.42,0.03,0.42,-0.3,-0.34,-0.07,9.8,1.9425,8.75,10,0,12,-1,,,,1,0
2024-11-29 18:25:39.191000+00:00,59.01619843,0,0,0,1,7.875,-2.25,0.938,,-128.5,-30.875,-19.562,0.038,-0.013,0.052,-0.35,0.25,9.42,0.03,0.42,-0.3,-0.4,-0.13,9.79,1.9425,8.75,10,0,12,-1,,,,1,0
2024-11-29 18:25:40.201000+00:00,59.01619843,0,0,0,1,7.875,-2.25,0.938,,-128.5,-30.875,-19.562,0.038,-0.013,0.052,-0.35,0.25,9.42,0.03,0.42,-0.3,-0.36,-0.1,9.79,1.9425,8.75,10,0,12,-1,,,,1,0
2024-11-29 18:25:41.211000+00:00,59.01619843,0,0,0,1,7.875,-2.25,0.938,,-128.5,-30.875,-19.562,0.038,-0.013,0.052,-0.35,0.25,9.42,0.03,0.42,-0.3,-0.35,-0.1,9.79,1.9425,8.75,10,0,12,-1,,,,1,0
2024-11-29 18:25:42.220000+00:00,59.01619843,0,0,0,1,7.875,-2.25,0.938,,-128.5,-30.875,-19.562,0.038,-0.013,0.052,-0.35,0.25,9.42,0.03,0.42,-0.3,-0.37,-0.15,9.79,1.9425,8.75,10,0,12,-1,,,,1,0
2024-11-29 18:25:43.228000+00:00,59.01619843,0,0,0,1,7.875,-2.25,0.938,,-128.5,-30.875,-19.562,0.038,-0.013,0.052,-0.35,0.25,9.42,0.03,0.42,-0.3,-0.38,-0.16,9.79,1.9425,8.75,10,0,12,-1,,,,1,0
2024-11-29 18:25:44.228000+00:00,59.01619843,0,0,0,1,7.875,-2.25,0.938,,-128.5,-30.875,-19.562,0.038,-0.013,0.052,-0.35,0.25,9.42,0.03,0.42,-0.3,-0.34,-0.08,9.8,1.9425,8.75,10,0,12,-1,,,,1,0
2024-11-29 18:25:14.556000+00:00,59.01619843,0,0,0,1,7.875,-2.25,0.938,,-128.5,-30.875,-19.562,0.038,-0.013,0.052,-0.35,0.25,9.42,0.03,0.42,-0.3,-0.34,-0.08,9.8,1.9425,8.75,10,0,12,-1,,,,1,0
2024-11-29 18:25:15.550000+00:00,59.01619843,0,0,0,1,7.875,-2.25,0.938,,-128.5,-30.875,-19.562,0.038,-0.013,0.052,-0.35,0.25,9.42,0.03,0.42,-0.3,-0.34,-0.08,9.8,1.93125,8.75,10,0,12,-1,,,,1,0
2024-11-29 18:25:16.561000+00:00,59.01619843,0,0,0,1,7.875,-2.25,0.938,,-128.5,-30.875,-19.562,0.038,-0.013,0.052,-0.35,0.25,9.42,0.03,0.42,-0.3,-0.34,-0.08,9.8,1.8925,8.75,10,0,12,-1,,,,1,0
2024-11-29 18:25:17.563000+00:00,59.01619843,0,0,0,1,7.875,-2.25,0.938,,-128.5,-30.875,-19.562,0.038,-0.013,0.052,-0.35,0.25,9.42,0.03,0.42,-0.3,-0.34,-0.08,9.8,1.95,8.75,10,0,12,-1,,,,1,0
2024-11-29 18:25:18.577000+00:00,59.01619843,0,0,0,1,7.875,-2.25,0.938,,-128.5,-30.875,-19.562,0.038,-0.013,0.052,-0.35,0.25,9.42,0.03,0.42,-0.3,-0.34,-0.08,9.8,1.95375,8.75,10,0,12,-1,,,,1,0
2024-11-29 18:25:19.571000+00:00,59.01619843,0,0,0,1,7.875,-2.25,0.938,,-128.5,-30.875,-19.562,0.038,-0.013,0.052,-0.35,0.25,9.42,0.03,0.42,-0.3,-0.34,-0.08,9.8,2.07125,8.75,10,0,12,-1,,,,1,0
